ALFABETA;PRINCIPIO ACTIVO;MARCA COMERCIAL;PRESENTACION;LABORATORIO;PVP PAMI AL 04/05/2026;COBERTURA;IMPORTE AFILIADO
42415;betahistina;BETASERC;16 mg comp.x 30;Abbott EPD;$ 40966.68;40%;$ 24580.01
42416;betahistina;BETASERC;24 mg comp.x 30;Abbott EPD;$ 56858.82;40%;$ 34115.29
48040;betahistina;BETASERC;8 mg comp.x 30;Abbott EPD;$ 36341.62;40%;$ 21804.97
21735;candesartán cilexetil;TIADYL;16 mg comp.x 30;Abbott EPD;$ 67091.43;60%;$ 26836.57
21733;candesartán cilexetil;TIADYL;8 mg comp.x 30;Abbott EPD;$ 44734.32;60%;$ 17893.73
29638;candesartán+hidroclorotiazida;TIADYL PLUS;16 mg comp.x 30;Abbott EPD;$ 60381.59;50%;$ 30190.8
10202;claritromicina;KLARICID;125 mg/5 ml jbe.x 60 ml;Abbott EPD;$ 1258.68;60%;$ 503.47
15947;claritromicina;KLARICID;500 mg comp.x 16;Abbott EPD;$ 37203.35;60%;$ 14881.34
30818;claritromicina;KLARICID;500 mg comp.x 8;Abbott EPD;$ 22540.16;60%;$ 9016.06
12610;claritromicina;KLARICID;IV iny.f.a.x 1;Abbott EPD;$ 1198.74;60%;$ 479.5
22622;claritromicina;KLARICID UD;comp.x 5;Abbott EPD;$ 13595.38;60%;$ 5438.15
18811;claritromicina;KLARICID UD;comp.x 8;Abbott EPD;$ 21751.09;60%;$ 8700.44
18812;claritromicina;KLARICID FORTE;jbe.x 60 ml;Abbott EPD;$ 5734.16;60%;$ 2293.66
50821;clofedianol+bromhexina;COFRON;Ad.jbe.x 180 ml;Abbott EPD;$ 575.14;50%;$ 287.57
50823;clofedianol+bromhexina;COFRON;Ped.jbe.x 180 ml;Abbott EPD;$ 882.93;50%;$ 441.47
50820;clofedianol+bromhexina;COFRON;ad.jbe.x 100 ml;Abbott EPD;$ 10625.4;50%;$ 5312.7
50822;clofedianol+bromhexina;COFRON;ped.jbe.x 100 ml;Abbott EPD;$ 10625.4;50%;$ 5312.7
21875;colagenasa+cloranfenicol+asoc.;IRUXOL;ung.x 15 g;Abbott EPD;$ 19553.83;60%;$ 7821.53
4640;colagenasa+cloranfenicol+asoc.;IRUXOL;ung.x 30 g;Abbott EPD;$ 38512.61;60%;$ 15405.04
21877;colagenasa+cloranfenicol+asoc.;IRUXOL;ung.x 50 g;Abbott EPD;$ 62429.65;60%;$ 24971.86
24710;enzimas digestivas;CREON 10000;cáps.x 100;Abbott EPD;$ 120031.95;50%;$ 60015.98
37388;enzimas digestivas;CREON 25000;cáps.x 100;Abbott EPD;$ 199098.29;50%;$ 99549.15
37387;enzimas digestivas;CREON 25000;cáps.x 50;Abbott EPD;$ 110485.71;50%;$ 55242.86
24709;enzimas digestivas;CREON 10000;cáps.x 50;Abbott EPD;$ 66370.02;50%;$ 33185.01
45275;fenofibrato;CONTROLIP;160 mg cáps.x 30;Abbott EPD;$ 45292.8;60%;$ 18117.12
49097;fluvoxamina;LUVOX;100 mg comp.ran.x 30;Abbott EPD;$ 47202.01;50%;$ 23601.01
49096;fluvoxamina;LUVOX;100 mg comp.rec.x 15;Abbott EPD;$ 489.56;50%;$ 244.78
19929;pinaverio,bromuro;DICETEL;100 mg comp.x 30;Abbott EPD;$ 32612.54;50%;$ 16306.27
19930;pinaverio,bromuro;DICETEL;100 mg comp.x 60;Abbott EPD;$ 63109.46;50%;$ 31554.73
4652;propafenona;NORMORYTMIN;150 mg comp.rec.x 20;Abbott EPD;$ 16989.4;60%;$ 6795.76
7781;propafenona;NORMORYTMIN;150 mg comp.rec.x 50;Abbott EPD;$ 36892.84;60%;$ 14757.14
4653;propafenona;NORMORYTMIN;300 mg comp.rec.x 20;Abbott EPD;$ 31887.91;60%;$ 12755.16
7783;propafenona;NORMORYTMIN;300 mg comp.rec.x 50;Abbott EPD;$ 68919.03;60%;$ 27567.61
8514;sodio,divalproato;VALCOTE;125 mg comp.x 50;Abbott EPD;$ 23863.74;80%;$ 4772.75
20089;sodio,divalproato;VALCOTE SPRINKLE;125 mg cáps.x 100;Abbott EPD;$ 69252.25;80%;$ 13850.45
20088;sodio,divalproato;VALCOTE SPRINKLE;125 mg cáps.x 50;Abbott EPD;$ 36163.34;80%;$ 7232.67
47171;sodio,divalproato;VALCOTE ER;250 mg comp.lib.cont.x50;Abbott EPD;$ 48325.83;80%;$ 9665.17
8518;sodio,divalproato;VALCOTE;250 mg comp.x 50;Abbott EPD;$ 40154.13;80%;$ 8030.83
29031;sodio,divalproato;VALCOTE ER;500 mg comp.lib.cont.x50;Abbott EPD;$ 85231.05;80%;$ 17046.21
8524;sodio,divalproato;VALCOTE;500 mg comp.x 50;Abbott EPD;$ 70812.67;80%;$ 14162.53
24301;sodio,divalproato;VALCOTE IV;iny.a.x 10 x 5 ml;Abbott EPD;$ 8485.24;80%;$ 1697.05
19;valproico,ác.;DEPAKENE;cáps.x 50;Abbott EPD;$ 23206.63;80%;$ 4641.33
21;valproico,ác.;DEPAKENE;jbe.x 120 ml;Abbott EPD;$ 12870.16;80%;$ 2574.03
4642;verapamilo;ISOPTINO RETARD;120 mg comp.rec.x 20;Abbott EPD;$ 23054.67;60%;$ 9221.87
2141;verapamilo;ISOPTINO MD;240 mg comp. rec.x 30;Abbott EPD;$ 53203.98;60%;$ 21281.59
20438;verapamilo;ISOPTINO;80 mg comp.rec.x 30;Abbott EPD;$ 15598.69;60%;$ 6239.48
46420;bimatoprost;LUMIGAN RC;0.01% fco.gotero x 3 ml;Abbvie;$ 44662.63;50%;$ 22331.32
28696;bimatoprost;LUMIGAN;0.03% sol.oft.x 3 ml;Abbvie;$ 39542.35;50%;$ 19771.18
39970;bimatoprost+timolol;GANFORT;sol.oft.x 3 ml;Abbvie;$ 43736.69;50%;$ 21868.35
52738;bimatoprost+timolol;GANFORT UD;sol.oft.x 30 ds.x 0.4 ml;Abbvie;$ 45247.67;50%;$ 22623.84
31189;brimonidina;ALPHAGAN P;sol.oft.x 5 ml;Abbvie;$ 35904.39;60%;$ 14361.76
19898;brimonidina;ALPHAGAN;sol.oft.x 5 ml;Abbvie;$ 30790.76;60%;$ 12316.3
37917;brimonidina+timolol;COMBIGAN;0.2%/0.5% gts.oft.x 5 ml;Abbvie;$ 39373.84;50%;$ 19686.92
56822;carboximetilcelulosa sód.+asoc.;REFRESH FUSION;sol.oft.x 10 ml;Abbvie;$ 26668.06;50%;$ 13334.03
51569;carboximetilcelulosa sód.+asoc.;OPTIVE ADVANCED;sol.oft.x 10 ml;Abbvie;$ 5084.83;50%;$ 2542.42
51599;carboximetilcelulosa sód.+asoc.;OPTIVE ADVANCED;sol.oft.x 15 ml;Abbvie;$ 5223.66;50%;$ 2611.83
37918;carboximetilcelulosa sódica;REFRESH TEARS;0.5% gts.x 10 ml;Abbvie;$ 18170.76;50%;$ 9085.38
23975;carboximetilcelulosa sódica;REFRESH TEARS;0.5% gts.x 15 ml;Abbvie;$ 25961.06;50%;$ 12980.53
32902;carboximetilcelulosa sódica;REFRESH LIQUIGEL;1% fco.gotero x 15 ml;Abbvie;$ 24779.55;50%;$ 12389.78
42509;ciclosporina;RESTASIS;viales x 30 unid.x 0.4ml;Abbvie;$ 53778.36;60%;$ 21511.34
41748;epinastina;RELESTAT;sol.oft.x 5 ml;Abbvie;$ 20563.71;50%;$ 10281.86
241;fluorometolona;F M L LIQUIFILM;susp.oft.x 10 ml;Abbvie;$ 13662.32;50%;$ 6831.16
242;fluorometolona+asoc.;F M L NEO LIQUIFILM;susp.oft.x 5 ml;Abbvie;$ 2199.19;50%;$ 1099.6
34168;gatifloxacina;ZYMARAN;0.3% sol.oft.x 5 ml;Abbvie;$ 34254.07;80%;$ 6850.81
47867;gatifloxacina;ZYMAXID;fco.gotero x 5 ml;Abbvie;$ 42046.49;80%;$ 8409.3
48712;gatifloxacina+prednisolona,acet.;ZYPRED;susp.oft.x 6 ml;Abbvie;$ 52448.13;50%;$ 26224.07
43004;glicerina+asoc.;OPTIVE;sol.oft.x 10 ml;Abbvie;$ 21077.3;50%;$ 10538.65
40574;glicerina+asoc.;OPTIVE;sol.oft.x 15 ml;Abbvie;$ 27696.13;50%;$ 13848.07
38945;ketorolac;ACULAR LS;sol.oft.x 5 ml;Abbvie;$ 21566.71;50%;$ 10783.36
15467;ketorolac;ACULAR;sol.oft.x 5 ml;Abbvie;$ 17975.12;50%;$ 8987.56
48009;ketorolac;ACUVAIL;viales unids.x 30 x0.4ml;Abbvie;$ 1118.2;50%;$ 559.1
19724;levobunolol;BETAGAN LIQUIFILM;0.50% sol.x 5 ml;Abbvie;$ 537.19;60%;$ 214.88
13697;ofloxacina;OFLOX;sol.oft.x 5 ml;Abbvie;$ 1674.46;60%;$ 669.78
246;prednisolona+fenilefrina;PREDNEFRIN 0.12%;susp.oft.x 10 ml;Abbvie;$ 2359.35;80%;$ 471.87
245;prednisolona+fenilefrina;PREDNEFRIN FORTE;susp.oft.x 10 ml;Abbvie;$ 36028.62;80%;$ 7205.72
26301;tobramicina;TOBRAGAN;0.3% gts.oft.x 5 ml;Abbvie;$ 468.44;60%;$ 187.38
11964;aceite de salmón;REGULIP;1 g cáps.x 60;Adium;$ 68072.95;40%;$ 40843.77
34244;aceite de salmón;REGULIP;1 g cáps.x 90;Adium;$ 99107.11;40%;$ 59464.27
58150;aripiprazol;ARIZIC;10 mg comp.rec.x 30;Adium;$ 30598.94;50%;$ 15299.47
58148;aripiprazol;ARIZIC;15 mg comp.rec.x 30;Adium;$ 44885.76;50%;$ 22442.88
58151;aripiprazol;ARIZIC;20 mg comp.rec.x 30;Adium;$ 54678.84;50%;$ 27339.42
58149;aripiprazol;ARIZIC;5 mg comp.rec.x 30;Adium;$ 27734.1;50%;$ 13867.05
22369;atorvastatín;LIPIFEN;10 mg comp.x 30;Adium;$ 39604.21;60%;$ 15841.68
22370;atorvastatín;LIPIFEN;20 mg comp.x 30;Adium;$ 65636.22;60%;$ 26254.49
50267;atorvastatín;LIPIFEN;40 mg comp.x 30;Adium;$ 76709.3;60%;$ 30683.72
40014;atorvastatín+ezetimibe;COLMIBE;10/10 mg comp.x 30;Adium;$ 43990.68;50%;$ 21995.34
40015;atorvastatín+ezetimibe;COLMIBE;20/10 mg comp.x 30;Adium;$ 61746.38;50%;$ 30873.19
50193;atorvastatín+ezetimibe;COLMIBE;40/10 mg comp.x 30;Adium;$ 76584.5;50%;$ 38292.25
61001;buprenorfina;BUPRIVA;10 mg parche x 1;Adium;$ 47954.63;50%;$ 23977.32
61002;buprenorfina;BUPRIVA;20 mg parche x 1;Adium;$ 58196.23;50%;$ 29098.12
61000;buprenorfina;BUPRIVA;5 mg parche x 1;Adium;$ 37013.31;50%;$ 18506.66
23483;bupropión;ODRANAL;150mg comp.lib.prol.x 30;Adium;$ 82622.77;40%;$ 49573.66
26876;bupropión;ODRANAL;150mg comp.lib.prol.x 60;Adium;$ 149708.48;40%;$ 89825.09
51689;ciclobenzaprina;MITRUL;15 mg cáps.x 10;Adium;$ 30311.47;50%;$ 15155.74
24913;clindamicina;TORGYN;100 mg ov.vag.x 7;Adium;$ 18380.52;60%;$ 7352.21
30481;clindamicina;TORGYN;100 mg óv.vag.x 3;Adium;$ 13508.85;60%;$ 5403.54
35664;clindamicina+ketoconazol;TORGYN DUO;cáps.blandas vag.x 7;Adium;$ 23614.51;50%;$ 11807.26
33881;clopidogrel;NABRATIN;75 mg comp.rec.x 30;Adium;$ 70122.96;50%;$ 35061.48
46775;condroitín,sulfato+glucosamina;ASOTREX;cáps.x 30;Adium;$ 76613.54;40%;$ 45968.12
46776;condroitín,sulfato+glucosamina;ASOTREX;cáps.x 60;Adium;$ 117162.56;40%;$ 70297.54
46779;condroitín,sulfato+glucosamina;ASOTREX;sob.x 30;Adium;$ 148967.74;40%;$ 89380.64
60620;dapagliflozina;FANTER;10 mg comp. x 30;Adium;$ 74009.39;100%;$ 0
47882;desvenlafaxina;FAPRIS;100mg comp.rec.lib.prx30;Adium;$ 64788.05;50%;$ 32394.03
47881;desvenlafaxina;FAPRIS;50mg comp.rec.lib.pr.x30;Adium;$ 35304.05;50%;$ 17652.03
50100;dexlansoprazol;APATRIX 60;cáps. x 30;Adium;$ 59690.8;40%;$ 35814.48
50098;dexlansoprazol;APATRIX 30;cáps. x 30;Adium;$ 41957.68;40%;$ 25174.61
22035;diclofenac potásico+paracetamol;PARACETAMOL FORTE RAFFO;comp.rec.x 15;Adium;$ 24671.44;40%;$ 14802.86
22036;diclofenac potásico+paracetamol;PARACETAMOL FORTE RAFFO;comp.rec.x 30;Adium;$ 52207.5;40%;$ 31324.5
52261;dutasteride+tamsulosina;REDUPROST DUO;cáps.duras x 30;Adium;$ 70079.12;50%;$ 35039.56
30743;estradiol;PROGYNOVA;2 mg comp.x 28;Adium;$ 14071.82;50%;$ 7035.91
53870;etoricoxib;XUMER;120 mg comp.rec.x 7;Adium;$ 18167.95;50%;$ 9083.98
61641;etoricoxib;XUMER CB;120 mg cáps. bl. x 7;Adium;$ 12911.11;50%;$ 6455.56
53866;etoricoxib;XUMER;60 mg comp.rec.x 14;Adium;$ 18520.73;50%;$ 9260.37
53867;etoricoxib;XUMER;60 mg comp.rec.x 28;Adium;$ 37522.15;50%;$ 18761.08
61637;etoricoxib;XUMER CB;60 mg cáps. bl. x 14;Adium;$ 16947.18;50%;$ 8473.59
61638;etoricoxib;XUMER CB;60 mg cáps. bl. x 28;Adium;$ 33944.15;50%;$ 16972.08
53868;etoricoxib;XUMER;90 mg comp.rec.x 14;Adium;$ 30720.28;50%;$ 15360.14
53869;etoricoxib;XUMER;90 mg comp.rec.x 28;Adium;$ 46481.88;50%;$ 23240.94
61639;etoricoxib;XUMER CB;90 mg cáps. bl. x 14;Adium;$ 24300.66;50%;$ 12150.33
61640;etoricoxib;XUMER CB;90 mg cáps. bl. x 28;Adium;$ 42121.85;50%;$ 21060.93
37344;ezetimibe+simvastatin;REDUSTEROL DUO;10/10 mg comp.x 30;Adium;$ 27370.37;50%;$ 13685.19
37345;ezetimibe+simvastatin;REDUSTEROL DUO;10/20 mg comp.x 30;Adium;$ 27370.37;50%;$ 13685.19
37346;ezetimibe+simvastatin;REDUSTEROL DUO;10/40 mg comp.x 30;Adium;$ 43945.07;50%;$ 21972.54
10665;fluconazol;MUTUM;100 mg comp.x 15;Adium;$ 102293.31;50%;$ 51146.66
16364;fluconazol;MUTUM;150 mg comp.x 1;Adium;$ 9374.91;50%;$ 4687.46
16365;fluconazol;MUTUM;150 mg comp.x 2;Adium;$ 18343.05;50%;$ 9171.53
23526;fluconazol;MUTUM;150 mg comp.x 4;Adium;$ 32347.97;50%;$ 16173.99
43799;fluconazol;MUTUM;150 mg comp.x 8;Adium;$ 56278.84;50%;$ 28139.42
11746;fluconazol;MUTUM;200 mg comp.x 10;Adium;$ 115305.06;50%;$ 57652.53
11963;fluconazol;MUTUM;200 mg comp.x 30;Adium;$ 294152.79;50%;$ 147076.4
32631;gabapentin;ULTRANEURAL;100 mg comp.x 30;Adium;$ 19810.48;60%;$ 7924.19
32630;gabapentin;ULTRANEURAL;300 mg comp.x 30;Adium;$ 35917.71;60%;$ 14367.08
34457;gabapentin;ULTRANEURAL;300 mg comp.x 60;Adium;$ 64167.52;60%;$ 25667.01
32633;gabapentin;ULTRANEURAL;600 mg comp.x 30;Adium;$ 45232.91;60%;$ 18093.16
11671;glibenclamida;GARDOTON;comp.x 30;Adium;$ 5190.9;100%;$ 0
11672;glibenclamida;GARDOTON;comp.x 60;Adium;$ 10296.17;100%;$ 0
56914;glucosamina;ASOTREX GL;sob.x 15;Adium;$ 20090.28;40%;$ 12054.17
56916;glucosamina;ASOTREX GL;sob.x 30;Adium;$ 56162.01;40%;$ 33697.21
38252;ibandrónico,ác.;IDENA;150 mg comp.rec.x 1;Adium;$ 43400.85;50%;$ 21700.43
40004;ibandrónico,ác.;IDENA;150 mg comp.rec.x 2;Adium;$ 69565.14;50%;$ 34782.57
43911;ins.lispro+ins.lispro protamina;INSULINA HUMALOG MIX 25 KWIKPEN;lap.aplic.desc.x 5 x 3ml;Adium;$ 233054.52;100%;$ 0
59724;insaponificables;CLEDIUM;cáps. x 30;Adium;$ 40859.98;40%;$ 24515.99
55810;insulina glargina;INSULINA BASAGLAR KWIKPEN;100U/ml iny.prell.x5x3ml;Adium;$ 230891.64;100%;$ 0
43910;insulina lispro;INSULINA HUMALOG KWIKPEN;lap.aplic.desc.x 5 x 3ml;Adium;$ 233054.52;100%;$ 0
8268;isoxsuprina;DUVADILAN;10 mg comp.x 20;Adium;$ 24978.82;50%;$ 12489.41
46447;lacosamida;LACOTEM;100 mg comp.rec.x 30;Adium;$ 109752.03;50%;$ 54876.02
47376;lacosamida;LACOTEM;150 mg comp.rec.x 30;Adium;$ 148384.67;50%;$ 74192.34
47377;lacosamida;LACOTEM;200 mg comp.rec.x 30;Adium;$ 197845.62;50%;$ 98922.81
46446;lacosamida;LACOTEM;50 mg comp.rec.x 30;Adium;$ 51730.75;50%;$ 25865.38
48499;levetiracetam;LEVAXON;1000 mg comp.x 30;Adium;$ 161617.19;50%;$ 80808.6
48497;levetiracetam;LEVAXON;500 mg comp.x 20;Adium;$ 54943.59;50%;$ 27471.8
48498;levetiracetam;LEVAXON;500 mg comp.x 60;Adium;$ 154221.65;50%;$ 77110.83
42077;levofloxacina;UNIFLOX;500 mg comp.rec.ran.x 14;Adium;$ 30123.03;60%;$ 12049.21
33882;levofloxacina;UNIFLOX;500 mg comp.rec.ran.x 7;Adium;$ 18917.31;60%;$ 7566.92
38087;levofloxacina;UNIFLOX 750;750 mg comp.rec.x 5;Adium;$ 21708.58;60%;$ 8683.43
8262;levonorgestrel+estradiol;CICLOCUR;blist.grag.x 21;Adium;$ 15816.39;50%;$ 7908.2
8288;levonorgestrel+etinilestradiol;MICROGYNON;blist.grag.x 21;Adium;$ 8473.06;50%;$ 4236.53
8317;levonorgestrel+etinilestradiol;TRIQUILAR;blist.grag.x 21;Adium;$ 9179.18;50%;$ 4589.59
13698;levonorgestrel+etinilestradiol;MICROVLAR;grag.x 21;Adium;$ 5966.83;50%;$ 2983.42
18517;meloxicam;FLEXIDOL;15 mg comp.ran.x 10;Adium;$ 13266.32;40%;$ 7959.79
20354;meloxicam;FLEXIDOL;15 mg comp.ran.x 20;Adium;$ 26057.93;40%;$ 15634.76
18518;meloxicam;FLEXIDOL;15 mg comp.ran.x 30;Adium;$ 37871.63;40%;$ 22722.98
53871;meloxicam;FLEXIDOL CB;15 mg cáps.blandas x 10;Adium;$ 14222.61;40%;$ 8533.57
53872;meloxicam;FLEXIDOL CB;15 mg cáps.blandas x 20;Adium;$ 27822.07;40%;$ 16693.24
38085;meloxicam+pridinol;FLEXIDOL RELAX;comp.ran.x 10;Adium;$ 14927.61;40%;$ 8956.57
38086;meloxicam+pridinol;FLEXIDOL RELAX;comp.ran.x 20;Adium;$ 29280.39;40%;$ 17568.23
29028;mirtazapina;COMENTER;30 mg comp.x 30;Adium;$ 44202.82;50%;$ 22101.41
45009;nebivolol;NABILA;10 mg comp.x 28;Adium;$ 38782.44;50%;$ 19391.22
45008;nebivolol;NABILA;2.5 mg comp.x 28;Adium;$ 9380.51;50%;$ 4690.26
42275;nebivolol;NABILA;5 mg comp.x 28;Adium;$ 19974.51;50%;$ 9987.26
59378;nebivolol+hidroclorotiazida;NABILA D;5/12.5 mg comp.rec.x 28;Adium;$ 23465.73;50%;$ 11732.87
17442;nimodipina;NIVAS;30 mg comp.rec.x 30;Adium;$ 13070.07;50%;$ 6535.04
17443;nimodipina;NIVAS;30 mg comp.rec.x 60;Adium;$ 21737.86;50%;$ 10868.93
12529;nimodipina;NIVAS FORTE;60 mg comp.rec.x 30;Adium;$ 21326.51;50%;$ 10663.26
12530;nimodipina;NIVAS FORTE;60 mg comp.rec.x 60;Adium;$ 35667.17;50%;$ 17833.59
21021;nimodipina+citicolina;NIVAS PLUS;comp.rec.x 30;Adium;$ 27596.37;50%;$ 13798.19
21022;nimodipina+citicolina;NIVAS PLUS;comp.rec.x 60;Adium;$ 49074.95;50%;$ 24537.48
51317;noretisterona;PRIMOLUT NOR;10 mg blíst.comp.x 20;Adium;$ 30515.05;50%;$ 15257.53
8305;noretisterona+etinilestradiol;PRIMOSISTON;comp.x 30;Adium;$ 12015.85;50%;$ 6007.93
11665;oxibutinina;DELAK;comp.x 20;Adium;$ 13442.12;50%;$ 6721.06
23094;oxibutinina;DELAK;comp.x 30;Adium;$ 18790.45;50%;$ 9395.23
23095;oxibutinina;DELAK;comp.x 60;Adium;$ 36111.1;50%;$ 18055.55
9360;pancreatina+dimetilpolisiloxano;PANKREOFLAT AD;comp.rec.x 50;Adium;$ 22373.13;50%;$ 11186.57
23256;pantoprazol;PANTOP;IV iny.x 1;Adium;$ 794.82;40%;$ 476.89
31760;paracetamol;PARACETAMOL RAFFO 1 G;comp.ran.x 10;Adium;$ 7580.56;40%;$ 4548.34
49154;pregabalina;PREBICTAL;100 mg cáps.x 28;Adium;$ 63301.35;50%;$ 31650.68
44478;pregabalina;PREBICTAL;150 mg cáps.x 28;Adium;$ 67429.12;50%;$ 33714.56
51662;pregabalina;PREBICTAL;25 mg cáps.x 28;Adium;$ 15072.68;50%;$ 7536.34
49153;pregabalina;PREBICTAL;50 mg cáps.x 28;Adium;$ 36177.17;50%;$ 18088.59
61409;pregabalina;PREBICTAL 75 MULTIDOSIS;75 mg comp. birran. x 15;Adium;$ 19541.69;50%;$ 9770.85
61410;pregabalina;PREBICTAL 75 MULTIDOSIS;75 mg comp. birran. x 30;Adium;$ 40358.57;50%;$ 20179.29
44477;pregabalina;PREBICTAL;75 mg cáps.x 28;Adium;$ 42672.9;50%;$ 21336.45
37351;quetiapina;QUETIAZIC;100 mg comp.x 30;Adium;$ 97642.33;50%;$ 48821.17
45449;quetiapina;QUETIAZIC;100 mg comp.x 60;Adium;$ 154230.97;50%;$ 77115.49
37352;quetiapina;QUETIAZIC;200 mg comp.x 30;Adium;$ 125419.14;50%;$ 62709.57
45452;quetiapina;QUETIAZIC;200 mg comp.x 60;Adium;$ 202956.35;50%;$ 101478.18
48928;quetiapina;QUETIAZIC XR;200mg comp.acc.prol.x 30;Adium;$ 125888.02;50%;$ 62944.01
37804;quetiapina;QUETIAZIC;25 mg comp.x 30;Adium;$ 59648.56;50%;$ 29824.28
45448;quetiapina;QUETIAZIC;25 mg comp.x 60;Adium;$ 92903.46;50%;$ 46451.73
46321;quetiapina;QUETIAZIC;300 mg comp.x 30;Adium;$ 143204.73;50%;$ 71602.37
48929;quetiapina;QUETIAZIC XR;300mg comp.acc.prol.x 30;Adium;$ 170891.88;50%;$ 85445.94
48930;quetiapina;QUETIAZIC XR;400mg comp.acc.prol.x 30;Adium;$ 256951.43;50%;$ 128475.72
48927;quetiapina;QUETIAZIC XR;50 mg comp.acc.prol.x 30;Adium;$ 122142.75;50%;$ 61071.38
36613;risperidona;DOZIC;0.5 mg comp.ran.x 20;Adium;$ 8459.66;50%;$ 4229.83
30965;risperidona;DOZIC;1 mg comp.ran.x 20;Adium;$ 13969.87;50%;$ 6984.94
32777;risperidona;DOZIC;1 mg comp.ran.x 60;Adium;$ 29917.95;50%;$ 14958.98
30966;risperidona;DOZIC;2 mg comp.ran.x 20;Adium;$ 27715.52;50%;$ 13857.76
32778;risperidona;DOZIC;2 mg comp.ran.x 60;Adium;$ 77823.05;50%;$ 38911.53
30967;risperidona;DOZIC;3 mg comp.ran.x 20;Adium;$ 36226.21;50%;$ 18113.11
32779;risperidona;DOZIC;3 mg comp.ran.x 60;Adium;$ 107078.41;50%;$ 53539.21
57784;rivaroxabán;XAROBAN;10 mg x 10 comp.rec.;Adium;$ 53651.47;50%;$ 26825.74
57785;rivaroxabán;XAROBAN;10 mg x 30 comp.rec.;Adium;$ 108285.2;50%;$ 54142.6
57780;rivaroxabán;XAROBAN;15 mg x 15 comp.rec.;Adium;$ 58547.44;50%;$ 29273.72
57781;rivaroxabán;XAROBAN;15 mg x 30 comp.rec.;Adium;$ 107706.51;50%;$ 53853.26
57778;rivaroxabán;XAROBAN;2.5 mg x 30 comp.rec.;Adium;$ 62335.01;50%;$ 31167.51
57779;rivaroxabán;XAROBAN;2.5 mg x 60 comp.rec;Adium;$ 118468.64;50%;$ 59234.32
57782;rivaroxabán;XAROBAN;20 mg x 15 comp.rec.;Adium;$ 58943.18;50%;$ 29471.59
57783;rivaroxabán;XAROBAN;20 mg x 30 comp.rec.;Adium;$ 112734.98;50%;$ 56367.49
56218;rivastigmina;REMIZERAL PARCHES;13.3 mg parches x 30;Adium;$ 102232.28;50%;$ 51116.14
56216;rivastigmina;REMIZERAL PARCHES;4.6 mg parches x 30;Adium;$ 93979.78;50%;$ 46989.89
56217;rivastigmina;REMIZERAL PARCHES;9.5 mg parches x 30;Adium;$ 93979.78;50%;$ 46989.89
59530;sacubitrilo+valsartán;DUPERTAN;100 mg comp.rec.x 30;Adium;$ 97915.55;50%;$ 48957.78
59531;sacubitrilo+valsartán;DUPERTAN;100 mg comp.rec.x 60;Adium;$ 191613.35;50%;$ 95806.68
59532;sacubitrilo+valsartán;DUPERTAN;200 mg comp.rec.x 60;Adium;$ 207064.55;50%;$ 103532.28
59529;sacubitrilo+valsartán;DUPERTAN;50 mg comp.rec.x 30;Adium;$ 92627.27;50%;$ 46313.64
41636;sertralina;ATENIX;100 mg comp.ran.x 30;Adium;$ 51166.45;50%;$ 25583.23
26875;sertralina;ATENIX;25 mg comp.ran.x 30;Adium;$ 11316.43;50%;$ 5658.22
19916;sertralina;ATENIX;50 mg comp.ran.x 30;Adium;$ 31050.43;50%;$ 15525.22
20681;sertralina;ATENIX;50 mg comp.ran.x 60;Adium;$ 50983.18;50%;$ 25491.59
13164;simvastatin;REDUSTEROL;10 mg comp.x 30;Adium;$ 27532.21;60%;$ 11012.88
14602;simvastatin;REDUSTEROL;20 mg comp.x 30;Adium;$ 34885.87;60%;$ 13954.35
15214;simvastatin;REDUSTEROL;40 mg comp.x 30;Adium;$ 31468.64;60%;$ 12587.46
22374;tamsulosina;REDUPROST;0.4 mg cáps.x 30;Adium;$ 45353.91;50%;$ 22676.96
43795;tamsulosina;REDUPROST;0.4 mg cáps.x 60;Adium;$ 75328.68;50%;$ 37664.34
59607;terbinafina;LIKANA;250 mg comp.x 14;Adium;$ 18136.75;50%;$ 9068.38
59608;terbinafina;LIKANA;250 mg comp.x 28;Adium;$ 40848.54;50%;$ 20424.27
32776;topiramato;TOPICTAL;100 mg comp.rec.x 28;Adium;$ 57218.48;80%;$ 11443.7
41288;topiramato;TOPICTAL;100 mg comp.rec.x 56;Adium;$ 108866.17;80%;$ 21773.23
32774;topiramato;TOPICTAL;25 mg comp.rec.x 28;Adium;$ 19260.38;80%;$ 3852.08
41286;topiramato;TOPICTAL;25 mg comp.rec.x 56;Adium;$ 34659.31;80%;$ 6931.86
32775;topiramato;TOPICTAL;50 mg comp.rec.x 28;Adium;$ 36979.1;80%;$ 7395.82
41287;topiramato;TOPICTAL;50 mg comp.rec.x 56;Adium;$ 71224.3;80%;$ 14244.86
57555;tramadol;ULTRAGESIC GOTAS;100 mg/ml gtas. x 10 ml;Adium;$ 20382.18;50%;$ 10191.09
57556;tramadol;ULTRAGESIC GOTAS;100 mg/ml gtas. x 20 ml;Adium;$ 32457.08;50%;$ 16228.54
57552;tramadol;ULTRAGESIC CB;50 mg cáps.bl. x 10;Adium;$ 9487.06;50%;$ 4743.53
57553;tramadol;ULTRAGESIC CB;50 mg cáps.bl. x 20;Adium;$ 18974.21;50%;$ 9487.11
57554;tramadol;ULTRAGESIC CB;50 mg cáps.bl. x 30;Adium;$ 26631.23;50%;$ 13315.62
52310;tramadol+paracetamol;ULTRAGESIC PLUS;37.5/325 mg comp.x 10;Adium;$ 14414.05;40%;$ 8648.43
52311;tramadol+paracetamol;ULTRAGESIC PLUS;37.5/325 mg comp.x 20;Adium;$ 30393.39;40%;$ 18236.03
52312;tramadol+paracetamol;ULTRAGESIC PLUS;37.5/325 mg comp.x 30;Adium;$ 38401.06;40%;$ 23040.64
35905;valsartán;ALPERTAN;160 mg comp.rec.x 14;Adium;$ 17824.2;60%;$ 7129.68
35906;valsartán;ALPERTAN;160 mg comp.rec.x 28;Adium;$ 39195.93;60%;$ 15678.37
50246;valsartán;ALPERTAN;320 mg comp.rec.x 28;Adium;$ 41691.36;60%;$ 16676.54
35903;valsartán;ALPERTAN;80 mg comp.rec.x 14;Adium;$ 14919.19;60%;$ 5967.68
35904;valsartán;ALPERTAN;80 mg comp.rec.x 28;Adium;$ 30356.76;60%;$ 12142.7
46312;valsartán+amlodipina;NOSTER;10/160 mg comp.x 28;Adium;$ 46208.52;50%;$ 23104.26
46311;valsartán+amlodipina;NOSTER;5/160 mg comp.x 28;Adium;$ 44998.56;50%;$ 22499.28
51771;valsartán+amlodipina;NOSTER;5/320 mg comp.x 28;Adium;$ 54953.19;50%;$ 27476.6
49125;valsartán+hidrocloroti.+amlodip.;NOSTER D;160/12.5/10 mg comp.x 28;Adium;$ 58299.01;50%;$ 29149.51
49124;valsartán+hidrocloroti.+amlodip.;NOSTER D;160/12.5/5 mg comp.x 28;Adium;$ 58299.01;50%;$ 29149.51
51770;valsartán+hidrocloroti.+amlodip.;NOSTER D;320/25/10 mg comp.x 28;Adium;$ 64973.05;50%;$ 32486.53
43288;valsartán+hidroclorotiazida;ALPERTAN D;160/12.5 mg comp.rec.x28;Adium;$ 32314.35;50%;$ 16157.18
53344;valsartán+hidroclorotiazida;ALPERTAN D;320/12.5 mg comp.rec.x28;Adium;$ 42822.27;50%;$ 21411.14
53345;valsartán+hidroclorotiazida;ALPERTAN D;320/25 mg comp.rec.x28;Adium;$ 43601.13;50%;$ 21800.57
43287;valsartán+hidroclorotiazida;ALPERTAN D;80/12.5 mg comp.rec.x 28;Adium;$ 28985.5;50%;$ 14492.75
56706;vildagliptin;VILZER;50 mg comp.x 30;Adium;$ 41075.44;100%;$ 0
56707;vildagliptin;VILZER;50 mg comp.x 60;Adium;$ 78359.77;100%;$ 0
56712;vildagliptin+metformina;VILZERMET;50/1000 mg comp.x 30;Adium;$ 55621.76;100%;$ 0
56713;vildagliptin+metformina;VILZERMET;50/1000 mg comp.x 60;Adium;$ 103005.26;100%;$ 0
56708;vildagliptin+metformina;VILZERMET;50/500 mg comp.x 30;Adium;$ 47932.21;100%;$ 0
56709;vildagliptin+metformina;VILZERMET;50/500 mg comp.x 60;Adium;$ 89288.72;100%;$ 0
56710;vildagliptin+metformina;VILZERMET;50/850 mg comp.x 30;Adium;$ 46519.18;100%;$ 0
56711;vildagliptin+metformina;VILZERMET;50/850 mg comp.x 60;Adium;$ 90316.93;100%;$ 0
53169;vit.d3;DEBLAX;cáps.bl.x 1;Adium;$ 14807.64;40%;$ 8884.58
53170;vit.d3;DEBLAX;cáps.bl.x 2;Adium;$ 21187.09;40%;$ 12712.25
13179;vit.e;ETEC 1000;cáps.blandas x 30;Adium;$ 52827.27;40%;$ 31696.36
15385;vit.e;ETEC 1000;cáps.blandas x 60;Adium;$ 79689.52;40%;$ 47813.71
163;atropina,sulfato;ALCON ATROPINA 1%;1% sol.oft.x 5 ml;Alcon;$ 14039.55;50%;$ 7019.78
174;nafazolina+feniramina;MIRUS;sol.oft.x 15 ml;Alcon;$ 12400.18;50%;$ 6200.09
35520;polietilenglicol+propilenglicol;SYSTANE;drop tainer fco.x 15 ml;Alcon;$ 28336.43;50%;$ 14168.22
47668;polietilenglicol+propilenglicol;SYSTANE GEL EN GOTAS;gel oft.en gotas x 10 ml;Alcon;$ 29119.6;50%;$ 14559.8
44216;polietilenglicol+propilenglicol;SYSTANE ULTRA;sol.oft.estéril x 10 ml;Alcon;$ 28336.43;50%;$ 14168.22
61265;polietilenglicol+propilenglicol+;SYSTANE HIDRATACION SP;sol.oft.estéril x 10 ml;Alcon;$ 28336.44;50%;$ 14168.22
140;proparacaína;ANESTALCON;fco.x 15 ml;Alcon;$ 13278.48;50%;$ 6639.24
46655;propilenglicol;SYSTANE BALANCE;sol.oft.estéril x 10 ml;Alcon;$ 29119.6;50%;$ 14559.8
56594;propilenglicol;SYSTANE COMPLETE;sol.oft.x 10 ml;Alcon;$ 28336.44;50%;$ 14168.22
62972;propilenglicol;SYSTANE COMPLETE SP;sol.oft.x 10 ml;Alcon;$ 28336.44;50%;$ 14168.22
138;tropicamida;ALCON MYDRIL;1% sol.oft.x 5 ml;Alcon;$ 14219.27;50%;$ 7109.64
46381;adapaleno;SINAC;0.3% gel x 30 g;Andr¿maco;$ 36191.51;50%;$ 18095.76
299;betametasona+gentamic.+miconazol;MACRIL;cr.x 20 g;Andr¿maco;$ 22536.66;40%;$ 13522
39726;betametasona+salicílico,ác.;BETASALIC;loc.x 40 ml;Andr¿maco;$ 22923.72;40%;$ 13754.23
33250;betametasona+salicílico,ác.;BETASALIC;ung.x 15 g;Andr¿maco;$ 19183.16;40%;$ 11509.9
17036;butamirato,citrato;TALASA NF;jbe.x 120 ml;Andr¿maco;$ 17073.25;50%;$ 8536.63
23212;clobetasol;SALAC;cr.x 20 g;Andr¿maco;$ 24135.41;40%;$ 14481.25
50120;clobetasol;SALAC;cr.x 30 g;Andr¿maco;$ 33882.45;40%;$ 20329.47
23213;clobetasol;SALAC;loc.x 40 ml;Andr¿maco;$ 35702.68;40%;$ 21421.61
43829;clobetasol;SALAC;shamp.x 140 ml;Andr¿maco;$ 52522.75;40%;$ 31513.65
23211;clobetasol;SALAC;ung.x 20 g;Andr¿maco;$ 21341.8;40%;$ 12805.08
48143;fluconazol;FLUPEC;150 mg comp.x 2;Andr¿maco;$ 18540.46;50%;$ 9270.23
48144;fluconazol;FLUPEC;150 mg comp.x 4;Andr¿maco;$ 33044.25;50%;$ 16522.13
48145;fluconazol;FLUPEC;150 mg comp.x 8;Andr¿maco;$ 56660.49;50%;$ 28330.25
42663;fusídico,ác.;ACIFUSIN;cr.x 15 g;Andr¿maco;$ 16568.45;60%;$ 6627.38
42665;fusídico,ác.+betametasona;ACIFUSIN B;cr.x 15 g;Andr¿maco;$ 30294.01;40%;$ 18176.41
38925;hidrocortisona;DEMACORT;cr.x 15 g;Andr¿maco;$ 11038.56;50%;$ 5519.28
50965;hidrocortisona+asoc.;HIPOGLOS CON HIDROCORTISONA;pda.x 15 g;Andr¿maco;$ 8326.82;50%;$ 4163.41
5657;ketoconazol;FITONAL;comp.x 20;Andr¿maco;$ 15839.71;40%;$ 9503.83
5718;ketoconazol;FITONAL;cr.x 30 g;Andr¿maco;$ 17450.74;40%;$ 10470.44
36791;levocetirizina;LEVOMINE;5 mg comp.x 10;Andr¿maco;$ 10226.65;50%;$ 5113.33
44841;levocetirizina;LEVOMINE;5 mg comp.x 30;Andr¿maco;$ 26047.49;50%;$ 13023.75
12137;mebendazol;MEBUTAR 200;comp.x 6;Andr¿maco;$ 13193.64;50%;$ 6596.82
12138;mebendazol;MEBUTAR 200;susp.x 30 ml;Andr¿maco;$ 14940.94;50%;$ 7470.47
302;mebendazol+tinidazol;MEBUTAR COMPUESTO;comp.rec.x 6;Andr¿maco;$ 12417.87;50%;$ 6208.94
32780;mebendazol+tinidazol;MEBUTAR COMPUESTO;pvo.susp.oral x 18 g;Andr¿maco;$ 14101.63;50%;$ 7050.82
19976;miconazol;DERALBINE;cr.x 40 g;Andr¿maco;$ 17856.24;40%;$ 10713.74
19978;miconazol;DERALBINE;loc.x 40 ml;Andr¿maco;$ 19304.15;40%;$ 11582.49
26902;miconazol;DERALBINE;pvo.en spray x 90 g;Andr¿maco;$ 32998.85;40%;$ 19799.31
19977;miconazol;DERALBINE;pvo.x 40 g;Andr¿maco;$ 20442.21;40%;$ 12265.33
304;naproxeno;NAPRUX;250 mg comp.x 20;Andr¿maco;$ 17604.02;40%;$ 10562.41
22867;naproxeno;NAPRUX;250 mg comp.x 50;Andr¿maco;$ 37934.94;40%;$ 22760.96
636;naproxeno;NAPRUX;500 mg comp.x 20;Andr¿maco;$ 35553.22;40%;$ 21331.93
38821;naproxeno;NAPRUX;500 mg comp.x 50;Andr¿maco;$ 76951.43;40%;$ 46170.86
41754;naproxeno;NAPRUX RAPID;550 mg comp.rec.ran.x 10;Andr¿maco;$ 18083.18;40%;$ 10849.91
41755;naproxeno;NAPRUX RAPID;550 mg comp.rec.ran.x 20;Andr¿maco;$ 35713.58;40%;$ 21428.15
40274;naproxeno+carisoprodol;NAPRUX DISTEN;comp.x 10;Andr¿maco;$ 12801.95;50%;$ 6400.98
40275;naproxeno+carisoprodol;NAPRUX DISTEN;comp.x 30;Andr¿maco;$ 37033.55;50%;$ 18516.78
49541;salicílico,ác.+asoc.;ACNOXIN;loc.x 140 ml;Andr¿maco;$ 20976.21;50%;$ 10488.11
49916;salicílico,ác.+asoc.;ACNOXIN;spray x 140 ml;Andr¿maco;$ 25592.79;50%;$ 12796.4
42664;sodio,fusidato;ACIFUSIN;ung.x 15 g;Andr¿maco;$ 13972.5;60%;$ 5589
15129;tretinoína+asoc.;HIDROSAM T;0.025% env.x 20 g;Andr¿maco;$ 32859.25;50%;$ 16429.63
15130;tretinoína+asoc.;HIDROSAM T;0.050% env.x 20 g;Andr¿maco;$ 34584.85;50%;$ 17292.43
24660;tretinoína+asoc.;HIDROSAM T;0.100% env.x 20 g;Andr¿maco;$ 38896.69;50%;$ 19448.35
4758;vit.a+bencetonio,cl.+asoc.;HIPOGLOS;pda.x 100 g;Andr¿maco;$ 34369.39;40%;$ 20621.63
9422;vit.a+bencetonio,cl.+asoc.;HIPOGLOS;pda.x 50 g;Andr¿maco;$ 17604.92;40%;$ 10562.95
10207;zinc,undecilenato+asoc.;HIPOGLOS CICATRIZANTE;pvo.x 40 g;Andr¿maco;$ 16894.06;50%;$ 8447.03
30358;alendronato;SILIDRAL 70;70 mg comp.x 4;Ariston;$ 15929.66;60%;$ 6371.86
28144;alendronato;MARVIL;70 mg comp.x 4;Ariston;$ 25518.68;60%;$ 10207.47
46153;allopurinol;ALLOPURINOL HOUDE;300 mg comp.x 30;Ariston;$ 8840.17;60%;$ 3536.07
32127;allopurinol+colchicina;ARTREX RETARD;cáps.x 20;Ariston;$ 16837.3;60%;$ 6734.92
16203;allopurinol+colchicina;ARTREX RETARD;cáps.x 40;Ariston;$ 23063.56;60%;$ 9225.42
8587;arginina;LACORENE;fco.x 200 ml c/dosif.;Ariston;$ 24145.02;50%;$ 12072.51
55753;aripiprazol;ARISDAR;10 mg comp.x 30;Ariston;$ 27097.18;50%;$ 13548.59
54680;aripiprazol;ARISDAR;15 mg comp.x 30;Ariston;$ 40251;50%;$ 20125.5
54679;aripiprazol;ARISDAR;5 mg comp.x 30;Ariston;$ 24930.57;50%;$ 12465.29
54681;baclofeno;BACLOX;10 mg comp.x 60;Ariston;$ 25763.84;50%;$ 12881.92
60101;baclofeno;BACLOX;25 mg comp.x 30;Ariston;$ 32204.52;50%;$ 16102.26
11798;butetamato;HELIPHENICOL;susp.x 120 ml;Ariston;$ 9501.55;50%;$ 4750.78
48768;butimerina+asoc.;BUTIMERIN;pvo.x 20 g;Ariston;$ 15757.54;50%;$ 7878.77
20563;calcio,acetato;ROYEN;500 mg cáps.x 120;Ariston;$ 337435;40%;$ 202461
18981;calcio,carbonato;CALCIONAL;naranja comp.x 60;Ariston;$ 18947.18;60%;$ 7578.87
35071;calcio,citrato;CALCIONAL CITRATO;500 mg nja.comp.mast.x30;Ariston;$ 10201.64;60%;$ 4080.66
35072;calcio,citrato;CALCIONAL CITRATO;500 mg nja.comp.mast.x60;Ariston;$ 18794.54;60%;$ 7517.82
33558;calcio,citrato+vit.d3;CALCIONAL D3;comp.x 30;Ariston;$ 10713.05;40%;$ 6427.83
53739;calcio,citrato+vit.d3;CALCIONAL D3 400;comp.x 30;Ariston;$ 12456.09;40%;$ 7473.65
33557;calcio,citrato+vit.d3;CALCIONAL D3;comp.x 60;Ariston;$ 19243.06;40%;$ 11545.84
53740;calcio,citrato+vit.d3;CALCIONAL D3 400;comp.x 60;Ariston;$ 22430.61;40%;$ 13458.37
18622;castaño de indias+asoc.;CASTAÑA DE INDIA S.C.;comp.rec.x 30;Ariston;$ 19744.14;50%;$ 9872.07
8576;castaño de indias+asoc.;CASTAÑA DE INDIA S.C.;sol.x 30 ml;Ariston;$ 13121.33;50%;$ 6560.67
27676;ciprofloxacina;FLORAXINA;gts.oft.x 5 ml;Ariston;$ 7199.86;60%;$ 2879.94
56798;clomipramina;CLOMISAL DIVIDOSIS;comp.ran.divids.x 20;Ariston;$ 21561.04;50%;$ 10780.52
56799;clomipramina;CLOMISAL DIVIDOSIS;comp.ran.divids.x 30;Ariston;$ 32341.68;50%;$ 16170.84
8577;colchicina;COLCHICINA HOUDE;comp.x 20;Ariston;$ 15374.73;60%;$ 6149.89
24160;colchicina;COLCHICINA HOUDE;comp.x 60;Ariston;$ 40256.66;60%;$ 16102.66
43897;condroitín,sulfato+glucosamina;OSTATAC DUO;sob.x 30;Ariston;$ 85278.77;40%;$ 51167.26
33509;dexametasona;DEXATOTAL;4 mg comp.ran.x 10;Ariston;$ 7679.3;50%;$ 3839.65
33510;dexametasona;DEXATOTAL;4 mg comp.ran.x 20;Ariston;$ 14601.43;50%;$ 7300.72
33511;dexametasona;DEXATOTAL;8 mg comp.ran.x 10;Ariston;$ 16209.15;50%;$ 8104.58
48347;dexametasona;DEXATOTAL;8 mg comp.ran.x 20;Ariston;$ 28785.82;50%;$ 14392.91
33512;dexametasona;DEXATOTAL;8 mg comp.ran.x 30;Ariston;$ 38439.89;50%;$ 19219.95
24423;dexametasona+neomicina+asoc.;NEOSONA 5;gts.oft.x 10 ml;Ariston;$ 6498.86;50%;$ 3249.43
24424;dexametasona+neomicina+asoc.;NEOSONA 100;gts.oft.x 10 ml;Ariston;$ 9350.78;50%;$ 4675.39
59412;dexlansoprazol;ARIGASTRIL 60;cáps.x 15;Ariston;$ 27584.42;40%;$ 16550.65
59410;dexlansoprazol;ARIGASTRIL 30;cáps.x 15;Ariston;$ 20254.71;40%;$ 12152.83
59413;dexlansoprazol;ARIGASTRIL 60;cáps.x 30;Ariston;$ 51302.9;40%;$ 30781.74
59411;dexlansoprazol;ARIGASTRIL 30;cáps.x 30;Ariston;$ 35918.04;40%;$ 21550.82
25982;diclofenac sódico;NATURA FENAC;gts.oft.x 5 ml;Ariston;$ 11121.7;40%;$ 6673.02
51320;duloxetina;DUERIX;30mg cáps.lib.mod.x 14;Ariston;$ 26891.96;50%;$ 13445.98
51321;duloxetina;DUERIX;60mg cáps.lib.mod.x28;Ariston;$ 53807.53;50%;$ 26903.77
588;escina+asoc.;VENOSTASIN;gel x 50 g;Ariston;$ 20766.06;50%;$ 10383.03
43823;escitalopram;EX3;10 mg comp.x 30;Ariston;$ 33177.41;50%;$ 16588.71
43825;escitalopram;EX3;20 mg comp.x 30;Ariston;$ 60513.73;50%;$ 30256.87
46249;febuxostat;FEBUXTAT;80 mg comp.ran.x 30;Ariston;$ 70988.22;50%;$ 35494.11
11796;fenilefrina+asoc.;ALZATEN DISGRELENT;grag.x 20;Ariston;$ 13374.11;50%;$ 6687.06
530;fenilefrina+asoc.;ALZATEN;gts.x 20 ml;Ariston;$ 12967.88;50%;$ 6483.94
8573;fenobarbital;ALEPSAL;comp.x 20;Ariston;$ 8900.28;80%;$ 1780.06
12624;fenobarbital;ALEPSAL;comp.x 60;Ariston;$ 21974.62;80%;$ 4394.92
37375;finasteride;Q-PROST;5 mg comp.x 30;Ariston;$ 27321.28;50%;$ 13660.64
48603;gabapentin;ARAPENTIN;100 mg cáps.x 30;Ariston;$ 17127.21;60%;$ 6850.88
48604;gabapentin;ARAPENTIN;300 mg cáps.x 30;Ariston;$ 30729.99;60%;$ 12292
48606;gabapentin;ARAPENTIN;600 mg comp.x 30;Ariston;$ 37211.22;60%;$ 14884.49
27220;glucosamina;OSTATAC;1500 mg sob.x 20;Ariston;$ 28045.91;40%;$ 16827.55
38531;hialuronato sódico+asoc.;IURONICO BIOTIC;cr.x 30 g;Ariston;$ 27123.9;50%;$ 13561.95
36685;hialurónico,ác.;IURONICODERM;cr.x 30 g;Ariston;$ 22671.9;50%;$ 11335.95
43311;hialurónico,ác.;IURONICODERM;cr.x 90 g;Ariston;$ 51363.88;50%;$ 25681.94
28379;hidralazina;HYDRAPRES;50 mg comp.x 30;Ariston;$ 66333.52;50%;$ 33166.76
24428;hidroxipropilmetilcelulosa;NATURA LAGRIMAS;gts.oft.x 15 ml;Ariston;$ 10949.11;50%;$ 5474.56
32364;hierro+vit.b12+fólico,ác.;TENVIC;comp.rec.x 20;Ariston;$ 6019.22;50%;$ 3009.61
43146;hierro+vit.b12+fólico,ác.;TENVIC;comp.rec.x 30;Ariston;$ 21904.37;50%;$ 10952.19
42335;ibandrónico,ác.;ADROMUX;150 mg comp.x 1;Ariston;$ 35043.95;50%;$ 17521.98
42907;ibandrónico,ác.;SILIDRAL UNO;150 mg comp.x 1;Ariston;$ 29833.05;50%;$ 14916.53
48620;ibandrónico,ác.;ADROMUX;150 mg comp.x 3;Ariston;$ 81329.76;50%;$ 40664.88
55755;lacosamida;LACOMAX;100 mg comp.x 30;Ariston;$ 93767.05;50%;$ 46883.53
55756;lacosamida;LACOMAX;200 mg comp.x 30;Ariston;$ 169029.73;50%;$ 84514.87
55754;lacosamida;LACOMAX;50 mg comp.x 30;Ariston;$ 44196.17;50%;$ 22098.09
38303;leflunomida;LEFLUNOMIDA SC;20 mg comp.rec.x 30;Ariston;$ 39540.24;50%;$ 19770.12
38738;litio,carbonato;CEGLUTION XR;comp.x 30;Ariston;$ 14516.87;50%;$ 7258.44
38739;litio,carbonato;CEGLUTION XR;comp.x 60;Ariston;$ 27065.98;50%;$ 13532.99
31104;litio,carbonato;CEGLUTION 300;tab.x 20;Ariston;$ 8524.51;50%;$ 4262.26
544;litio,carbonato;CEGLUTION 300;tab.x 50;Ariston;$ 20592.45;50%;$ 10296.23
41350;litio,carbonato;CEGLUTION 300;tab.x 90;Ariston;$ 32394.2;50%;$ 16197.1
43517;memantine;TONIBRAL;10 mg comp.rec.ran.x 30;Ariston;$ 36704.88;50%;$ 18352.44
51921;memantine;TONIBRAL XR;14 mg cáps.x 30;Ariston;$ 33486.28;50%;$ 16743.14
49536;memantine;TONIBRAL 20;20 mg comp.rec.ran.x 30;Ariston;$ 50292.69;50%;$ 25146.35
51923;memantine;TONIBRAL XR;28 mg cáps.x 30;Ariston;$ 45518.29;50%;$ 22759.15
44805;mesalazina;5XR 500;500 mg comp.x 100;Ariston;$ 126775.5;50%;$ 63387.75
44804;mesalazina;5XR 500;500 mg comp.x 50;Ariston;$ 74617.44;50%;$ 37308.72
41465;mirtazapina;TETRAZIC;30 mg comp.x 30;Ariston;$ 38644.3;50%;$ 19322.15
52079;modafinilo;VISPER;200 mg comp.x 15;Ariston;$ 29759.69;50%;$ 14879.85
52080;modafinilo;VISPER;200 mg comp.x 30;Ariston;$ 56461.63;50%;$ 28230.82
48608;naltrexona;NALCOTREX;50 mg comp.x 30;Ariston;$ 182401.45;50%;$ 91200.73
45108;otilonio,bromuro;BROMOTIL;40 mg comp.x 20;Ariston;$ 13453.47;50%;$ 6726.74
45109;otilonio,bromuro;BROMOTIL;40 mg comp.x 60;Ariston;$ 28427.96;50%;$ 14213.98
50973;paroxetina;OPTIPAR;20 mg comp.rec.x 30;Ariston;$ 31252.71;50%;$ 15626.36
52612;pregabalina;PREBIEN 150 DIVIDOSIS;150 mg comp.birran.x 30;Ariston;$ 43700.51;50%;$ 21850.26
47646;pregabalina;PREBIEN;150 mg cáps.x 28;Ariston;$ 51153.64;50%;$ 25576.82
49127;pregabalina;PREBIEN 75 DIVIDOSIS;75 mg comp.birran.x 30;Ariston;$ 36727.25;50%;$ 18363.63
47645;pregabalina;PREBIEN;75 mg cáps.x 28;Ariston;$ 31301.77;50%;$ 15650.89
49996;rifaximina;RIFAXTRIL;200 mg comp.x 20;Ariston;$ 17386.17;50%;$ 8693.09
49997;rifaximina;RIFAXTRIL;200 mg comp.x 40;Ariston;$ 35753.91;50%;$ 17876.96
54988;rifaximina;RIFAXTRIL;550 mg comp.x 10;Ariston;$ 26627.95;50%;$ 13313.98
54989;rifaximina;RIFAXTRIL;550 mg comp.x 30;Ariston;$ 68655.21;50%;$ 34327.61
54990;rifaximina;RIFAXTRIL;550 mg comp.x 60;Ariston;$ 111899.64;50%;$ 55949.82
43134;tamsulosina;UROPROST-Q;0.4 mg cáps.x 30;Ariston;$ 36398.94;50%;$ 18199.47
43135;tamsulosina;UROPROST-Q;0.4 mg cáps.x 60;Ariston;$ 59665.52;50%;$ 29832.76
50972;tióctico,ác.;AT 600;600 mg comp.rec.x 30;Ariston;$ 747.93;50%;$ 373.97
49136;tramadol;ANA-Q;50 mg comp.x 30;Ariston;$ 21707.38;50%;$ 10853.69
48495;trifluoperazina;CUAIT TRIFLUOPERAZINA;10 mg comp.x 30;Ariston;$ 20947.03;50%;$ 10473.52
48044;troxerrutina+escina;TUBARINE 1000;comp.x 30;Ariston;$ 29954.42;50%;$ 14977.21
38306;troxerrutina+escina;TUBARINE GEL;pomo x 50 g;Ariston;$ 16183.38;50%;$ 8091.69
44801;ursodesoxicólico,ác.;AUDECOL;150 mg comp.x 20;Ariston;$ 16305.91;50%;$ 8152.96
37330;ursodesoxicólico,ác.;URSOMAX;300 mg comp.rec.x 30;Ariston;$ 50396.07;50%;$ 25198.04
39373;ursodesoxicólico,ác.;URSOMAX;300 mg comp.rec.x 60;Ariston;$ 86073.68;50%;$ 43036.84
48496;ursodesoxicólico,ác.;AUDECOL;300 mg comp.x 20;Ariston;$ 34303.25;50%;$ 17151.63
44803;ursodesoxicólico,ác.;AUDECOL;300 mg comp.x 50;Ariston;$ 70377.43;50%;$ 35188.72
43142;venlafaxina;QUILAREX XR;150 mg comp.x 28;Ariston;$ 35536.81;50%;$ 17768.41
43140;venlafaxina;QUILAREX XR;75 mg comp.x 28;Ariston;$ 26717.26;50%;$ 13358.63
35693;venlafaxina;QUILAREX;75 mg comp.x 30;Ariston;$ 19605.18;50%;$ 9802.59
8579;vit.c+citroflavonoide+asoc.;EPITELIOL C;comp.x 20;Ariston;$ 17208.31;40%;$ 10324.99
13129;vit.c+citroflavonoide+asoc.;EPITELIOL C;comp.x 40;Ariston;$ 32964.29;40%;$ 19778.57
39585;vit.d3;STEROGYL;f.a.beb.x 2 ml;Ariston;$ 11248.72;40%;$ 6749.23
44326;vit.d3;STEROGYL 400;sol.oral x 10 ml;Ariston;$ 13694.18;40%;$ 8216.51
48793;vit.d3;STEROGYL 1000;sol.oral x 4 ml;Ariston;$ 10900.76;40%;$ 6540.46
20633;warfarina;CIRCUVIT;2 mg comp.x 20;Ariston;$ 9116.78;80%;$ 1823.36
38256;warfarina;CIRCUVIT;2 mg comp.x 50;Ariston;$ 20637.46;80%;$ 4127.49
20634;warfarina;CIRCUVIT;5 mg comp.x 20;Ariston;$ 10462.23;80%;$ 2092.45
38257;warfarina;CIRCUVIT;5 mg comp.x 50;Ariston;$ 22079.52;80%;$ 4415.9
26734;zolpidem;SUMENAN;10 mg comp.x 30;Ariston;$ 14532.82;50%;$ 7266.41
9136;atracurio,besilato;TRACRIUM;50 mg iny.a.x 1 x 5 ml;Aspen Argentina;$ 1547.02;50%;$ 773.51
608;nadroparina cálcica;FRAXIPARINE;jga.prell.x 10 - 0.3 ml;Aspen Argentina;$ 10731.63;60%;$ 4292.65
15062;nadroparina cálcica;FRAXIPARINE;jga.prell.x 10 - 0.4 ml;Aspen Argentina;$ 20161.28;60%;$ 8064.51
1339;nadroparina cálcica;FRAXIPARINE;jga.prell.x 10 - 0.6 ml;Aspen Argentina;$ 28848.34;60%;$ 11539.34
14924;nadroparina cálcica;FRAXIPARINE;jga.prell.x 10 - 0.8 ml;Aspen Argentina;$ 35625.04;60%;$ 14250.02
2296;alprazolam;XANAX;0.50 mg comp.x 30;Aspen Pharma;$ 4519.88;50%;$ 2259.94
2297;alprazolam;XANAX;0.50 mg comp.x 60;Aspen Pharma;$ 9179.18;50%;$ 4589.59
9744;alprazolam;XANAX;1 mg comp.x 30;Aspen Pharma;$ 6964.77;50%;$ 3482.39
2299;alprazolam;XANAX;1 mg comp.x 60;Aspen Pharma;$ 13844.35;50%;$ 6922.18
50582;amlodipina;AMLOC ODT;10 mg comp.x 30;Aspen Pharma;$ 16686.08;60%;$ 6674.43
5169;amlodipina;AMLOC;10 mg tab.x 20;Aspen Pharma;$ 22875.25;60%;$ 9150.1
11205;amlodipina;AMLOC;10 mg tab.x 30;Aspen Pharma;$ 40083.85;60%;$ 16033.54
37933;amlodipina;AMLOC;10 mg tab.x 60;Aspen Pharma;$ 68476.6;60%;$ 27390.64
50581;amlodipina;AMLOC ODT;5 mg comp.x 30;Aspen Pharma;$ 8567.93;60%;$ 3427.17
5168;amlodipina;AMLOC;5 mg tab.x 20;Aspen Pharma;$ 6561.14;60%;$ 2624.46
11204;amlodipina;AMLOC;5 mg tab.x 30;Aspen Pharma;$ 22098.77;60%;$ 8839.51
37932;amlodipina;AMLOC;5 mg tab.x 60;Aspen Pharma;$ 38541.61;60%;$ 15416.64
20505;atorvastatín;LIPITOR;10 mg comp.x 30;Aspen Pharma;$ 41905;60%;$ 16762
28136;atorvastatín;LIPITOR;10 mg comp.x 60;Aspen Pharma;$ 70459.75;60%;$ 28183.9
20506;atorvastatín;LIPITOR;20 mg comp.x 30;Aspen Pharma;$ 69502.78;60%;$ 27801.11
28137;atorvastatín;LIPITOR;20 mg comp.x 60;Aspen Pharma;$ 123008.72;60%;$ 49203.49
29111;atorvastatín;LIPITOR;40 mg comp.x 30;Aspen Pharma;$ 80125.14;60%;$ 32050.06
51549;atorvastatín;LIPITOR;80 mg comp.x 30;Aspen Pharma;$ 99563.85;60%;$ 39825.54
23356;celecoxib;CELEBREX;200 mg cáps.x 20;Aspen Pharma;$ 29784.69;50%;$ 14892.35
35926;doxazosina;CARDURA;2 mg tab.x 30;Aspen Pharma;$ 45465.87;50%;$ 22732.94
35927;doxazosina;CARDURA;4 mg tab.x 30;Aspen Pharma;$ 52198.56;50%;$ 26099.28
47287;eplerenona;INSPRA 25 MG;comp.x 30;Aspen Pharma;$ 27415.77;50%;$ 13707.89
47288;eplerenona;INSPRA 50 MG;comp.x 30;Aspen Pharma;$ 40103.43;50%;$ 20051.72
6193;estriol;ORGESTRIOL;cr.vag.x 15 g c/aplic.;Aspen Pharma;$ 12621.87;50%;$ 6310.94
8412;estriol;ORGESTRIOL;óv.x 10;Aspen Pharma;$ 12924.02;50%;$ 6462.01
49971;gabapentin;NEURONTIN;100 mg cáps.x 90;Aspen Pharma;$ 64451.9;60%;$ 25780.76
30093;gabapentin;NEURONTIN;300 mg cáps.x 30;Aspen Pharma;$ 42101.06;60%;$ 16840.42
16551;gabapentin;NEURONTIN;300 mg cáps.x 60;Aspen Pharma;$ 79815.49;60%;$ 31926.2
16552;gabapentin;NEURONTIN;400 mg cáps.x 60;Aspen Pharma;$ 99517.28;60%;$ 39806.91
27618;gabapentin;NEURONTIN;600 mg comp.rec.x 30;Aspen Pharma;$ 57816.92;60%;$ 23126.77
19634;latanoprost;XALATAN;gts.oft.x 2.5 ml;Aspen Pharma;$ 26167.78;60%;$ 10467.11
29235;latanoprost+timolol;XALACOM;gts.oft.x 2.5 ml;Aspen Pharma;$ 26983.65;50%;$ 13491.83
5360;metildopa;ALDOMET;250 mg comp.rec.x 30;Aspen Pharma;$ 8518.75;60%;$ 3407.5
5362;metildopa;ALDOMET;500 mg comp.rec.x 30;Aspen Pharma;$ 11954.02;60%;$ 4781.61
6181;nandrolona;DECA-DURABOLIN;50 mg iny.a.x 1 x 1 ml;Aspen Pharma;$ 19333.5;50%;$ 9666.75
50362;pregabalina;LYRICA;150 mg cáps.x 30;Aspen Pharma;$ 71369.38;50%;$ 35684.69
50356;pregabalina;LYRICA;25 mg cáps.x 30;Aspen Pharma;$ 16520.6;50%;$ 8260.3
50357;pregabalina;LYRICA;25 mg cáps.x 60;Aspen Pharma;$ 30731.53;50%;$ 15365.77
50363;pregabalina;LYRICA;300 mg cáps.x 30;Aspen Pharma;$ 86695.31;50%;$ 43347.66
50358;pregabalina;LYRICA;50 mg cáps.x 30;Aspen Pharma;$ 35648.68;50%;$ 17824.34
50359;pregabalina;LYRICA;75 mg cáps.x 15;Aspen Pharma;$ 23376.82;50%;$ 11688.41
50360;pregabalina;LYRICA;75 mg cáps.x 30;Aspen Pharma;$ 44839.7;50%;$ 22419.85
50361;pregabalina;LYRICA;75 mg cáps.x 60;Aspen Pharma;$ 82648.25;50%;$ 41324.13
23226;sertralina;ZOLOFT;100 mg tab.x 30;Aspen Pharma;$ 57964.59;50%;$ 28982.3
17683;sertralina;ZOLOFT;50 mg tab.ran.x 30;Aspen Pharma;$ 33307.84;50%;$ 16653.92
53210;sildenafil;VIAGRA;50 mg comp.x 10;Aspen Pharma;$ 31437.92;50%;$ 15718.96
35195;sildenafil;VIAGRA;50 mg comp.x 2;Aspen Pharma;$ 6288.08;50%;$ 3144.04
53211;sildenafil;VIAGRA;50 mg comp.x 20;Aspen Pharma;$ 61243.69;50%;$ 30621.85
24823;tirofiban;AGRASTAT;0.25 mg/ml vial x 50 ml;Aspen Pharma;$ 493874.63;50%;$ 246937.32
22292;tolterodina;DETRUSITOL;2 mg comp.x 28;Aspen Pharma;$ 20612.86;50%;$ 10306.43
22293;tolterodina;DETRUSITOL;2 mg comp.x 56;Aspen Pharma;$ 42407.01;50%;$ 21203.51
23544;venlafaxina;EFEXOR XR;150 mg cáps.lib.prol.x28;Aspen Pharma;$ 40187.22;50%;$ 20093.61
28651;venlafaxina;EFEXOR XR;37.5 mg cáps.lib.prol.x7;Aspen Pharma;$ 7271.14;50%;$ 3635.57
28650;venlafaxina;EFEXOR XR;75 mg cáps.lib.prol.x 14;Aspen Pharma;$ 14550.49;50%;$ 7275.25
23543;venlafaxina;EFEXOR XR;75 mg cáps.lib.prol.x 28;Aspen Pharma;$ 29944.68;50%;$ 14972.34
28509;ziprasidona;ZELDOX;20 mg cáps.x 30;Aspen Pharma;$ 48490.42;50%;$ 24245.21
28510;ziprasidona;ZELDOX;40 mg cáps.x 30;Aspen Pharma;$ 48474.6;50%;$ 24237.3
28511;ziprasidona;ZELDOX;60 mg cáps.x 30;Aspen Pharma;$ 56247.95;50%;$ 28123.98
28512;ziprasidona;ZELDOX;80 mg cáps.x 30;Aspen Pharma;$ 70908.6;50%;$ 35454.3
12202;atenolol;PRENORMINE;50 mg comp.x 56;AstraZeneca;$ 609.2;80%;$ 121.84
4398;atenolol+clortalidona;PRENORETIC;100 mg comp.x 28;AstraZeneca;$ 455.38;60%;$ 182.15
12200;atenolol+clortalidona;PRENORETIC;100 mg comp.x 56;AstraZeneca;$ 956.34;60%;$ 382.54
12201;atenolol+clortalidona;PRENORETIC;50 mg comp.x 56;AstraZeneca;$ 922.4;60%;$ 368.96
63846;budesonida+glicopirronio+formote;BREZTRI AEROSPHERE;aer.x 120 ds.+val.dos.;AstraZeneca;$ 128469.57;50%;$ 64234.79
14482;budesonide;SPIROCORT TURBUHALER;100 mcg env.x 200 dosis;AstraZeneca;$ 521.69;80%;$ 104.34
14483;budesonide;SPIROCORT TURBUHALER;200 mcg env.x 200 dosis;AstraZeneca;$ 29001.59;80%;$ 5800.32
14484;budesonide;SPIROCORT TURBUHALER;400 mcg env.x 200 dosis;AstraZeneca;$ 7831.09;80%;$ 1566.22
28199;budesonide+formoterol;SYMBICORT TURBUHALER;160/4.5 mcg dosis x 120;AstraZeneca;$ 104835.49;60%;$ 41934.2
28198;budesonide+formoterol;SYMBICORT TURBUHALER;160/4.5 mcg dosis x 60;AstraZeneca;$ 6662.97;60%;$ 2665.19
43180;budesonide+formoterol;FREVIA;160/4.5 mcg x 120 dosis;AstraZeneca;$ 102851.23;60%;$ 41140.49
32247;budesonide+formoterol;SYMBICORT-FORTE TURBUHALER;320/9 mcg dosis x 60;AstraZeneca;$ 104558.3;60%;$ 41823.32
31463;budesonide+formoterol;SYMBICORT-M TURBUHALER;80/4.5 mcg dosis x 120;AstraZeneca;$ 65238.87;60%;$ 26095.55
43179;budesonide+formoterol;FREVIA;80/4.5 mcg x 120 dosis;AstraZeneca;$ 81431.27;60%;$ 32572.51
45021;candesartán cilexetil+felodipina;ATACAND DUO;16mg/2.5mg comp.x 60;AstraZeneca;$ 63092.2;50%;$ 31546.1
45022;candesartán cilexetil+felodipina;ATACAND DUO;16mg/5mg comp.x 60;AstraZeneca;$ 63092.2;50%;$ 31546.1
45019;candesartán cilexetil+felodipina;ATACAND DUO;8mg/2.5mg comp.x 60;AstraZeneca;$ 1232.94;50%;$ 616.47
45020;candesartán cilexetil+felodipina;ATACAND DUO;8mg/5mg comp.x 60;AstraZeneca;$ 798.82;50%;$ 399.41
27161;candesartán+hidroclorotiazida;ATACAND D;16 mg comp.divis.x 15;AstraZeneca;$ 1081.29;50%;$ 540.65
49832;dapagliflozina;FORXIGA;10 mg comp.x 28;AstraZeneca;$ 93438.08;100%;$ 0
45669;escitalopram;ZENVAS 10;10 mg comp.rec.x 30;AstraZeneca;$ 1631.49;50%;$ 815.75
45670;escitalopram;ZENVAS 20;20 mg comp.rec.x 30;AstraZeneca;$ 3070.28;50%;$ 1535.14
45426;esomeprazol;NEXIUM;10 mg sobres x 28;AstraZeneca;$ 83982.76;40%;$ 50389.66
55481;felodipina;PLENDIL;10 mg comp.lib.prol.x 28;AstraZeneca;$ 37401.48;60%;$ 14960.59
55482;felodipina;PLENDIL;5 mg comp.lib.prol.x 28;AstraZeneca;$ 25204.98;60%;$ 10081.99
20365;formoterol;OXIS TURBUHALER;9 mcg env.x 60 dosis;AstraZeneca;$ 630.91;80%;$ 126.18
30227;lisado bacteriano;LUIVAC;comp.x 14;AstraZeneca;$ 947.24;40%;$ 568.34
23361;lisado bacteriano;LUIVAC;comp.x 28;AstraZeneca;$ 1718.44;40%;$ 1031.06
3249;lisinopril;ZESTRIL;10 mg comp.x 60;AstraZeneca;$ 442.06;60%;$ 176.82
12222;lisinopril;ZESTRIL;20 mg comp.x 60;AstraZeneca;$ 642.34;60%;$ 256.94
55480;metoprolol;BELOZOK;100mg comp.lib.prol.x 28;AstraZeneca;$ 21594.65;60%;$ 8637.86
55478;metoprolol;BELOZOK;25 mg comp.lib.prol.x 28;AstraZeneca;$ 14578.71;60%;$ 5831.48
55479;metoprolol;BELOZOK;50 mg comp.lib.prol.x 28;AstraZeneca;$ 17333.31;60%;$ 6933.32
47956;naproxeno+esomeprazol;VIMOVO;comp.lib.modif.x 30;AstraZeneca;$ 1315.87;40%;$ 789.52
45269;quetiapina;ETIASEL;100 mg comp.x 30;AstraZeneca;$ 132203.54;50%;$ 66101.77
47955;quetiapina;ETIASEL XR;150 mg comp.x 30;AstraZeneca;$ 140095.73;50%;$ 70047.87
42667;quetiapina;ETIASEL XR;200 mg comp.x 30;AstraZeneca;$ 187035.29;50%;$ 93517.65
45270;quetiapina;ETIASEL;200 mg comp.x 30;AstraZeneca;$ 172795.3;50%;$ 86397.65
45268;quetiapina;ETIASEL;25 mg comp.x 30;AstraZeneca;$ 82132.79;50%;$ 41066.4
45271;quetiapina;ETIASEL;300 mg comp.x 30;AstraZeneca;$ 208803.13;50%;$ 104401.57
42668;quetiapina;ETIASEL XR;300 mg comp.x 30;AstraZeneca;$ 249389.94;50%;$ 124694.97
42669;quetiapina;ETIASEL XR;400 mg comp.x 30;AstraZeneca;$ 374060.77;50%;$ 187030.39
42666;quetiapina;ETIASEL XR;50 mg comp.x 30;AstraZeneca;$ 170835.44;50%;$ 85417.72
46877;roflumilast;DAXAS;500 mcg comp.x 30;AstraZeneca;$ 31565.53;50%;$ 15782.77
37951;rosuvastatina;CRESTOR;10 mg comp.x 14;AstraZeneca;$ 715.54;60%;$ 286.22
33100;rosuvastatina;CRESTOR;10 mg comp.x 28;AstraZeneca;$ 38317.84;60%;$ 15327.14
47116;rosuvastatina;CRESTOR;10 mg comp.x 56;AstraZeneca;$ 72502.26;60%;$ 29000.9
33101;rosuvastatina;CRESTOR;20 mg comp.x 28;AstraZeneca;$ 69019.11;60%;$ 27607.64
47117;rosuvastatina;CRESTOR;20 mg comp.x 56;AstraZeneca;$ 137493.01;60%;$ 54997.2
33102;rosuvastatina;CRESTOR;40 mg comp.x 28;AstraZeneca;$ 103582.43;60%;$ 41432.97
37018;rosuvastatina;CRESTOR;5 mg comp.x 28;AstraZeneca;$ 32395.03;60%;$ 12958.01
44948;saxagliptina;ONGLYZA;2.5 mg comp.x 28;AstraZeneca;$ 92255.63;50%;$ 46127.82
44949;saxagliptina;ONGLYZA;5 mg comp.x 28;AstraZeneca;$ 98709.62;50%;$ 49354.81
47940;saxagliptina+metformina clorh.;KOMBIGLYZE XR;2.5/1000mg comp.rec.x 56;AstraZeneca;$ 144331.42;50%;$ 72165.71
47941;saxagliptina+metformina clorh.;KOMBIGLYZE XR;5/1000mg comp.rec.x 28;AstraZeneca;$ 130538.35;50%;$ 65269.18
47784;ticagrelor;BRILINTA;90 mg comp.x 30;AstraZeneca;$ 2909.58;50%;$ 1454.79
47785;ticagrelor;BRILINTA;90 mg comp.x 60;AstraZeneca;$ 192661.8;50%;$ 96330.9
24014;zolmitriptán;ZOMIGON;2.5 mg comp.x 2;AstraZeneca;$ 807.95;50%;$ 403.98
36597;azitromicina;AZITROX;200 mg/5 ml susp.x 15 ml;Austral;$ 9558.71;60%;$ 3823.48
36595;azitromicina;AZITROX;500 mg comp.x 3;Austral;$ 9940.73;60%;$ 3976.29
39722;azitromicina;AZITROX;500 mg comp.x 6;Austral;$ 13767.01;60%;$ 5506.8
40668;betametasona+gentamic.+miconazol;ADENIL;cr.x 20 g;Austral;$ 11230;40%;$ 6738
21510;diclofenac dietilamina;BANOCLUS GEL;pomo x 50 g;Austral;$ 7960;40%;$ 4776
40243;diclofenac sódico;DICLOLAM;75 mg comp.x 15;Austral;$ 9660;40%;$ 5796
33946;finasteride;PROSTANIL;5 mg comp.rec.x 30;Austral;$ 23075.86;50%;$ 11537.93
18972;miconazol;MICOTRAL;2% cr.x 30 g;Austral;$ 8180;40%;$ 4908
16927;praziquantel;PRAZITRAL;600 mg comp.x 4;Austral;$ 10156.15;50%;$ 5078.08
45742;rifampicina;RIFALEP;300 mg cáps.x 8;Austral;$ 9394.14;60%;$ 3757.66
46201;salbutamol;AEROLEP;aer.inh.c/adap.x 250ds.;Austral;$ 15832.12;80%;$ 3166.42
34499;simeticona;AESIM 200;200 mg comp.x 20;Austral;$ 6795.86;50%;$ 3397.93
15187;sulfadiazina de plata;SULFATRAL;cr.x 400 g;Austral;$ 1200;50%;$ 600
46174;tobramicina;TOBRALEP;sol.oft.estéril x 5 ml;Austral;$ 8289.06;60%;$ 3315.62
46175;tobramicina+dexametasona;TOBRALEP DX;susp.oft.estéril x 5 ml;Austral;$ 11425.5;50%;$ 5712.75
30809;vit.b,complejo;POLI B FUERTE;comp.rec.x 30;Austral;$ 28930;40%;$ 17358
13762;vit.b1;TIAMINA 300;300 mg comp.x 30;Austral;$ 18050;40%;$ 10830
43205;accesorio;LANCETAS BD ULTRAFINE 30G;env.x 100;BD;$ 1192.68;100%;$ 0
37909;acenocumarol;AZECAR;4 mg comp.x 30;Bag¿;$ 24222.77;80%;$ 4844.55
13492;acetilcarnitina;NEUROACTIL;comp.x 30;Bag¿;$ 42956.95;50%;$ 21478.48
17228;alprazolam;TRANQUINAL;0.25 mg comp.x 50;Bag¿;$ 327.25;50%;$ 163.63
28029;alprazolam;TRANQUINAL 0.5;0.5 mg comp.subl.x 30;Bag¿;$ 10520.01;50%;$ 5260.01
24646;alprazolam;TRANQUINAL 0.5;0.5 mg comp.x 100;Bag¿;$ 17001.17;50%;$ 8500.59
31486;alprazolam;TRANQUINAL 0.5;0.5 mg comp.x 30;Bag¿;$ 5793.58;50%;$ 2896.79
1033;alprazolam;TRANQUINAL 0.5;0.5 mg comp.x 50;Bag¿;$ 8374.55;50%;$ 4187.28
49837;alprazolam;TRANQUINAL 0.5;0.5 mg comp.x 60;Bag¿;$ 10449.59;50%;$ 5224.8
24647;alprazolam;TRANQUINAL 1;1 mg comp.x 100;Bag¿;$ 26934.17;50%;$ 13467.09
31489;alprazolam;TRANQUINAL 1;1 mg comp.x 30;Bag¿;$ 9680.25;50%;$ 4840.13
1034;alprazolam;TRANQUINAL 1;1 mg comp.x 50;Bag¿;$ 17751.57;50%;$ 8875.79
49838;alprazolam;TRANQUINAL 1;1 mg comp.x 60;Bag¿;$ 18933.2;50%;$ 9466.6
37911;alprazolam;TRANQUINAL;1 mg/ml sol.x 30 ml;Bag¿;$ 589.8;50%;$ 294.9
24648;alprazolam;TRANQUINAL 2;2 mg comp.x 100;Bag¿;$ 45736.59;50%;$ 22868.3
31490;alprazolam;TRANQUINAL 2;2 mg comp.x 30;Bag¿;$ 14148.2;50%;$ 7074.1
8774;alprazolam;TRANQUINAL 2;2 mg comp.x 50;Bag¿;$ 24714.94;50%;$ 12357.47
49839;alprazolam;TRANQUINAL 2;2 mg comp.x 60;Bag¿;$ 27971.46;50%;$ 13985.73
17561;alprazolam+sulpirida;TRANQUINAL SOMA;comp.x 30;Bag¿;$ 668.19;50%;$ 334.1
5409;amitriptilina;TRYPTANOL 25;25 mg comp.x 100;Bag¿;$ 33886.71;50%;$ 16943.36
39082;amitriptilina;TRYPTANOL 25;25 mg comp.x 30;Bag¿;$ 10595.3;50%;$ 5297.65
50606;amitriptilina;TRYPTANOL 75;75 mg comp.x 30;Bag¿;$ 23347.4;50%;$ 11673.7
50385;amlodipina;CARDIOREX CDO;10 mg comp.desin.oralx30;Bag¿;$ 1381.81;60%;$ 552.72
14575;amlodipina;CARDIOREX 10;10 mg comp.x 30;Bag¿;$ 36945.46;60%;$ 14778.18
50384;amlodipina;CARDIOREX CDO;5 mg comp.desin.oralx 30;Bag¿;$ 1280.38;60%;$ 512.15
14574;amlodipina;CARDIOREX 5;5 mg comp.x 30;Bag¿;$ 19551.97;60%;$ 7820.79
55456;amlodipina+losartán,potásico;PRESIMAX A 100;100/5 mg comp.rec.x 30;Bag¿;$ 26421.49;50%;$ 13210.75
55455;amlodipina+losartán,potásico;PRESIMAX A 50;50/5 mg comp.rec.x 30;Bag¿;$ 23811.87;50%;$ 11905.94
1064;amoxicilina;TRIFAMOX 1000;1000 mg comp.x 16;Bag¿;$ 27055.09;60%;$ 10822.04
1057;amoxicilina;TRIFAMOX 250;250 mg jbe.x 120 ml;Bag¿;$ 11272.73;60%;$ 4509.09
1059;amoxicilina;TRIFAMOX 500;500 mg comp.x 16;Bag¿;$ 8271.5;60%;$ 3308.6
20010;amoxicilina;TRIFAMOX 500;500 mg comp.x 21;Bag¿;$ 10042.46;60%;$ 4016.98
30640;amoxicilina;TRIFAMOX;500 mg comp.x 80;Bag¿;$ 2327.38;60%;$ 930.95
1061;amoxicilina;TRIFAMOX 250/500 JBE;500 mg jbe.x 120 ml;Bag¿;$ 13802.56;60%;$ 5521.02
1060;amoxicilina;TRIFAMOX;500 mg jbe.x 60 ml;Bag¿;$ 466.67;60%;$ 186.67
13491;amoxicilina;TRIFAMOX;750 mg comp.x 16;Bag¿;$ 709.32;60%;$ 283.73
41597;amoxicilina;TRIFAMOX DUO;875 mg comp.mast.x 14;Bag¿;$ 797.24;60%;$ 318.9
25708;amoxicilina;TRIFAMOX DUO 875;875 mg comp.x 14;Bag¿;$ 12493.36;60%;$ 4997.34
26255;amoxicilina;TRIFAMOX DUO;susp.x 50 ml;Bag¿;$ 570.83;60%;$ 228.33
26256;amoxicilina;TRIFAMOX DUO SUSP;susp.x 90 ml;Bag¿;$ 19937.57;60%;$ 7975.03
30346;amoxicilina+ambroxol;TRIFAMOX BRONQUIAL DUO 875/60;comp.x 14;Bag¿;$ 20256.29;50%;$ 10128.15
32206;amoxicilina+ambroxol;TRIFAMOX BRONQUIAL DUO;susp.x 50 ml;Bag¿;$ 924.71;50%;$ 462.36
1071;amoxicilina+brovanexina;TRIFAMOX BRONQUIAL;500 mg comp.x 16;Bag¿;$ 1166;50%;$ 583
1070;amoxicilina+brovanexina;TRIFAMOX BRONQUIAL;500 mg jbe.x 120 ml;Bag¿;$ 1245.37;50%;$ 622.69
3635;amoxicilina+sulbactam;TRIFAMOX IBL 1500;1500 mg iny.x 1;Bag¿;$ 9724.61;60%;$ 3889.84
26361;amoxicilina+sulbactam;TRIFAMOX IBL DUO;20 g susp.x 30 ml;Bag¿;$ 976.69;60%;$ 390.68
26362;amoxicilina+sulbactam;TRIFAMOX IBL DUO 200/50;20 g susp.x 60 ml;Bag¿;$ 34632.12;60%;$ 13852.85
10002;amoxicilina+sulbactam;TRIFAMOX IBL 500;500 mg comp.x 16;Bag¿;$ 23725.66;60%;$ 9490.26
1074;amoxicilina+sulbactam;TRIFAMOX IBL;500 mg jbe.x 60 ml;Bag¿;$ 1125.26;60%;$ 450.1
3634;amoxicilina+sulbactam;TRIFAMOX IBL 750;750 mg iny.x 1;Bag¿;$ 6614.03;60%;$ 2645.61
26356;amoxicilina+sulbactam;TRIFAMOX IBL DUO 875/125;875 mg comp.x 14;Bag¿;$ 26791.77;60%;$ 10716.71
1043;ampicilina;TRIFACILINA 1000;1000 mg comp.x 16;Bag¿;$ 23984.07;60%;$ 9593.63
1042;ampicilina;TRIFACILINA 1000;1000 mg comp.x 8;Bag¿;$ 12056.88;60%;$ 4822.75
1044;ampicilina;TRIFACILINA;1000mg iny.liof.x1+solv.;Bag¿;$ 1030.64;60%;$ 412.26
1047;ampicilina;TRIFACILINA 500;500 mg comp.x 16;Bag¿;$ 16342.71;60%;$ 6537.08
1039;ampicilina;TRIFACILINA FORTE;jbe.x 120 ml;Bag¿;$ 875.51;60%;$ 350.2
35434;atenolol;PLENACOR 100;100 mg comp.x 30;Bag¿;$ 10319.76;80%;$ 2063.95
35435;atenolol;PLENACOR 100;100 mg comp.x 60;Bag¿;$ 21560.22;80%;$ 4312.04
35430;atenolol;PLENACOR 25;25 mg comp.x 30;Bag¿;$ 6704.09;80%;$ 1340.82
35431;atenolol;PLENACOR 25;25 mg comp.x 60;Bag¿;$ 13293.81;80%;$ 2658.76
35432;atenolol;PLENACOR 50;50 mg comp.x 30;Bag¿;$ 7481.62;80%;$ 1496.32
35433;atenolol;PLENACOR 50;50 mg comp.x 60;Bag¿;$ 15657.41;80%;$ 3131.48
28105;atenolol+asoc.;PLENACOR D 50/25/2.5;comp.x 30;Bag¿;$ 25125.59;60%;$ 10050.24
4635;biperideno;AKINETON;comp.x 20;Bag¿;$ 8676.35;80%;$ 1735.27
4637;biperideno;AKINETON;comp.x 60;Bag¿;$ 22454.53;80%;$ 4490.91
1011;bromazepam;OCTANYL 12;12 mg comp.x 50;Bag¿;$ 2803.84;50%;$ 1401.92
1009;bromazepam;OCTANYL 3;3 mg comp.x 50;Bag¿;$ 11615.95;50%;$ 5807.98
1010;bromazepam;OCTANYL 6;6 mg comp.x 50;Bag¿;$ 21609.15;50%;$ 10804.58
10634;carbamazepina;ACTINERVAL;200 mg comp.x 30;Bag¿;$ 18720.51;80%;$ 3744.1
10635;carbamazepina;ACTINERVAL;200 mg comp.x 60;Bag¿;$ 33010.2;80%;$ 6602.04
46149;carvedilol;CARVEDIL RETARD 10;10 mg cáps.lib.prol.x 28;Bag¿;$ 13433.28;60%;$ 5373.31
59513;carvedilol;CARVEDIL RETARD 10;10 mg cáps.lib.prol.x 30;Bag¿;$ 11730.99;60%;$ 4692.4
31741;carvedilol;CARVEDIL 12.5;12.5 mg comp.x 28;Bag¿;$ 16668.83;60%;$ 6667.53
59508;carvedilol;CARVEDIL 12.5;12.5 mg comp.x 30;Bag¿;$ 12656.91;60%;$ 5062.76
46385;carvedilol;CARVEDIL 12.5;12.5 mg comp.x 56;Bag¿;$ 23793.46;60%;$ 9517.38
59509;carvedilol;CARVEDIL 12.5;12.5 mg comp.x 60;Bag¿;$ 17911.79;60%;$ 7164.72
46150;carvedilol;CARVEDIL RETARD 20;20 mg cáps.lib.prol.x 28;Bag¿;$ 24133.3;60%;$ 9653.32
59514;carvedilol;CARVEDIL RETARD 20;20 mg cáps.lib.prol.x 30;Bag¿;$ 18905.15;60%;$ 7562.06
31742;carvedilol;CARVEDIL 25;25 mg comp.x 28;Bag¿;$ 19240.13;60%;$ 7696.05
59510;carvedilol;CARVEDIL 25;25 mg comp.x 30;Bag¿;$ 14779.47;60%;$ 5911.79
46386;carvedilol;CARVEDIL 25;25 mg comp.x 56;Bag¿;$ 29389.15;60%;$ 11755.66
59511;carvedilol;CARVEDIL 25;25 mg comp.x 60;Bag¿;$ 22044.46;60%;$ 8817.78
35257;carvedilol;CARVEDIL 3.125;3.125 mg comp.x 28;Bag¿;$ 8059.24;60%;$ 3223.7
59504;carvedilol;CARVEDIL 3.125;3.125 mg comp.x 30;Bag¿;$ 5763.22;60%;$ 2305.29
59505;carvedilol;CARVEDIL 3.125;3.125 mg comp.x 60;Bag¿;$ 7212.43;60%;$ 2884.97
46151;carvedilol;CARVEDIL RETARD 40;40 mg cáps.lib.prol.x 28;Bag¿;$ 29637.43;60%;$ 11854.97
59515;carvedilol;CARVEDIL RETARD 40;40 mg cáps.lib.prol.x 30;Bag¿;$ 23662.15;60%;$ 9464.86
40051;carvedilol;CARVEDIL 50;50 mg comp.x 28;Bag¿;$ 32128.73;60%;$ 12851.49
59512;carvedilol;CARVEDIL 50;50 mg comp.x 30;Bag¿;$ 18048.85;60%;$ 7219.54
31740;carvedilol;CARVEDIL 6.25;6.25 mg comp.x 28;Bag¿;$ 14813.74;60%;$ 5925.5
59506;carvedilol;CARVEDIL 6.25;6.25 mg comp.x 30;Bag¿;$ 10449.59;60%;$ 4179.84
59507;carvedilol;CARVEDIL 6.25;6.25 mg comp.x 60;Bag¿;$ 13229.8;60%;$ 5291.92
46152;carvedilol;CARVEDIL RETARD 80;80 mg cáps.lib.prol.x 28;Bag¿;$ 2418;60%;$ 967.2
38612;carvedilol+hidroclorotiazida;CARVEDIL D;25 mg/12.5 mg comp.x 28;Bag¿;$ 26000.12;50%;$ 13000.06
59540;carvedilol+hidroclorotiazida;CARVEDIL D;25 mg/12.5 mg comp.x 30;Bag¿;$ 18540.46;50%;$ 9270.23
38258;cefalexina;SEPTILISIN DUO 1000;1000 mg comp.x 14;Bag¿;$ 26095.42;60%;$ 10438.17
1025;cefalexina;SEPTILISIN;500 mg comp.x 16;Bag¿;$ 799.78;60%;$ 319.91
56911;cefalexina;SEPTILISIN 500;500 mg comp.x 20;Bag¿;$ 13953.68;60%;$ 5581.47
1026;cefalexina;SEPTILISIN;500 mg susp.x 60 ml;Bag¿;$ 679.95;60%;$ 271.98
18460;cefalexina;SEPTILISIN 500;500 mg susp.x 90 ml;Bag¿;$ 12827.68;60%;$ 5131.07
911;cefazolina;CEFALOMICINA;1000 mg iny.liof.f.a.x 1;Bag¿;$ 1699.07;60%;$ 679.63
54127;cefixima;VIXCEF 400;400 mg comp.x 12;Bag¿;$ 96067.95;60%;$ 38427.18
4919;cefixima;VIXCEF 400;400 mg comp.x 6;Bag¿;$ 56112.3;60%;$ 22444.92
4980;cefixima;VIXCEF 100;susp.x 30 ml;Bag¿;$ 19792.42;60%;$ 7916.97
5036;cefixima;VIXCEF 100;susp.x 60 ml;Bag¿;$ 38235.93;60%;$ 15294.37
1650;ciprofloxacina;SEPTICIDE 500;500 mg comp.x 10;Bag¿;$ 17921.37;60%;$ 7168.55
29041;citalopram;HUMORAP 20;20 mg comp.x 28;Bag¿;$ 38169.33;50%;$ 19084.67
33725;citalopram;HUMORAP 40;40 mg comp.x 28;Bag¿;$ 61304.11;50%;$ 30652.06
28103;clonazepam;NEURYL 0.25;0.25 mg comp.x 50;Bag¿;$ 7218.39;50%;$ 3609.2
35428;clonazepam;NEURYL 0.5;0.5 mg comp.x 30;Bag¿;$ 10056.67;50%;$ 5028.34
26895;clonazepam;NEURYL 0.5;0.5 mg comp.x 50;Bag¿;$ 16055.99;50%;$ 8028
52332;clonazepam;NEURYL 0.5;0.5 mg comp.x 60;Bag¿;$ 16063.59;50%;$ 8031.8
28104;clonazepam;NEURYL 1;1 mg comp.x 50;Bag¿;$ 15262.54;50%;$ 7631.27
52333;clonazepam;NEURYL 1;1 mg comp.x 60;Bag¿;$ 16971.98;50%;$ 8485.99
35429;clonazepam;NEURYL 2;2 mg comp.x 30;Bag¿;$ 10559.59;80%;$ 2111.92
26896;clonazepam;NEURYL 2;2 mg comp.x 50;Bag¿;$ 18819.87;80%;$ 3763.97
52337;clonazepam;NEURYL 2;2 mg comp.x 60;Bag¿;$ 17409.92;80%;$ 3481.98
30024;clonazepam;NEURYL FLASH 0.5;Flash 0.5 mg comp.x 50;Bag¿;$ 20888.44;50%;$ 10444.22
28545;clonazepam;NEURYL GOTAS;gts.x 20 ml;Bag¿;$ 12199.78;50%;$ 6099.89
49142;clopidogrel;TROKEN 75;75 mg comp.x 15;Bag¿;$ 35430.74;50%;$ 17715.37
49143;clopidogrel;TROKEN 75;75 mg comp.x 30;Bag¿;$ 77639.64;50%;$ 38819.82
60714;dapagliflozina;GLIFOSIN 10;10 mg comp. x 30;Bag¿;$ 72237.33;100%;$ 0
43703;darifenacina;ENABLEX;7.5mg comp.lib.prol.x 28;Bag¿;$ 2091.56;50%;$ 1045.78
11082;dehidrocólico,ác.+asoc.;BIL 13;comp.x 100;Bag¿;$ 53319.45;50%;$ 26659.73
900;dehidrocólico,ác.+asoc.;BIL 13;comp.x 20;Bag¿;$ 13580.75;50%;$ 6790.38
4953;dehidrocólico,ác.+asoc.;BIL 13;comp.x 40;Bag¿;$ 23321.52;50%;$ 11660.76
49282;desvenlafaxina;ALFAXIN 100;100mg comp.rec.lib.prx30;Bag¿;$ 49019.26;50%;$ 24509.63
49281;desvenlafaxina;ALFAXIN 50;50mg comp.rec.lib.pr.x30;Bag¿;$ 36538.07;50%;$ 18269.04
46744;diclofenac potásico;DIOXAFLEX MIGRA;50 mg comp.x 20;Bag¿;$ 12255.19;40%;$ 7353.11
46745;diclofenac potásico;DIOXAFLEX MIGRA;50 mg sob.x 20;Bag¿;$ 1021.5;40%;$ 612.9
28102;diclofenac potásico;DIOXAFLEX;susp.x 90 ml;Bag¿;$ 443.22;40%;$ 265.93
21105;diclofenac potásico+paracetamol;DIOXAFLEX GESIC;comp.x 10;Bag¿;$ 9737.48;40%;$ 5842.49
21107;diclofenac potásico+paracetamol;DIOXAFLEX GESIC;comp.x 20;Bag¿;$ 19532.31;40%;$ 11719.39
31982;diclofenac sódico;DIOXAFLEX 50;50 mg cáps.blandas x 15;Bag¿;$ 7183.29;40%;$ 4309.97
42401;diclofenac sódico;DIOXAFLEX 50;50 mg cáps.blandas x 30;Bag¿;$ 13203.51;40%;$ 7922.11
23970;diclofenac sódico;DIOXAFLEX RAPID;50 mg gran.sob.x20;Bag¿;$ 35492.75;40%;$ 21295.65
46561;diclofenac sódico;DIOXAFLEX;75 mg comp.mast.x 15;Bag¿;$ 1325.3;40%;$ 795.18
15886;diclofenac sódico;DIOXAFLEX 75;75 mg comp.x 15;Bag¿;$ 14861.75;40%;$ 8917.05
15887;diclofenac sódico;DIOXAFLEX 75;75 mg comp.x 30;Bag¿;$ 31303.62;40%;$ 18782.17
30638;diclofenac sódico;DIOXAFLEX;comp.x 100;Bag¿;$ 1441.83;40%;$ 865.1
5453;diclofenac sódico;DIOXAFLEX 50;comp.x 20;Bag¿;$ 8619.95;40%;$ 5171.97
6351;diclofenac sódico;DIOXAFLEX RETARD;comp.x 20;Bag¿;$ 1552.27;40%;$ 931.36
5454;diclofenac sódico;DIOXAFLEX;comp.x 40;Bag¿;$ 1114.45;40%;$ 668.67
45301;diclofenac sódico;DIOXAFLEX 75 CB;cáps.blandas x 15;Bag¿;$ 16513.06;40%;$ 9907.84
49836;diclofenac sódico;DIOXAFLEX 75 CB;cáps.blandas x 30;Bag¿;$ 34781.8;40%;$ 20869.08
44894;diclofenac sódico;DIOXAFLEX GEL;gel x 50 g;Bag¿;$ 19958.4;40%;$ 11975.04
9272;diclofenac sódico;DIOXAFLEX INY;iny.a.x 5 x 3 ml;Bag¿;$ 17147.9;40%;$ 10288.74
17227;diclofenac sódico;DIOXAFLEX PARCHES;parches x 5;Bag¿;$ 61468.94;40%;$ 36881.36
51035;diclofenac sódico+codeína;NOVO KLOSIDOL E-3;comp.rec.x 36;Bag¿;$ 39491.66;40%;$ 23695
46116;diclofenac sódico+omeprazol;DIOXAFLEX PROTECT;cáps.x 10;Bag¿;$ 14765.67;40%;$ 8859.4
46117;diclofenac sódico+omeprazol;DIOXAFLEX PROTECT;cáps.x 30;Bag¿;$ 41958.66;40%;$ 25175.2
39904;diclofenac sódico+paracetamol;DIOXAFLEX CB GESIC;cáps.blandas x 10;Bag¿;$ 17874.09;40%;$ 10724.45
16308;diclofenac+pridinol;DIOXAFLEX PLUS;comp.x 15;Bag¿;$ 16787.35;40%;$ 10072.41
16309;diclofenac+pridinol;DIOXAFLEX PLUS;comp.x 30;Bag¿;$ 30284.46;40%;$ 18170.68
31984;diclofenac+pridinol;DIOXAFLEX CB PLUS;cáps.blandas x 15;Bag¿;$ 22801.49;40%;$ 13680.89
44308;diclofenac+pridinol;DIOXAFLEX PLUS;iny.a.x 3;Bag¿;$ 1227.29;40%;$ 736.37
44309;diclofenac+pridinol;DIOXAFLEX PLUS;iny.a.x 6;Bag¿;$ 2049.78;40%;$ 1229.87
45444;diclofenac+vit.b,complejo;DIOXAFLEX COMPLEX;comp.rec.x 15;Bag¿;$ 19906.4;40%;$ 11943.84
45770;diclofenac+vit.b,complejo;DIOXAFLEX COMPLEX;iny.a.x 3/3;Bag¿;$ 1645.76;40%;$ 987.46
11085;diclofenac+vit.b12+betametasona;DIOXAFLEX B12;comp.x 20;Bag¿;$ 33488.39;40%;$ 20093.03
32860;diclofenac+vit.b12+betametasona;DIOXAFLEX B12;iny.a.x 3;Bag¿;$ 39986.12;40%;$ 23991.67
32861;diclofenac+vit.b12+betametasona;DIOXAFLEX B12;iny.a.x 6;Bag¿;$ 70189.22;40%;$ 42113.53
9274;diltiazem;INCORIL AP 120;120 mg comp.x 30;Bag¿;$ 27429.16;60%;$ 10971.66
9277;diltiazem;INCORIL MONODOSIS 180;180 mg comp.x 30;Bag¿;$ 31657.88;60%;$ 12663.15
9278;diltiazem;INCORIL MONODOSIS 240;240 mg comp.x 30;Bag¿;$ 46210.18;60%;$ 18484.07
22294;diltiazem;INCORIL MONODOSIS 300;300 mg comp.x 30;Bag¿;$ 57500.4;60%;$ 23000.16
968;diltiazem;INCORIL 60;60 mg comp.x 60;Bag¿;$ 18607.37;60%;$ 7442.95
969;diltiazem;INCORIL AP 90;90 mg comp.x 30;Bag¿;$ 16355.43;60%;$ 6542.17
970;diltiazem;INCORIL AP 90;90 mg comp.x 60;Bag¿;$ 28410.21;60%;$ 11364.08
943;diosmina;FLEBOTROPIN 300;comp.x 20;Bag¿;$ 16508.77;50%;$ 8254.39
944;diosmina;FLEBOTROPIN 300;comp.x 40;Bag¿;$ 31389.86;50%;$ 15694.93
22295;diosmina+hesperidina micronizada;FLEBOTROPIN 500;comp.x 30;Bag¿;$ 29070.87;40%;$ 17442.52
3457;enalapril;GLIOTEN 10;10 mg comp.x 30;Bag¿;$ 11398.81;80%;$ 2279.76
3462;enalapril;GLIOTEN 10;10 mg comp.x 60;Bag¿;$ 22796.33;80%;$ 4559.27
16940;enalapril;GLIOTEN 2.5;2.5 mg comp.x 60;Bag¿;$ 5960.65;80%;$ 1192.13
3463;enalapril;GLIOTEN 20;20 mg comp.x 30;Bag¿;$ 14731.09;80%;$ 2946.22
3464;enalapril;GLIOTEN 20;20 mg comp.x 60;Bag¿;$ 29640.61;80%;$ 5928.12
11087;enalapril;GLIOTEN 5;5 mg comp.x 30;Bag¿;$ 7421.24;80%;$ 1484.25
11088;enalapril;GLIOTEN 5;5 mg comp.x 60;Bag¿;$ 14707.65;80%;$ 2941.53
9273;enalapril+hidroclorotiazida;GLIOTENZIDE 10/25;10 mg comp.x 30;Bag¿;$ 18900.63;80%;$ 3780.13
20471;enalapril+hidroclorotiazida;GLIOTENZIDE;20 mg comp.x 30;Bag¿;$ 23253.88;80%;$ 4650.78
33748;ergotamina+cafeína+asoc.;MIGRA DIOXADOL;comp.x 10;Bag¿;$ 4972.27;50%;$ 2486.14
9947;eritromicina;PANTOMICINA 200;E.S.200 mg susp.x 100 ml;Bag¿;$ 15374.57;50%;$ 7687.29
3240;eritromicina;PANTOMICINA 400;E.S.400 mg susp.x 60 ml;Bag¿;$ 17603.12;50%;$ 8801.56
11986;eritromicina;PANTOMICINA 500;E.S.500 mg comp.x 16;Bag¿;$ 15815.53;50%;$ 7907.77
41833;escitalopram;NOVO HUMORAP 10;10 mg comp.rec.x 28;Bag¿;$ 41174.56;50%;$ 20587.28
62996;escitalopram;NOVO HUMORAP 10;10 mg comp.rec.x 30;Bag¿;$ 33949.09;50%;$ 16974.55
41832;escitalopram;NOVO HUMORAP 20;20 mg comp.rec.x 28;Bag¿;$ 73837.58;50%;$ 36918.79
62997;escitalopram;NOVO HUMORAP 20;20 mg comp.rec.x 30;Bag¿;$ 64779.36;50%;$ 32389.68
51084;etonogestrel+etinilestradiol;CIRCLET;anillo vaginal sob.x 1;Bag¿;$ 2654.13;50%;$ 1327.07
54078;etoricoxib;FLOGOCOX 120;120 mg comp.rec.x 7;Bag¿;$ 14764.33;50%;$ 7382.17
58426;etoricoxib;FLOGOCOX CB 120;120 mg cáps. bl. x 7;Bag¿;$ 16621.54;50%;$ 8310.77
54075;etoricoxib;FLOGOCOX 60;60 mg comp.x 28;Bag¿;$ 35907.07;50%;$ 17953.54
54076;etoricoxib;FLOGOCOX 90;90 mg comp.rec.x 14;Bag¿;$ 27662.01;50%;$ 13831.01
54077;etoricoxib;FLOGOCOX 90;90 mg comp.rec.x 28;Bag¿;$ 44843.24;50%;$ 22421.62
58427;etoricoxib;FLOGOCOX CB 90;90 mg cáps. bl. x 14;Bag¿;$ 28880.4;50%;$ 14440.2
58428;etoricoxib;FLOGOCOX CB 90;90 mg cáps. bl. x 28;Bag¿;$ 43982.43;50%;$ 21991.22
48310;fenofíbrico,ác.;LIPOMAX 105;105 mg comp.x 30;Bag¿;$ 44202.07;60%;$ 17680.83
48309;fenofíbrico,ác.;LIPOMAX 35;35 mg comp.x 30;Bag¿;$ 37321.22;60%;$ 14928.49
3201;fluoxetina;NEUPAX;20 mg comp.x 30;Bag¿;$ 21472.23;50%;$ 10736.12
20281;ftalilsulfatiazol+asoc.;ESTREPTOCARBOCAFTIAZOL;comp.x 30;Bag¿;$ 16288.8;50%;$ 8144.4
20282;ftalilsulfatiazol+asoc.;ESTREPTOCARBOCAFTIAZOL;comp.x 60;Bag¿;$ 31787.75;50%;$ 15893.88
45027;gemfibrozil;HIPOLIXAN 900;comp.x 30;Bag¿;$ 2554.86;60%;$ 1021.94
965;gemfibrozil;HIPOLIXAN 600;comp.x 30;Bag¿;$ 2153.73;60%;$ 861.49
961;gentamicina;GLEVOMICINA;400 mg iny.f.a.x 1 x10ml;Bag¿;$ 1786.22;60%;$ 714.49
28415;glucosamina;ARTRILASE;sob.x 30;Bag¿;$ 2475.46;40%;$ 1485.28
39906;hialurónico,ác.;HYALART;jga.prell.x 2 ml;Bag¿;$ 13337.96;50%;$ 6668.98
40423;hidroclorotiazida;DIUREX 12.5;12.5 mg comp.x 30;Bag¿;$ 11956.18;50%;$ 5978.09
5739;hidroclorotiazida;DIUREX 25;25 mg comp.x 30;Bag¿;$ 14929.24;50%;$ 7464.62
19765;hidroclorotiazida;DIUREX 50;50 mg comp.x 60;Bag¿;$ 30590.65;50%;$ 15295.33
41831;hidroclorotiazida+amilorida;DIUREX A 12.5;12.5/1.25 mg comp.x 30;Bag¿;$ 8302.34;50%;$ 4151.17
36779;hidroclorotiazida+amilorida;DIUREX A 25;25/2.5 mg comp.x 30;Bag¿;$ 8052.67;50%;$ 4026.34
32448;hidroclorotiazida+amilorida;DIUREX A 50;50/5 mg comp.x 30;Bag¿;$ 9307.54;50%;$ 4653.77
36161;ibuprofeno;AFEBRIL FORTE;40 mg/ml susp.x 100 ml;Bag¿;$ 1019;40%;$ 611.4
33956;ibuprofeno+pseudoefedrina;IBUNASTIZOL;cáps.blandas x 12;Bag¿;$ 6215;40%;$ 3729
20585;isoefedrina+asoc.;NASTIZOL COMPOSITUM;comp.x 20;Bag¿;$ 9792.97;50%;$ 4896.49
20284;isosorbide,mononitrato;MONOTRIN 100 RETARD;comp.x 20;Bag¿;$ 2096.01;60%;$ 838.4
12830;isosorbide,mononitrato;MONOTRIN 20;comp.x 20;Bag¿;$ 458.83;60%;$ 183.53
12832;isosorbide,mononitrato;MONOTRIN 40;comp.x 20;Bag¿;$ 1101.2;60%;$ 440.48
46876;ketorolac;ZERODOL;10 mg comp.subl.x 10;Bag¿;$ 520.04;50%;$ 260.02
46875;ketorolac;ZERODOL;20 mg comp.x 10;Bag¿;$ 545.71;50%;$ 272.86
48350;ketorolac trometamina;ZERODOL;30 mg iny.a.x 5;Bag¿;$ 1094.92;50%;$ 547.46
48351;ketorolac trometamina;ZERODOL;60 mg iny.a.x 3;Bag¿;$ 1307.5;50%;$ 653.75
56089;levetiracetam;RACETAM 1000;1000 mg comp.rec.x 30;Bag¿;$ 148552.46;50%;$ 74276.23
56090;levetiracetam;RACETAM 1000;1000 mg comp.rec.x 60;Bag¿;$ 200545.75;50%;$ 100272.88
56087;levetiracetam;RACETAM 500;500 mg comp.rec.x 30;Bag¿;$ 76452.43;50%;$ 38226.22
56088;levetiracetam;RACETAM 500;500 mg comp.rec.x 60;Bag¿;$ 134006.7;50%;$ 67003.35
62246;levetiracetam;RACETAM SOL;sol.oral x 300 ml;Bag¿;$ 124850.04;50%;$ 62425.02
36509;levodopa+carbidopa;PARKINEL 100/25;100 mg/25 mg comp.x 30;Bag¿;$ 12789.63;80%;$ 2557.93
36510;levodopa+carbidopa;PARKINEL 250/25;250 mg/25 mg comp.x 30;Bag¿;$ 17961.21;80%;$ 3592.24
37910;levodopa+carbidopa;PARKINEL 250/25;250 mg/25 mg comp.x 60;Bag¿;$ 33449.93;80%;$ 6689.99
22594;loratadina+betametasona;CORTISTAMIN L;comp.x 10;Bag¿;$ 10491.65;40%;$ 6294.99
3520;lorazepam;KALMALIN;2.5 mg comp.x 40;Bag¿;$ 554.14;50%;$ 277.07
54168;losartán;PRESIMAX 100;100 mg comp.rec.x 30;Bag¿;$ 29366.22;60%;$ 11746.49
54167;losartán;PRESIMAX 50;50 mg comp.rec.x 30;Bag¿;$ 24019.59;60%;$ 9607.84
58470;losartán;PRESIMAX 50;50 mg comp.rec.x 60;Bag¿;$ 44908.85;60%;$ 17963.54
58745;losartán+hidroclorotiazida;PRESIMAX D 100;100/25mg comp.rec.x 30;Bag¿;$ 33860.2;50%;$ 16930.1
55457;losartán+hidroclorotiazida;PRESIMAX D 50;50/12.5 mg comp.rec.x 30;Bag¿;$ 28094.75;50%;$ 14047.38
37073;memantine;LUCIDEX 10;10 mg comp.x 30;Bag¿;$ 43244.69;50%;$ 21622.35
37074;memantine;LUCIDEX 10;10 mg comp.x 60;Bag¿;$ 79637.57;50%;$ 39818.79
51806;memantine;LUCIDEX 20;20 mg comp.rec.ran.x 30;Bag¿;$ 64777.09;50%;$ 32388.55
52018;memantine;LUCIDEX XR 28;28 mg cáps.x 28;Bag¿;$ 85293.01;50%;$ 42646.51
58647;memantine+donepecilo;LUCIDEX COMPLEX XR SPRINKLE;14/10 cáps.lib.prol.x 30;Bag¿;$ 47709.72;50%;$ 23854.86
58648;memantine+donepecilo;LUCIDEX COMPLEX XR SPRINKLE;28/10 cáps.lib.prol.x 30;Bag¿;$ 84631.2;50%;$ 42315.6
44575;mesalazina;MEZAVANT 1200;1200 mg comp.x 30;Bag¿;$ 161775.76;50%;$ 80887.88
44576;mesalazina;MEZAVANT 1200;1200 mg comp.x 60;Bag¿;$ 314514.61;50%;$ 157257.31
38186;metilfenidato;RUBIFEN SR 20;20 mg comp.x 30;Bag¿;$ 84946.23;50%;$ 42473.12
64295;metilfenidato;RUBIFEN LA;20 mg cáps.x 30;Bag¿;$ 67526.86;50%;$ 33763.43
64296;metilfenidato;RUBIFEN LA;30 mg cáps.x 30;Bag¿;$ 82462.25;50%;$ 41231.13
64297;metilfenidato;RUBIFEN LA;40 mg cáps.x 30;Bag¿;$ 82462.25;50%;$ 41231.13
33654;metilfenidato;RUBIFEN 20;comp.x 30;Bag¿;$ 70433.4;50%;$ 35216.7
20562;metilfenidato;RUBIFEN 10;comp.x 30;Bag¿;$ 37157.27;50%;$ 18578.64
20907;metoclopramida+pancreatina+asoc.;BIL 13 ENZIMATICO;comp.rec.x 30;Bag¿;$ 16342.71;50%;$ 8171.36
30342;mirtazapina;NOXIBEL;30 mg comp.rec.x 30;Bag¿;$ 43567.92;50%;$ 21783.96
46559;montelukast;LUKAST 10;10 mg comp.rec.x 30;Bag¿;$ 45355.9;50%;$ 22677.95
46557;montelukast;LUKAST 4;4 mg comp.mast.x 30;Bag¿;$ 41212.41;50%;$ 20606.21
52716;montelukast;LUKAST 4;4 mg sob.monods.x 30;Bag¿;$ 41431.89;50%;$ 20715.95
46558;montelukast;LUKAST 5;5 mg comp.mast.x 30;Bag¿;$ 42418.33;50%;$ 21209.17
54166;montelukast+levocetirizina;LUKAST COMPUESTO 10/5;10/5 mg comp.x 30;Bag¿;$ 38301.42;50%;$ 19150.71
54534;nebivolol;NEBIX 10;10 mg comp.x 30;Bag¿;$ 37324.69;50%;$ 18662.35
54533;nebivolol;NEBIX 5;5 mg comp.x 30;Bag¿;$ 19572.47;50%;$ 9786.24
13797;nitrofurantoína;FURADANTINA MC;100 mg cáps.x 36;Bag¿;$ 40878.49;50%;$ 20439.25
13796;nitrofurantoína;FURADANTINA;susp.x 120 ml;Bag¿;$ 26418.65;50%;$ 13209.33
51085;nomegestrol,acetato+estradiol;SUANEL;comp.rec.x 28;Bag¿;$ 1925.78;50%;$ 962.89
3417;norfloxacina;UROSEPTAL;comp.x 20;Bag¿;$ 24298.66;60%;$ 9719.46
53945;omeprazol;ULCOZOL 20;pvo.p/susp.oral x30 sob.;Bag¿;$ 46250.91;40%;$ 27750.55
42355;omeprazol+sodio,bicarbonato;ULCOZOL RAPID 20;20 mg cáps.x 28;Bag¿;$ 29181.8;40%;$ 17509.08
49087;omeprazol+sodio,bicarbonato;ULCOZOL SUSP;polv.p/susp.oral x 70 ml;Bag¿;$ 24546.04;40%;$ 14727.62
45710;omeprazol+sodio,bicarbonato;ULCOZOL RAPID 20;sob.monods.sabor f-m x30;Bag¿;$ 3432.06;40%;$ 2059.24
43757;orlistat;FRUGAL;120 mg comp.rec.x 30;Bag¿;$ 59803.55;50%;$ 29901.78
43758;orlistat;FRUGAL;120 mg comp.rec.x 60;Bag¿;$ 115725.35;50%;$ 57862.68
1012;penicilina g benzatínica;PEN DI BEN 1200000;1200000 UI iny.f.a.x 1;Bag¿;$ 12527.01;60%;$ 5010.8
1013;penicilina g benzatínica;PEN DI BEN 2400000;2400000 UI iny.f.a.x 1;Bag¿;$ 20681.46;60%;$ 8272.58
980;prasterona+procaína+asoc.;LONGEVITAL;5000 mcg comp.x 30;Bag¿;$ 23328.34;50%;$ 11664.17
44106;pridinol,mesilato;RELAXEDAN 4;4 mg comp.ran.x 15;Bag¿;$ 13612.62;50%;$ 6806.31
20285;pseudoefedrina+asoc.;NASTIZOL;comp.x 20;Bag¿;$ 8177.18;50%;$ 4088.59
47819;pseudoefedrina+asoc.;NASTIZOL;jbe.x 100 ml;Bag¿;$ 1534.29;50%;$ 767.15
22430;quetiapina;SEROQUEL 100;100 mg comp.x 30;Bag¿;$ 95312.85;50%;$ 47656.43
49534;quetiapina;SEROQUEL XR 150;150 mg comp.x 30;Bag¿;$ 128829.2;50%;$ 64414.6
42398;quetiapina;SEROQUEL XR 200;200 mg comp.x 30;Bag¿;$ 123944.7;50%;$ 61972.35
22432;quetiapina;SEROQUEL 200;200 mg comp.x 30;Bag¿;$ 118583.89;50%;$ 59291.95
22428;quetiapina;SEROQUEL 25;25 mg comp.x 10;Bag¿;$ 1988.13;50%;$ 994.07
40690;quetiapina;SEROQUEL 25;25 mg comp.x 30;Bag¿;$ 56651.76;50%;$ 28325.88
42399;quetiapina;SEROQUEL XR 300;300 mg comp.x 30;Bag¿;$ 165049.8;50%;$ 82524.9
41591;quetiapina;SEROQUEL 300;300 mg comp.x 30;Bag¿;$ 145904.58;50%;$ 72952.29
42400;quetiapina;SEROQUEL XR 400;400 mg comp.x 30;Bag¿;$ 253561.82;50%;$ 126780.91
42397;quetiapina;SEROQUEL XR 50;50 mg comp.x 30;Bag¿;$ 119382.84;50%;$ 59691.42
59839;rivaroxabán;DRINAX R 10;10 mg comp.rec.x 15;Bag¿;$ 83548.73;50%;$ 41774.37
59840;rivaroxabán;DRINAX R 10;10 mg comp.rec.x 30;Bag¿;$ 115467.2;50%;$ 57733.6
59841;rivaroxabán;DRINAX R 15;15 mg comp.rec.x 30;Bag¿;$ 113439.8;50%;$ 56719.9
59842;rivaroxabán;DRINAX R 20;20 mg comp.rec.x 30;Bag¿;$ 117342.57;50%;$ 58671.29
39968;rosuvastatina;ROSUVAST;10 mg comp.x 14;Bag¿;$ 1128.91;60%;$ 451.56
33325;rosuvastatina;ROSUVAST 10;10 mg comp.x 28;Bag¿;$ 27719.57;60%;$ 11087.83
59518;rosuvastatina;ROSUVAST 10;10 mg comp.x 30;Bag¿;$ 24111.09;60%;$ 9644.44
46562;rosuvastatina;ROSUVAST 10;10 mg comp.x 56;Bag¿;$ 51199.41;60%;$ 20479.76
59519;rosuvastatina;ROSUVAST 10;10 mg comp.x 60;Bag¿;$ 48269.66;60%;$ 19307.86
33326;rosuvastatina;ROSUVAST 20;20 mg comp.x 28;Bag¿;$ 48820.51;60%;$ 19528.2
59520;rosuvastatina;ROSUVAST 20;20 mg comp.x 30;Bag¿;$ 44238.75;60%;$ 17695.5
59521;rosuvastatina;ROSUVAST 20;20 mg comp.x 60;Bag¿;$ 85499.47;60%;$ 34199.79
33327;rosuvastatina;ROSUVAST 40;40 mg comp.x 28;Bag¿;$ 80763.05;60%;$ 32305.22
59522;rosuvastatina;ROSUVAST 40;40 mg comp.x 30;Bag¿;$ 77916.59;60%;$ 31166.64
37017;rosuvastatina;ROSUVAST 5;5 mg comp.x 28;Bag¿;$ 19516.98;60%;$ 7806.79
59516;rosuvastatina;ROSUVAST 5;5 mg comp.x 30;Bag¿;$ 16831.89;60%;$ 6732.76
59517;rosuvastatina;ROSUVAST 5;5 mg comp.x 60;Bag¿;$ 29563.28;60%;$ 11825.31
62107;rosuvastatina+ezetimibe;ROSUVAST EZ 10/10;10/10 mg comp.x 30;Bag¿;$ 29197.22;50%;$ 14598.61
62108;rosuvastatina+ezetimibe;ROSUVAST EZ 20/10;20/10 mg comp. x 30;Bag¿;$ 52011.16;50%;$ 26005.58
24738;serenoa repens;PERMICAPS 160;160 mg cáps.x 30;Bag¿;$ 29530.7;50%;$ 14765.35
24740;serenoa repens;PERMICAPS 320;320 mg cáps.x 30;Bag¿;$ 63194.56;50%;$ 31597.28
51498;sodio,divalproato;EXIBRAL 250;250 mg comp.x 50;Bag¿;$ 40425.57;80%;$ 8085.11
24651;sodio,divalproato;EXIBRAL 500;500 mg comp.x 50;Bag¿;$ 73415.93;80%;$ 14683.19
18317;sulfametoxazol+trimetoprima;BACTICEL;comp.x 12;Bag¿;$ 12586.66;60%;$ 5034.66
18318;sulfametoxazol+trimetoprima;BACTICEL;susp.x 120 ml;Bag¿;$ 12629.27;60%;$ 5051.71
18827;sulfametoxazol+trimetoprima+asoc;ENTEROBACTICEL;comp.x 12;Bag¿;$ 14734.25;60%;$ 5893.7
18328;sulfametoxazol+trimetoprima+asoc;NEUMOBACTICEL;susp.x 120 ml;Bag¿;$ 20500.54;60%;$ 8200.22
18326;sulfametoxazol+trimetoprima+asoc;ENTEROBACTICEL;susp.x 120 ml;Bag¿;$ 13120.36;60%;$ 5248.14
26365;telmisartán;GLIOSARTAN 40;40 mg comp.x 28;Bag¿;$ 62538.56;60%;$ 25015.42
26366;telmisartán;GLIOSARTAN 80;80 mg comp.x 28;Bag¿;$ 87489.88;60%;$ 34995.95
34102;telmisartán+hidroclorotiazida;GLIOSARTAN PLUS 40/12.5;40/12.5 mg comp.x 28;Bag¿;$ 62538.56;50%;$ 31269.28
34103;telmisartán+hidroclorotiazida;GLIOSARTAN PLUS 80/12.5;80/12.5 mg comp.x 28;Bag¿;$ 87489.88;50%;$ 43744.94
927;teofilina anhidra;DRILYNA;300 mg comp.x 20;Bag¿;$ 11778.35;60%;$ 4711.34
24737;terazosina;BENAPROST;5 mg comp.x 28;Bag¿;$ 18791.36;50%;$ 9395.68
11089;timomodulina;LEUCOTROFINA;a.beb.x 10;Bag¿;$ 75686.89;50%;$ 37843.45
24927;tramadol;TRAMA KLOSIDOL;100 mg iny.a.x 5;Bag¿;$ 1257.82;50%;$ 628.91
24928;tramadol;TRAMA KLOSIDOL 100;100 mg/ml gts.x 10 ml;Bag¿;$ 23486.61;50%;$ 11743.31
59596;tramadol;TRAMA KLOSIDOL GOTAS;50 mg/ml gts.x 20 ml;Bag¿;$ 19246.57;50%;$ 9623.29
24926;tramadol;TRAMA KLOSIDOL 50;comp.x 20;Bag¿;$ 19485.94;50%;$ 9742.97
62641;tramadol;TRAMA KLOSIDOL 50;comp.x 30;Bag¿;$ 23110.67;50%;$ 11555.34
42957;tramadol+paracetamol;TRAMA KLOSIDOL PLUS;37.5/325mg comp.rec.x 20;Bag¿;$ 27636.59;40%;$ 16581.95
62626;tramadol+paracetamol;TRAMA KLOSIDOL PLUS;37.5/325mg comp.rec.x 30;Bag¿;$ 34782.19;40%;$ 20869.31
24652;valproico,ác.;EXIBRAL JBE;jbe.x 120 ml;Bag¿;$ 14172.97;80%;$ 2834.59
48299;vildagliptin;GLUCEMIX 50;50 mg comp.x 28;Bag¿;$ 42413.25;100%;$ 0
48300;vildagliptin;GLUCEMIX 50;50 mg comp.x 56;Bag¿;$ 80956.59;100%;$ 0
48303;vildagliptin+metformina;GLUCEMIX MET 50/1000;50/1000 mg comp.rec.x 30;Bag¿;$ 57601.38;100%;$ 0
48304;vildagliptin+metformina;GLUCEMIX MET 50/1000;50/1000 mg comp.rec.x 60;Bag¿;$ 108894.48;100%;$ 0
50093;vildagliptin+metformina;GLUCEMIX MET 50/500;50/500 mg comp.rec.x 30;Bag¿;$ 49656.68;100%;$ 0
50094;vildagliptin+metformina;GLUCEMIX MET 50/500;50/500 mg comp.rec.x 60;Bag¿;$ 94731.27;100%;$ 0
48301;vildagliptin+metformina;GLUCEMIX MET 50/850;50/850 mg comp.rec.x 30;Bag¿;$ 49655.49;100%;$ 0
48302;vildagliptin+metformina;GLUCEMIX MET 50/850;50/850 mg comp.rec.x 60;Bag¿;$ 94728.79;100%;$ 0
896;vit.a+triamcinolona;BAGOVIT A PLUS;cr.x 100 g;Bag¿;$ 26673.36;40%;$ 16004.02
11782;vit.b,complejo;BAGO B1 B6 B12;10000 mcg iny.f.a.x 3;Bag¿;$ 36663.39;40%;$ 21998.03
15370;vit.b,complejo;BAGO B1 B6 B12;10000 mcg iny.f.a.x 6;Bag¿;$ 75519.11;40%;$ 45311.47
15369;vit.b,complejo;BAGO B1 B6 B12;5000 mcg comp.x 30;Bag¿;$ 44074.34;40%;$ 26444.6
55809;vit.b,complejo;BAGO B1 B6 B12 CB 5000;cáps.bl.x 30;Bag¿;$ 1334.15;40%;$ 800.49
883;vit.b,complejo;BAGO B1 B6 B12;sol.x 100 ml;Bag¿;$ 26863.48;40%;$ 16118.09
31846;vit.b,complejo+asoc.;BAGO B6 B12 FOLICO;comp.x 30;Bag¿;$ 24656.61;40%;$ 14793.97
48646;vit.b1 b6 b12+ác.tióctico;BAGO B1 B6 B12 DETOX;comp.rec.x 30;Bag¿;$ 27324.15;40%;$ 16394.49
46350;zolpidem;NOCTE 10;10 mg comp.subl.x 30;Bag¿;$ 26994.77;50%;$ 13497.39
25548;zolpidem;NOCTE 10;10 mg comp.x 30;Bag¿;$ 14762.82;50%;$ 7381.41
59207;calcio,carbonato+vit.d3;SIMPLE VITACAL;caram. mast. x 60;Bag¿-Arcor;$ 26974.92;40%;$ 16184.95
19710;alprazolam;TENSIUM;0.5 mg comp.ran.x 30;Baliarda;$ 5470.89;50%;$ 2735.45
19711;alprazolam;TENSIUM;0.5 mg comp.ran.x 60;Baliarda;$ 9647.09;50%;$ 4823.55
19713;alprazolam;TENSIUM;1 mg comp.ran.x 30;Baliarda;$ 8376.9;50%;$ 4188.45
19714;alprazolam;TENSIUM;1 mg comp.ran.x 60;Baliarda;$ 15840.94;50%;$ 7920.47
19715;alprazolam;TENSIUM;2 mg comp.ran.x 30;Baliarda;$ 12495;50%;$ 6247.5
28345;alprazolam+domperidona+asoc.;TENSIUM GASTRIC;comp.x 30;Baliarda;$ 18371;40%;$ 11022.6
28049;amlodipina;ILDUC;10 mg comp.ran.x 30;Baliarda;$ 29646.41;60%;$ 11858.56
61760;amlodipina;ILDUC;10 mg comp.ran.x 60;Baliarda;$ 53843.79;60%;$ 21537.52
28048;amlodipina;ILDUC;5 mg comp.ran.x 30;Baliarda;$ 16117.78;60%;$ 6447.11
61759;amlodipina;ILDUC;5 mg comp.ran.x 60;Baliarda;$ 28977.35;60%;$ 11590.94
36107;amlodipina+benazepril;ILDUC DUO;2.5/10 mg cáps.x 30;Baliarda;$ 17240.42;50%;$ 8620.21
36106;amlodipina+benazepril;ILDUC DUO;5/10 mg cáps.x 30;Baliarda;$ 25911.68;50%;$ 12955.84
39462;amlodipina+benazepril;ILDUC DUO;5/20 mg cáps.x 30;Baliarda;$ 32673.6;50%;$ 16336.8
48209;amlodipina+losartán,potásico;ILDUSARTAN;5/100 mg cáps.x 30;Baliarda;$ 35202.13;50%;$ 17601.07
48208;amlodipina+losartán,potásico;ILDUSARTAN;5/50 mg cáps.x 30;Baliarda;$ 31878.45;50%;$ 15939.23
28466;atorvastatín;TORIVAS;10 mg comp.rec.ran.x 30;Baliarda;$ 36702.99;60%;$ 14681.2
32235;atorvastatín;TORIVAS;10 mg comp.rec.ran.x 60;Baliarda;$ 60258.27;60%;$ 24103.31
28467;atorvastatín;TORIVAS;20 mg comp.rec.ran.x 30;Baliarda;$ 58937.07;60%;$ 23574.83
32236;atorvastatín;TORIVAS;20 mg comp.rec.ran.x 60;Baliarda;$ 99787.48;60%;$ 39914.99
46675;atorvastatín;TORIVAS;40 mg comp.rec.x 30;Baliarda;$ 65915.64;60%;$ 26366.26
59381;atorvastatín;TORIVAS;80 mg comp.rec.x 30;Baliarda;$ 89606.99;60%;$ 35842.8
38651;atorvastatín+ezetimibe;TORIMIBE;10/10mg comp.rec.x30;Baliarda;$ 27913.6;50%;$ 13956.8
38652;atorvastatín+ezetimibe;TORIMIBE;20/10mg comp.rec.x30;Baliarda;$ 40019.45;50%;$ 20009.73
41364;azitromicina;AZIBIOTIC 500;comp.rec.ran.x 3;Baliarda;$ 11784.6;60%;$ 4713.84
41365;azitromicina;AZIBIOTIC 500;comp.rec.ran.x 5;Baliarda;$ 13859.63;60%;$ 5543.85
41366;azitromicina;AZIBIOTIC 500;comp.rec.ran.x 7;Baliarda;$ 19629.17;60%;$ 7851.67
51323;betahistina;AUDIPAX 16;16 mg comp.ranur.x 30;Baliarda;$ 19635.24;40%;$ 11781.14
50524;betahistina;AUDIPAX MULTIDOSIS;24 mg comp.birran.x 30;Baliarda;$ 29928.88;40%;$ 17957.33
51631;betahistina;AUDIPAX MULTIDOSIS;24 mg comp.birran.x 60;Baliarda;$ 54610.78;40%;$ 32766.47
43084;betametasona;DICASONE 0.6;comp.ran.x 30;Baliarda;$ 8417.08;50%;$ 4208.54
43086;betametasona (acet.y fosf.disod);CRONODICASONE;f.a.x 1 x 2 ml + jga.;Baliarda;$ 14179.51;50%;$ 7089.76
44552;betametasona (diprop.y f.disod.);CRONODICASONE DEPOT;f.a.x 1 x 2 ml + jga.;Baliarda;$ 14256.95;50%;$ 7128.48
44559;betametasona (fosfato disódico);DICASONE;gts.x 30 ml;Baliarda;$ 8629.79;50%;$ 4314.9
57127;bisoprolol;BICARDIL;10 mg comp.rec.x 30;Baliarda;$ 21302.86;60%;$ 8521.14
63916;bisoprolol;BICARDIL;10 mg comp.rec.x 60;Baliarda;$ 38345.34;60%;$ 15338.14
57125;bisoprolol;BICARDIL;2.5 mg comp.rec.x 30;Baliarda;$ 8918.88;60%;$ 3567.55
63914;bisoprolol;BICARDIL;2.5 mg comp.rec.x 60;Baliarda;$ 16053.75;60%;$ 6421.5
57126;bisoprolol;BICARDIL;5 mg comp.rec.x 30;Baliarda;$ 16674.97;60%;$ 6669.99
63915;bisoprolol;BICARDIL;5 mg comp.rec.x 60;Baliarda;$ 30028.88;60%;$ 12011.55
43223;carvedilol;BIDECAR CR;10 mg cáps.lib.cont.x 28;Baliarda;$ 13575.68;60%;$ 5430.27
31630;carvedilol;BIDECAR;12.5 mg comp.ran.x 28;Baliarda;$ 13926.27;60%;$ 5570.51
51576;carvedilol;BIDECAR;12.5 mg comp.ran.x 30;Baliarda;$ 13859.41;60%;$ 5543.76
44556;carvedilol;BIDECAR;12.5 mg comp.ran.x 56;Baliarda;$ 18772.11;60%;$ 7508.84
51577;carvedilol;BIDECAR;12.5 mg comp.ran.x 60;Baliarda;$ 19147.36;60%;$ 7658.94
43224;carvedilol;BIDECAR CR;20 mg cáps.lib.cont.x 28;Baliarda;$ 19760.99;60%;$ 7904.4
31631;carvedilol;BIDECAR;25 mg comp.ran.x 28;Baliarda;$ 17037.95;60%;$ 6815.18
51578;carvedilol;BIDECAR;25 mg comp.ran.x 30;Baliarda;$ 16493.26;60%;$ 6597.3
44555;carvedilol;BIDECAR;25 mg comp.ran.x 56;Baliarda;$ 23827.75;60%;$ 9531.1
51579;carvedilol;BIDECAR;25 mg comp.ran.x 60;Baliarda;$ 24141.28;60%;$ 9656.51
35650;carvedilol;BIDECAR;3.125 mg comp.ran.x 28;Baliarda;$ 6423.02;60%;$ 2569.21
51572;carvedilol;BIDECAR;3.125 mg comp.ran.x 30;Baliarda;$ 6121.88;60%;$ 2448.75
44558;carvedilol;BIDECAR;3.125 mg comp.ran.x 56;Baliarda;$ 8522.38;60%;$ 3408.95
51573;carvedilol;BIDECAR;3.125 mg comp.ran.x 60;Baliarda;$ 7454.79;60%;$ 2981.92
43225;carvedilol;BIDECAR CR;40 mg cáps.lib.cont.x 28;Baliarda;$ 24884.4;60%;$ 9953.76
42408;carvedilol;BIDECAR;50 mg comp.ran.x 28;Baliarda;$ 20525.62;60%;$ 8210.25
51580;carvedilol;BIDECAR;50 mg comp.ran.x 30;Baliarda;$ 21759.86;60%;$ 8703.94
31629;carvedilol;BIDECAR;6.25 mg comp.ran.x 28;Baliarda;$ 11141.08;60%;$ 4456.43
51574;carvedilol;BIDECAR;6.25 mg comp.ran.x 30;Baliarda;$ 10822.91;60%;$ 4329.16
44557;carvedilol;BIDECAR;6.25 mg comp.ran.x 56;Baliarda;$ 14368.35;60%;$ 5747.34
51575;carvedilol;BIDECAR;6.25 mg comp.ran.x 60;Baliarda;$ 14486.18;60%;$ 5794.47
43226;carvedilol;BIDECAR CR;80 mg cáps.lib.cont.x 28;Baliarda;$ 31033.06;60%;$ 12413.22
59189;carvedilol+hidroclorotiazida;BIDECAR D;25mg/12.5mg comp.x 30;Baliarda;$ 18540.52;50%;$ 9270.26
34471;cilostazol;CILOVAS;100 mg comp.ran.x 30;Baliarda;$ 33652.54;60%;$ 13461.02
34470;cilostazol;CILOVAS;50 mg comp.ran.x 30;Baliarda;$ 17647.55;60%;$ 7059.02
35480;cinitaprida;CINIGEST;1 mg comp.x 30;Baliarda;$ 19683.77;50%;$ 9841.89
26836;ciprofloxacina;EXERTIAL 500;comp.ran.x 10;Baliarda;$ 19561.5;60%;$ 7824.6
26837;ciprofloxacina;EXERTIAL 500;comp.ran.x 14;Baliarda;$ 25227.32;60%;$ 10090.93
1152;citicolina;REAGIN 1000;1000 mg iny.a.x 1;Baliarda;$ 9630.98;50%;$ 4815.49
8868;citicolina;REAGIN 250;250 mg comp.x 20;Baliarda;$ 29725.63;50%;$ 14862.82
13117;citicolina;REAGIN 250;250 mg comp.x 30;Baliarda;$ 46858.38;50%;$ 23429.19
1151;citicolina;REAGIN 500;500 mg iny.a.x 3;Baliarda;$ 16333.31;50%;$ 8166.66
43257;citicolina;REAGIN 500;comp.rec.ran.x 20;Baliarda;$ 38689.79;50%;$ 19344.9
1153;citicolina;REAGIN GOTAS;gts.x 30 ml;Baliarda;$ 26610.9;50%;$ 13305.45
53810;citicolina;REAGIN 1000;sobres x 10;Baliarda;$ 59168.33;50%;$ 29584.17
34551;claritromicina;CLARIBIOTIC U.D.;500 mg comp.lib.prol.x 4;Baliarda;$ 9331.41;60%;$ 3732.56
34552;claritromicina;CLARIBIOTIC U.D.;500 mg comp.lib.prol.x 8;Baliarda;$ 18236.69;60%;$ 7294.68
34566;claritromicina;CLARIBIOTIC 500;500 mg comp.rec.x 16;Baliarda;$ 32268.04;60%;$ 12907.22
13126;clebopride+simeticona+asoc.;EUDON;comp.rec.x 30;Baliarda;$ 20184.04;50%;$ 10092.02
14394;clebopride+simeticona+asoc.;EUDON;comp.rec.x 60;Baliarda;$ 35957.28;50%;$ 17978.64
56204;clindamicina+ketoconazol;GINCLIN;óv.x 7;Baliarda;$ 21252.99;50%;$ 10626.5
32233;clonazepam;CLONAGIN SL;0.25 mg comp.subl.x 15;Baliarda;$ 3443.84;50%;$ 1721.92
32234;clonazepam;CLONAGIN SL;0.25 mg comp.subl.x 30;Baliarda;$ 6015.26;50%;$ 3007.63
28459;clonazepam;CLONAGIN 0.25;0.25 mg comp.x 60;Baliarda;$ 6100.52;50%;$ 3050.26
22283;clonazepam;CLONAGIN 0.5;0.5 mg comp.x 30;Baliarda;$ 10172.14;50%;$ 5086.07
33009;clonazepam;CLONAGIN 0.5;0.5 mg comp.x 50;Baliarda;$ 12999.59;50%;$ 6499.8
22284;clonazepam;CLONAGIN 0.5;0.5 mg comp.x 60;Baliarda;$ 16176.1;50%;$ 8088.05
25917;clonazepam;CLONAGIN 1;1 mg comp.x 30;Baliarda;$ 10265.04;50%;$ 5132.52
25919;clonazepam;CLONAGIN 1;1 mg comp.x 60;Baliarda;$ 16229.8;50%;$ 8114.9
22285;clonazepam;CLONAGIN 2;2 mg comp.x 30;Baliarda;$ 11660.72;80%;$ 2332.14
33008;clonazepam;CLONAGIN 2;2 mg comp.x 50;Baliarda;$ 15186.1;80%;$ 3037.22
22286;clonazepam;CLONAGIN 2;2 mg comp.x 60;Baliarda;$ 16237.12;80%;$ 3247.42
30537;clonazepam;CLONAGIN;gts.x 20 ml;Baliarda;$ 10479.22;50%;$ 5239.61
46130;clopidogrel;CLODREL;75 mg comp.rec.x 15;Baliarda;$ 15933.25;50%;$ 7966.63
46131;clopidogrel;CLODREL;75 mg comp.rec.x 30;Baliarda;$ 63104.59;50%;$ 31552.3
60630;dapagliflozina;DAPAX;10 mg comp.rec.x 30;Baliarda;$ 66563.56;100%;$ 0
60629;dapagliflozina;DAPAX;5 mg comp.rec.x 30;Baliarda;$ 44891.57;100%;$ 0
44663;darifenacina;CONTINEX;15 mg comp.lib.prol.x 30;Baliarda;$ 70995.73;50%;$ 35497.87
44660;darifenacina;CONTINEX;7.5mg comp.lib.prol.x 15;Baliarda;$ 27342.65;50%;$ 13671.33
44661;darifenacina;CONTINEX;7.5mg comp.lib.prol.x 30;Baliarda;$ 51300.72;50%;$ 25650.36
46842;desloratadina+betametasona;HISTADICASONE;comp.rec.x 10;Baliarda;$ 11669.87;40%;$ 7001.92
46843;desloratadina+betametasona;HISTADICASONE;jbe.x 60 ml;Baliarda;$ 13588.38;40%;$ 8153.03
49726;desvenlafaxina;DROSIX;100mg comp.lib.prol.x 30;Baliarda;$ 54511.08;50%;$ 27255.54
49725;desvenlafaxina;DROSIX;50 mg comp.lib.prol.x 30;Baliarda;$ 31663.5;50%;$ 15831.75
53512;dexketoprofeno;IDOLGINA;25 mg comp.rec.ran.x 20;Baliarda;$ 16734.27;50%;$ 8367.14
53513;dexketoprofeno;IDOLGINA;25 mg comp.rec.ran.x 40;Baliarda;$ 14143.97;50%;$ 7071.99
32553;diclofenac potásico+paracetamol;XEDENOL GESIC;comp.rec.x 10;Baliarda;$ 9592.24;40%;$ 5755.34
32554;diclofenac potásico+paracetamol;XEDENOL GESIC;comp.rec.x 20;Baliarda;$ 19130.96;40%;$ 11478.58
63886;diclofenac potásico+paracetamol;XEDENOL GESIC;comp.rec.x 30;Baliarda;$ 17959.47;40%;$ 10775.68
42184;diclofenac sódico;XEDENOL;100mgcomp.rec.lib.prox15;Baliarda;$ 20203.65;40%;$ 12122.19
25208;diclofenac sódico;XEDENOL;50mgcomp.rec.gastror.x15;Baliarda;$ 8138.14;40%;$ 4882.88
25209;diclofenac sódico;XEDENOL;50mgcomp.rec.gastror.x30;Baliarda;$ 12832.33;40%;$ 7699.4
25210;diclofenac sódico;XEDENOL;75 mg comp.lib.prol.x 15;Baliarda;$ 19287.86;40%;$ 11572.72
25211;diclofenac sódico;XEDENOL;75 mg comp.lib.prol.x 30;Baliarda;$ 39591.06;40%;$ 23754.64
25213;diclofenac+pridinol;XEDENOL FLEX;comp.rec.x 10;Baliarda;$ 12683.74;40%;$ 7610.24
63887;diclofenac+pridinol;XEDENOL FLEX;comp.rec.x 20;Baliarda;$ 12968.25;40%;$ 7780.95
25214;diclofenac+pridinol;XEDENOL FLEX;comp.rec.x 30;Baliarda;$ 29305.04;40%;$ 17583.02
47247;diclofenac+pridinol;XEDENOL FLEX CB;cáps.bl.x 15;Baliarda;$ 21773.54;40%;$ 13064.12
47248;diclofenac+pridinol;XEDENOL FLEX CB;cáps.bl.x 30;Baliarda;$ 40564.5;40%;$ 24338.7
49703;diclofenac+vit.b,complejo;NERVO XEDENOL;comp.rec.x 15;Baliarda;$ 20336.65;40%;$ 12201.99
46141;diclofenac+vit.b12+betametasona;XEDENOL B12;comp.rec.x 10;Baliarda;$ 15934.25;40%;$ 9560.55
25215;diclofenac+vit.b12+betametasona;XEDENOL B12;comp.rec.x 20;Baliarda;$ 31043.39;40%;$ 18626.03
63885;diclofenac+vit.b12+betametasona;XEDENOL B12;comp.rec.x 30;Baliarda;$ 36901.2;40%;$ 22140.72
38078;diclofenac+vit.b12+betametasona;XEDENOL B12;iny.a.x 3;Baliarda;$ 38691.23;40%;$ 23214.74
33064;donepecilo;ENDOCLAR;10 mg comp.rec.ran.x 30;Baliarda;$ 52243.46;50%;$ 26121.73
33062;donepecilo;ENDOCLAR;5 mg comp.rec.x 30;Baliarda;$ 41349.33;50%;$ 20674.67
61129;dutasteride;DUTAKLAR;0.5 mg cáps.x 30;Baliarda;$ 38278.74;50%;$ 19139.37
58038;dutasteride+tamsulosina;PROSTOKLAR DUO;cáps.lib.controlada x 30;Baliarda;$ 60022.36;50%;$ 30011.18
62623;empagliflozina;DIFOGLIX;10 mg comp.rec.x 30;Baliarda;$ 85244.25;100%;$ 0
62624;empagliflozina;DIFOGLIX;25 mg comp.rec.x 30;Baliarda;$ 91601.26;100%;$ 0
35477;enalapril;MAXEN;10 mg comp.rec.ran.x 30;Baliarda;$ 9581.55;80%;$ 1916.31
35474;enalapril;MAXEN;10 mg comp.rec.ran.x 60;Baliarda;$ 18177.24;80%;$ 3635.45
35478;enalapril;MAXEN;20 mg comp.rec.ran.x 30;Baliarda;$ 11215.98;80%;$ 2243.2
35475;enalapril;MAXEN;20 mg comp.rec.ran.x 60;Baliarda;$ 22405.02;80%;$ 4481
35476;enalapril;MAXEN;5 mg comp.rec.ran.x 30;Baliarda;$ 6376.99;80%;$ 1275.4
35473;enalapril;MAXEN;5 mg comp.rec.ran.x 60;Baliarda;$ 12829.04;80%;$ 2565.81
39059;enalapril+hidroclorotiazida;MAXEN D;10 mg/25 mg comp.ran.x30;Baliarda;$ 11925.17;80%;$ 2385.03
1146;ergotamina+asoc.;MIKESAN;comp.x 10;Baliarda;$ 5986.94;50%;$ 2993.47
14279;ergotamina+asoc.;MIKESAN;comp.x 30;Baliarda;$ 17042.03;50%;$ 8521.02
47747;escitalopram;OPTISER 10;10 mg comp.rec.ran.x 15;Baliarda;$ 10016.19;50%;$ 5008.1
47748;escitalopram;OPTISER 10;10 mg comp.rec.ran.x 30;Baliarda;$ 36044.9;50%;$ 18022.45
62527;escitalopram;OPTISER 10;10 mg comp.rec.ran.x 60;Baliarda;$ 61141.53;50%;$ 30570.77
47749;escitalopram;OPTISER 20;20 mg comp.rec.ran.x 15;Baliarda;$ 18137.17;50%;$ 9068.59
47750;escitalopram;OPTISER 20;20 mg comp.rec.ran.x 30;Baliarda;$ 63806.46;50%;$ 31903.23
62528;escitalopram;OPTISER 20;20 mg comp.rec.ran.x 60;Baliarda;$ 95969.42;50%;$ 47984.71
37126;espironolactona;REDIUN-E 100;100 mg comp.birran.x 30;Baliarda;$ 13760.79;50%;$ 6880.4
37124;espironolactona;REDIUN-E 25;25 mg comp.ran.x 30;Baliarda;$ 13213.18;50%;$ 6606.59
37125;espironolactona;REDIUN-E 50;50 mg comp.ran.x 30;Baliarda;$ 13568.39;50%;$ 6784.2
53632;etoricoxib;DOLOCOX;120 mg comp.rec.x 10;Baliarda;$ 20160.12;50%;$ 10080.06
53629;etoricoxib;DOLOCOX;60 mg comp.rec.x 30;Baliarda;$ 35590.95;50%;$ 17795.48
54131;etoricoxib;DOLOCOX;90 mg comp.rec.x 10;Baliarda;$ 19119.71;50%;$ 9559.86
53631;etoricoxib;DOLOCOX;90 mg comp.rec.x 30;Baliarda;$ 45980.54;50%;$ 22990.27
56964;fenofíbrico,ác.;MAGNOFEN TAB;105 mg comp.x 30;Baliarda;$ 37222.72;60%;$ 14889.09
50527;fenofíbrico,ác.;MAGNOFEN;135 mg cáps.lib.prol.x30;Baliarda;$ 39390.57;60%;$ 15756.23
50526;fenofíbrico,ác.;MAGNOFEN;45 mg cáps.lib.prol.x 30;Baliarda;$ 33396.14;60%;$ 13358.46
44554;fluconazol;FLUCOGINKAN;150 mg comp.ran.x 1;Baliarda;$ 8707.72;50%;$ 4353.86
42033;fluconazol;FLUCOGINKAN;150 mg comp.ran.x 2;Baliarda;$ 16028.41;50%;$ 8014.21
42034;fluconazol;FLUCOGINKAN;150 mg comp.ran.x 4;Baliarda;$ 26129.04;50%;$ 13064.52
34555;fólico,ác.;COFLIC;1 mg comp.ran.x 30;Baliarda;$ 7009.91;50%;$ 3504.96
34557;fólico,ác.;COFLIC;10 mg comp.ran.x 30;Baliarda;$ 10103.45;50%;$ 5051.73
34556;fólico,ác.;COFLIC;5 mg comp.ran.x 30;Baliarda;$ 9143.96;50%;$ 4571.98
43085;gentamicina+clotrimazol+betamet.;DICASONE COMPLEX;crema x 10 g;Baliarda;$ 12876.31;40%;$ 7725.79
42328;glimepiride;GLIMEPLIC;2 mg comp.ran.x 30;Baliarda;$ 5199.23;100%;$ 0
42330;glimepiride;GLIMEPLIC;4 mg comp.ran.x 30;Baliarda;$ 9663.7;100%;$ 0
18260;glucosamina;BALIARTRIN;comp.rec.x 60;Baliarda;$ 41984.15;40%;$ 25190.49
27335;glucosamina;BALIARTRIN;gran.sobres x 30;Baliarda;$ 56147.37;40%;$ 33688.42
43256;glucosamina,potásica;BALIARTRIN POTASICO;gran.sobres x 30;Baliarda;$ 57294.43;40%;$ 34376.66
52315;hierro+vit.b12+fólico,ác.;HEMOVIT;comp.rec.x 30;Baliarda;$ 27997.54;50%;$ 13998.77
52316;hierro+vit.b12+fólico,ác.;HEMOVIT;comp.rec.x 60;Baliarda;$ 44428.18;50%;$ 22214.09
40584;ibandrónico,ác.;BANTUC;150 mg comp.rec.x 1;Baliarda;$ 35683.04;50%;$ 17841.52
44569;ibandrónico,ác.;BANTUC;150 mg comp.rec.x 2;Baliarda;$ 57812.34;50%;$ 28906.17
44574;ibandrónico,ác.+asoc.;BANTUC MAX;150mg comp.x 1+ comp.x30;Baliarda;$ 46922.57;50%;$ 23461.29
60782;icosapento de etilo;ICOPEN;0.5 gr. cáps.bl. x 30;Baliarda;$ 54613.39;40%;$ 32768.03
60783;icosapento de etilo;ICOPEN;1 gr. cáps.bl. x 30;Baliarda;$ 87146.33;40%;$ 52287.8
63034;insaponificables;CONDIAR;300 mg cáps.bl.x 30;Baliarda;$ 36708.08;40%;$ 22024.85
49707;lacosamida;COMIL 100;100 mg comp.rec.x 30;Baliarda;$ 105943.29;50%;$ 52971.65
49708;lacosamida;COMIL 150;150 mg comp.rec.x 30;Baliarda;$ 143855.75;50%;$ 71927.88
49709;lacosamida;COMIL 200;200 mg comp.rec.x 30;Baliarda;$ 191117.52;50%;$ 95558.76
49706;lacosamida;COMIL 50;50 mg comp.rec.x 30;Baliarda;$ 49842.11;50%;$ 24921.06
39063;lamotrigina;LATRIGIN 200;comp.disper.ran.x 30;Baliarda;$ 69959.65;60%;$ 27983.86
39060;lamotrigina;LATRIGIN 25;comp.disper.ran.x 30;Baliarda;$ 16489.73;60%;$ 6595.89
39061;lamotrigina;LATRIGIN 50;comp.disper.ran.x 30;Baliarda;$ 25793.85;60%;$ 10317.54
39062;lamotrigina;LATRIGIN 100;comp.disper.ran.x 30;Baliarda;$ 42733.49;60%;$ 17093.4
61758;lamotrigina;LATRIGIN 100;comp.disper.ran.x 60;Baliarda;$ 85964.32;60%;$ 34385.73
48462;levetiracetam;LEVECOM 1000;1000mg comp.rec.ran.x 30;Baliarda;$ 146690.8;50%;$ 73345.4
53811;levetiracetam;LEVECOM 1000;1000mg comp.rec.ran.x 60;Baliarda;$ 204226.85;50%;$ 102113.43
48526;levetiracetam;LEVECOM XR 500;500 mg comp.lib.prol.x30;Baliarda;$ 77960.13;50%;$ 38980.07
48460;levetiracetam;LEVECOM 500;500 mg comp.rec.ran.x 20;Baliarda;$ 56793.46;50%;$ 28396.73
52492;levetiracetam;LEVECOM 500;500 mg comp.rec.ran.x 30;Baliarda;$ 73400.54;50%;$ 36700.27
48461;levetiracetam;LEVECOM 500;500 mg comp.rec.ran.x 60;Baliarda;$ 134942.62;50%;$ 67471.31
48527;levetiracetam;LEVECOM XR 750;750 mg comp.lib.prol.x30;Baliarda;$ 112725.52;50%;$ 56362.76
53812;levetiracetam;LEVECOM SOLUCI¿N;sol.oral x 300 ml;Baliarda;$ 159451.07;50%;$ 79725.54
39463;levofloxacina;VALIFLOX 500;500 mg comp.rec.ran.x 7;Baliarda;$ 17093.79;60%;$ 6837.52
41665;levofloxacina;VALIFLOX 750;750 mg comp.rec.ran.x 5;Baliarda;$ 19070.87;60%;$ 7628.35
1810;lidocaína+hidrocortisona+asoc.;PROCTO-IKATRAL;pda.x 10 g;Baliarda;$ 11120.91;50%;$ 5560.46
38346;meloxicam;MIOLOX;15 mg comp.ran.x 10;Baliarda;$ 8623.2;40%;$ 5173.92
38348;meloxicam;MIOLOX;15 mg comp.ran.x 30;Baliarda;$ 21735.79;40%;$ 13041.47
22885;memantine;NEUROPLUS;10 mg comp.rec.ran.x 20;Baliarda;$ 24116.58;50%;$ 12058.29
45221;memantine;NEUROPLUS;10 mg comp.rec.ran.x 30;Baliarda;$ 35668.86;50%;$ 17834.43
22886;memantine;NEUROPLUS;10 mg comp.rec.ran.x 40;Baliarda;$ 55044.35;50%;$ 27522.18
50569;memantine;NEUROPLUS;10 mg comp.rec.ran.x 60;Baliarda;$ 64708.66;50%;$ 32354.33
51634;memantine;NEUROPLUS XR;14mg comp.rec.lib.pr.x30;Baliarda;$ 46277.65;50%;$ 23138.83
43871;memantine;NEUROPLUS;20 mg comp.rec.ran.x 30;Baliarda;$ 46265.13;50%;$ 23132.57
51635;memantine;NEUROPLUS XR;21mg comp.rec.lib.pr.x30;Baliarda;$ 53701.64;50%;$ 26850.82
51636;memantine;NEUROPLUS XR;28mg comp.rec.lib.pr.x30;Baliarda;$ 63512.76;50%;$ 31756.38
51633;memantine;NEUROPLUS XR;7mg comp.rec.lib.pro.x30;Baliarda;$ 26637.53;50%;$ 13318.77
26166;memantine;NEUROPLUS;sol.oral x 30 ml;Baliarda;$ 33693.43;50%;$ 16846.72
54542;memantine+donepecilo;ENDOCLAR PLUS;14/10mg comp.lib.prolx30;Baliarda;$ 77303.5;50%;$ 38651.75
47099;memantine+donepecilo;NEUROPLUS DUAL;20/10mg comp.x 60(30+30);Baliarda;$ 76205.87;50%;$ 38102.94
47098;memantine+donepecilo;NEUROPLUS DUAL;20/5 mg comp.x 60(30+30);Baliarda;$ 68157.6;50%;$ 34078.8
54543;memantine+donepecilo;ENDOCLAR PLUS;28/10mg comp.lib.prolx30;Baliarda;$ 82145.47;50%;$ 41072.74
39460;metformina;BALIGLUC AP 1000;1000 mg comp.rec.AP x 30;Baliarda;$ 17714.78;100%;$ 0
37028;metformina;BALIGLUC 500;500 mg comp.rec.ran.x 30;Baliarda;$ 5997.25;100%;$ 0
37030;metformina;BALIGLUC AP 850;850 mg comp.rec.AP x 30;Baliarda;$ 13269.87;100%;$ 0
23574;metronidazol;GINKAN 500;comp.rec.x 20;Baliarda;$ 14510.22;50%;$ 7255.11
23573;metronidazol;GINKAN 500;comp.rec.x 8;Baliarda;$ 6331.51;50%;$ 3165.76
18899;miconazol+metronidazol+asoc.;GINKAN;ov.x 12;Baliarda;$ 35031.83;40%;$ 21019.1
18898;miconazol+metronidazol+asoc.;GINKAN;ov.x 6;Baliarda;$ 21039.82;40%;$ 12623.89
52551;nebivolol;NIDIB;10 mg comp.birran.x 28;Baliarda;$ 36784.87;50%;$ 18392.44
57848;nebivolol;NIDIB;10 mg comp.birran.x 30;Baliarda;$ 35494.16;50%;$ 17747.08
63913;nebivolol;NIDIB;2.5 mg comp.birran.x 30;Baliarda;$ 9160.67;50%;$ 4580.34
48494;nebivolol;NIDIB;5 mg comp.birran.x 28;Baliarda;$ 19539.95;50%;$ 9769.98
57847;nebivolol;NIDIB;5 mg comp.birran.x 30;Baliarda;$ 18701.33;50%;$ 9350.67
10331;neomicina+asoc.;CLEVOSAN;pda.x 10 g;Baliarda;$ 11998.49;50%;$ 5999.25
10332;neomicina+asoc.;CLEVOSAN;pda.x 30 g;Baliarda;$ 26653.1;50%;$ 13326.55
13261;neomicina+asoc.;CLEVOSAN;pda.x 60 g;Baliarda;$ 37105.2;50%;$ 18552.6
14395;nimodipina+citicolina;NIMOREAGIN;comp.rec.x 30;Baliarda;$ 28269.65;50%;$ 14134.83
14396;nimodipina+citicolina;NIMOREAGIN;comp.rec.x 60;Baliarda;$ 50004.42;50%;$ 25002.21
32555;pantoprazol;PANTUS IV;40 mg IV f.a.liof.x 1;Baliarda;$ 53180.6;40%;$ 31908.36
30536;paroxetina;MEPLAR 10;10 mg comp.rec.x 30;Baliarda;$ 18437.13;50%;$ 9218.57
50811;paroxetina;MEPLAR LC 12.5;12.5mg comp.lib.cont.x30;Baliarda;$ 32669.73;50%;$ 16334.87
28816;paroxetina;MEPLAR 20;20 mg comp.rec.x 10;Baliarda;$ 7917.11;50%;$ 3958.56
29376;paroxetina;MEPLAR 20;20 mg comp.rec.x 30;Baliarda;$ 42699.7;50%;$ 21349.85
34581;paroxetina;MEPLAR LC 25;25 mg comp.lib.cont.x 30;Baliarda;$ 36102.21;50%;$ 18051.11
43481;paroxetina;MEPLAR 30;30 mg comp.rec.ran.x 30;Baliarda;$ 44847.51;50%;$ 22423.76
41432;pramipexol;NULIPAR;0.25 mg comp.ran.x 30;Baliarda;$ 15844.35;50%;$ 7922.18
60122;pramipexol;NULIPAR;0.25 mg comp.ran.x 60;Baliarda;$ 33754.54;50%;$ 16877.27
49023;pramipexol;NULIPAR LP;0.375mg comp.lib.prolx10;Baliarda;$ 8989.63;50%;$ 4494.82
47914;pramipexol;NULIPAR;0.5 mg comp.ran.x 30;Baliarda;$ 31671.39;50%;$ 15835.7
49024;pramipexol;NULIPAR LP;0.75mg comp.lib.prol.x30;Baliarda;$ 45122.96;50%;$ 22561.48
41433;pramipexol;NULIPAR;1 mg comp.ran.x 30;Baliarda;$ 61227.95;50%;$ 30613.98
41434;pramipexol;NULIPAR;1 mg comp.ran.x 60;Baliarda;$ 113818.98;50%;$ 56909.49
49025;pramipexol;NULIPAR LP;1.5 mg comp.lib.prol.x30;Baliarda;$ 83475.47;50%;$ 41737.74
49026;pramipexol;NULIPAR LP;3 mg comp.lib.prol.x 30;Baliarda;$ 166955.79;50%;$ 83477.9
44331;pregabalina;LINPREL 150;150 mg cáps.x 28;Baliarda;$ 61831.85;50%;$ 30915.93
51587;pregabalina;LINPREL 150;150 mg cáps.x 30;Baliarda;$ 58491.13;50%;$ 29245.57
46714;pregabalina;LINPREL 25;25 mg cáps.x 28;Baliarda;$ 12586.74;50%;$ 6293.37
51585;pregabalina;LINPREL 25;25 mg cáps.x 30;Baliarda;$ 11643.17;50%;$ 5821.59
44332;pregabalina;LINPREL 300;300 mg cáps.x 28;Baliarda;$ 85632.59;50%;$ 42816.3
51588;pregabalina;LINPREL 300;300 mg cáps.x 30;Baliarda;$ 78717.77;50%;$ 39358.89
51769;pregabalina;LINPREL 50;50 mg cáps.x 28;Baliarda;$ 24422.35;50%;$ 12211.18
51632;pregabalina;LINPREL 50;50 mg cáps.x 30;Baliarda;$ 26457.75;50%;$ 13228.88
49510;pregabalina;LINPREL MULTIDOSIS;75 mg comp.birran.x 15;Baliarda;$ 10181.68;50%;$ 5090.84
49511;pregabalina;LINPREL MULTIDOSIS;75 mg comp.birran.x 30;Baliarda;$ 41027.34;50%;$ 20513.67
61763;pregabalina;LINPREL MULTIDOSIS;75 mg comp.birran.x 60;Baliarda;$ 74281.57;50%;$ 37140.79
44330;pregabalina;LINPREL 75;75 mg cáps.x 28;Baliarda;$ 38574.49;50%;$ 19287.25
51586;pregabalina;LINPREL 75;75 mg cáps.x 30;Baliarda;$ 39050.69;50%;$ 19525.35
40587;quetiapina;BIATRIX 100;100 mg comp.rec.ran.x 30;Baliarda;$ 93274.05;50%;$ 46637.03
49714;quetiapina;BIATRIX 100;100 mg comp.rec.ran.x 60;Baliarda;$ 145279.07;50%;$ 72639.54
40588;quetiapina;BIATRIX 200;200 mg comp.rec.ran.x 30;Baliarda;$ 115345.03;50%;$ 57672.52
49715;quetiapina;BIATRIX 200;200 mg comp.rec.ran.x 60;Baliarda;$ 187919.51;50%;$ 93959.76
45223;quetiapina;BIATRIX XR 200;200mg comp.lib.prol.x 30;Baliarda;$ 115487.85;50%;$ 57743.93
40585;quetiapina;BIATRIX 25;25 mg comp.rec.ran.x 10;Baliarda;$ 8859.64;50%;$ 4429.82
40586;quetiapina;BIATRIX 25;25 mg comp.rec.ran.x 30;Baliarda;$ 55017.49;50%;$ 27508.75
49713;quetiapina;BIATRIX 25;25 mg comp.rec.ran.x 60;Baliarda;$ 87473.46;50%;$ 43736.73
44565;quetiapina;BIATRIX 300;300 mg comp.rec.ran.x 30;Baliarda;$ 136283.33;50%;$ 68141.67
45224;quetiapina;BIATRIX XR 300;300mg comp.lib.prol.x 30;Baliarda;$ 153894.86;50%;$ 76947.43
45225;quetiapina;BIATRIX XR 400;400mg comp.lib.prol.x 30;Baliarda;$ 236485.47;50%;$ 118242.74
45222;quetiapina;BIATRIX XR 50;50 mg comp.lib.prol.x 30;Baliarda;$ 107779.08;50%;$ 53889.54
53511;rasagilina;RAGIPAR;1 mg comp.ran.x 30;Baliarda;$ 30034.71;50%;$ 15017.36
34561;risedronato;RIDRON;35 mg comp.rec.x 4;Baliarda;$ 11609.96;50%;$ 5804.98
34469;risperidona;RIATUL 0.25;0.25 mg comp.rec.x 20;Baliarda;$ 3165.43;50%;$ 1582.72
33527;risperidona;RIATUL 0.5;0.5 mg comp.rec.ran.x 20;Baliarda;$ 7863.63;50%;$ 3931.82
53995;risperidona;RIATUL 0.5;0.5 mg comp.rec.ran.x 60;Baliarda;$ 21608.29;50%;$ 10804.15
33528;risperidona;RIATUL 1;1 mg comp.rec.ran.x 20;Baliarda;$ 12796.48;50%;$ 6398.24
35440;risperidona;RIATUL 1;1 mg comp.rec.ran.x 60;Baliarda;$ 29364.87;50%;$ 14682.44
45963;risperidona;RIATUL 1;1 mg/ml sol.oral x 30 ml;Baliarda;$ 29625.78;50%;$ 14812.89
33530;risperidona;RIATUL 2;2 mg comp.rec.ran.x 20;Baliarda;$ 26222.62;50%;$ 13111.31
35441;risperidona;RIATUL 2;2 mg comp.rec.ran.x 60;Baliarda;$ 77249.63;50%;$ 38624.82
34553;risperidona;RIATUL 3;3 mg comp.rec.ran.x 20;Baliarda;$ 24637.66;50%;$ 12318.83
58009;rivaroxabán;RIXATYL;10 mg comp.rec.x 15;Baliarda;$ 79163.17;50%;$ 39581.59
60121;rivaroxabán;RIXATYL;10 mg comp.rec.x 30;Baliarda;$ 101938.31;50%;$ 50969.16
58010;rivaroxabán;RIXATYL;15 mg comp.rec.x 30;Baliarda;$ 104099.98;50%;$ 52049.99
58012;rivaroxabán;RIXATYL;2.5 mg comp.rec.x 60;Baliarda;$ 116926.7;50%;$ 58463.35
58011;rivaroxabán;RIXATYL;20 mg comp.rec.x 30;Baliarda;$ 109786.04;50%;$ 54893.02
43881;rosuvastatina;REOVEX 10;10 mg comp.rec.ran.x 30;Baliarda;$ 24847.49;60%;$ 9939
59494;rosuvastatina;REOVEX 10;10 mg comp.rec.ran.x 60;Baliarda;$ 48765.8;60%;$ 19506.32
43882;rosuvastatina;REOVEX 20;20 mg comp.rec.ran.x 30;Baliarda;$ 44113.46;60%;$ 17645.38
59495;rosuvastatina;REOVEX 20;20 mg comp.rec.ran.x 60;Baliarda;$ 84891.38;60%;$ 33956.55
54224;rosuvastatina;REOVEX 40;40 mg comp.rec.ran.x 30;Baliarda;$ 75022.47;60%;$ 30008.99
43880;rosuvastatina;REOVEX 5;5 mg comp.rec.ran.x 30;Baliarda;$ 16219.13;60%;$ 6487.65
59493;rosuvastatina;REOVEX 5;5 mg comp.rec.ran.x 60;Baliarda;$ 30916.79;60%;$ 12366.72
59582;rosuvastatina+ezetimibe;REOVEX EZ;10/10 comp.rec.x 30;Baliarda;$ 32232.66;50%;$ 16116.33
59583;rosuvastatina+ezetimibe;REOVEX EZ;20/10 comp.rec.x 30;Baliarda;$ 55195.1;50%;$ 27597.55
28348;sertralina;INSERTEC 100;100 mg comp.ran.x 30;Baliarda;$ 43753.21;50%;$ 21876.61
50083;sertralina;INSERTEC 100;100 mg comp.ran.x 60;Baliarda;$ 77571.55;50%;$ 38785.78
34572;sertralina;INSERTEC 25;25 mg comp.ran.x 30;Baliarda;$ 10206.62;50%;$ 5103.31
28347;sertralina;INSERTEC 50;50 mg comp.ran.x 30;Baliarda;$ 27110.12;50%;$ 13555.06
50082;sertralina;INSERTEC 50;50 mg comp.ran.x 60;Baliarda;$ 46372.42;50%;$ 23186.21
60201;sitagliptina;SIAGLIX;100 mg comp.rec.x 30;Baliarda;$ 95584.11;100%;$ 0
60199;sitagliptina;SIAGLIX;25 mg comp.rec.x 30;Baliarda;$ 75651.37;100%;$ 0
60200;sitagliptina;SIAGLIX;50 mg comp.rec.x 30;Baliarda;$ 89119.34;100%;$ 0
60998;sitagliptina+metformina,clorh.;SIAGLIX MET;50/1000 mg comp.rec.x 30;Baliarda;$ 64041.19;100%;$ 0
60999;sitagliptina+metformina,clorh.;SIAGLIX MET;50/1000 mg comp.rec.x 60;Baliarda;$ 126869.68;100%;$ 0
60995;sitagliptina+metformina,clorh.;SIAGLIX MET;50/500 mg comp. rec.x 30;Baliarda;$ 57782.36;100%;$ 0
60996;sitagliptina+metformina,clorh.;SIAGLIX MET;50/850 mg comp. rec.x 30;Baliarda;$ 52537.62;100%;$ 0
60997;sitagliptina+metformina,clorh.;SIAGLIX MET;50/850 mg comp. rec.x 60;Baliarda;$ 110569.93;100%;$ 0
54544;sodio,divalproato;DIPROVAL;250mg comp.rec.gastr.x60;Baliarda;$ 37863.65;80%;$ 7572.73
54545;sodio,divalproato;DIPROVAL;500mg comp.rec.gastr.x30;Baliarda;$ 33459.85;80%;$ 6691.97
54546;sodio,divalproato;DIPROVAL;500mg comp.rec.gastr.x60;Baliarda;$ 63924.01;80%;$ 12784.8
52491;solifenacina+tamsulosina;URIFEX;6mg/0.4mg comp.lib.c.x30;Baliarda;$ 51994.53;50%;$ 25997.27
58122;tadalafilo;DROTAQ;20 mg comp.rec.x 1;Baliarda;$ 11371.91;50%;$ 5685.96
58123;tadalafilo;DROTAQ;20 mg comp.rec.x 2;Baliarda;$ 22514.54;50%;$ 11257.27
58125;tadalafilo;DROTAQ HP;20 mg comp.rec.x 30;Baliarda;$ 341160;50%;$ 170580
58124;tadalafilo;DROTAQ;20 mg comp.rec.x 4;Baliarda;$ 44593;50%;$ 22296.5
61118;tadalafilo;DROTAQ HP;20 mg comp.rec.x 60;Baliarda;$ 528377.37;50%;$ 264188.69
58121;tadalafilo;DROTAQ;5 mg comp.rec.x 30;Baliarda;$ 99305.7;50%;$ 49652.85
42113;tamsulosina;PROSTOKLAR;0.4 mg comp.lib.prol.x30;Baliarda;$ 40326.4;50%;$ 20163.2
48949;tamsulosina;PROSTOKLAR;0.4 mg comp.lib.prol.x60;Baliarda;$ 64830;50%;$ 32415
59379;telmisartán;MISARTAL;40 mg comp.x 30;Baliarda;$ 61740.64;60%;$ 24696.26
59380;telmisartán;MISARTAL;80 mg comp.x 30;Baliarda;$ 89123.3;60%;$ 35649.32
18285;terazosina;BLAVIN;10 mg comp.x 30;Baliarda;$ 27196.02;50%;$ 13598.01
50080;terazosina;BLAVIN;10 mg comp.x 60;Baliarda;$ 53016.96;50%;$ 26508.48
18283;terazosina;BLAVIN;2 mg comp.x 30;Baliarda;$ 17256.31;50%;$ 8628.16
50079;terazosina;BLAVIN;2 mg comp.x 60;Baliarda;$ 33182.3;50%;$ 16591.15
18284;terazosina;BLAVIN;5 mg comp.x 30;Baliarda;$ 21837.7;50%;$ 10918.85
50081;terazosina;BLAVIN;5 mg comp.x 60;Baliarda;$ 40923.71;50%;$ 20461.86
58851;tramadol;TRAMAGESIC;comp.ran. x 30;Baliarda;$ 23813.13;50%;$ 11906.57
33532;trimebutina;EUMOTIL;100 mg comp.x 20;Baliarda;$ 4932.82;50%;$ 2466.41
33534;trimebutina;EUMOTIL;200 mg comp.x 20;Baliarda;$ 10239.25;50%;$ 5119.63
46010;trimebutina;EUMOTIL;200 mg comp.x 30;Baliarda;$ 15140.9;50%;$ 7570.45
33535;trimebutina;EUMOTIL;200 mg comp.x 40;Baliarda;$ 19768.22;50%;$ 9884.11
34365;trimebutina;EUMOTIL 300;300 mg comp.lib.prol.x30;Baliarda;$ 18523.87;50%;$ 9261.94
36104;trimebutina+bromazepam;EUMOTIL-T;comp.ran.x 20;Baliarda;$ 11296.46;40%;$ 6777.88
36105;trimebutina+bromazepam;EUMOTIL-T;comp.ran.x 50;Baliarda;$ 28677.44;40%;$ 17206.46
46132;trimebutina+simeticona;EUMOTIL S;comp.rec.x 30;Baliarda;$ 19375.5;40%;$ 11625.3
49712;trimebutina+simeticona;EUMOTIL S;comp.rec.x 60;Baliarda;$ 31963.03;40%;$ 19177.82
38034;valsartán;SARVAL;160 mg comp.rec.x 15;Baliarda;$ 18808.78;60%;$ 7523.51
38035;valsartán;SARVAL;160 mg comp.rec.x 30;Baliarda;$ 37042.26;60%;$ 14816.9
61762;valsartán;SARVAL;160 mg comp.rec.x 60;Baliarda;$ 55031.33;60%;$ 22012.53
44573;valsartán;SARVAL;320 mg comp.rec.x 30;Baliarda;$ 40256.35;60%;$ 16102.54
38032;valsartán;SARVAL;80 mg comp.rec.x 15;Baliarda;$ 14497.62;60%;$ 5799.05
38033;valsartán;SARVAL;80 mg comp.rec.x 30;Baliarda;$ 28527.73;60%;$ 11411.09
61761;valsartán;SARVAL;80 mg comp.rec.x 60;Baliarda;$ 41947.16;60%;$ 16778.86
46137;valsartán+amlodipina;DISARVAL;160/10 mg comp.rec.x 30;Baliarda;$ 45932.32;50%;$ 22966.16
63176;valsartán+amlodipina;DISARVAL;160/10 mg comp.rec.x 60;Baliarda;$ 72969.79;50%;$ 36484.9
46135;valsartán+amlodipina;DISARVAL;160/5 mg comp.rec.x 30;Baliarda;$ 44420.82;50%;$ 22210.41
63175;valsartán+amlodipina;DISARVAL;160/5 mg comp.rec.x 60;Baliarda;$ 70435.92;50%;$ 35217.96
50531;valsartán+amlodipina;DISARVAL;320/10 mg comp.rec.x 30;Baliarda;$ 54319.69;50%;$ 27159.85
50530;valsartán+amlodipina;DISARVAL;320/5 mg comp.rec.x 30;Baliarda;$ 52546.95;50%;$ 26273.48
51286;valsartán+hidrocloroti.+amlodip.;DISARVAL D;160/12.5/10 mg comp.x 30;Baliarda;$ 56245.94;50%;$ 28122.97
51285;valsartán+hidrocloroti.+amlodip.;DISARVAL D;160/12.5/5 mg comp.x 30;Baliarda;$ 55436.44;50%;$ 27718.22
63735;valsartán+hidrocloroti.+amlodip.;DISARVAL D;160/25/10mg comp.rec.x30;Baliarda;$ 50621.35;50%;$ 25310.68
63736;valsartán+hidrocloroti.+amlodip.;DISARVAL D;160/25/5 mg comp.rec.x30;Baliarda;$ 49892.81;50%;$ 24946.41
54225;valsartán+hidrocloroti.+amlodip.;DISARVAL D;320/25/10 mg comp.x 30;Baliarda;$ 57153.65;50%;$ 28576.83
40260;valsartán+hidroclorotiazida;SARVAL D 160/12.5;160/12.5 mg comp.rec.x30;Baliarda;$ 31788.1;50%;$ 15894.05
63172;valsartán+hidroclorotiazida;SARVAL D 160/12.5;160/12.5 mg comp.rec.x60;Baliarda;$ 57218.56;50%;$ 28609.28
50528;valsartán+hidroclorotiazida;SARVAL D 160/25;160/25 mg comp.rec.x 30;Baliarda;$ 42450.81;50%;$ 21225.41
63173;valsartán+hidroclorotiazida;SARVAL D 160/25;160/25 mg comp.rec.x 60;Baliarda;$ 74547.74;50%;$ 37273.87
51695;valsartán+hidroclorotiazida;SARVAL D 320/12.5;320/12.5 mg comp.rec.x30;Baliarda;$ 43673.24;50%;$ 21836.62
51696;valsartán+hidroclorotiazida;SARVAL D 320/25;320/25 mg comp.rec.x30;Baliarda;$ 43970.42;50%;$ 21985.21
63174;valsartán+hidroclorotiazida;SARVAL D 320/25;320/25 mg comp.rec.x60;Baliarda;$ 79145.63;50%;$ 39572.82
40259;valsartán+hidroclorotiazida;SARVAL D 80/12.5;80/12.5 mg comp.rec.x 30;Baliarda;$ 28512.59;50%;$ 14256.3
44549;venlafaxina;VENLIFAX XR 150;150 mg cáps.lib.prol.x28;Baliarda;$ 37125.59;50%;$ 18562.8
44547;venlafaxina;VENLIFAX XR 37.5;37.5mg cáps.lib.prol.x14;Baliarda;$ 13366.76;50%;$ 6683.38
44548;venlafaxina;VENLIFAX XR 75;75 mg cáps.lib.prol.x 28;Baliarda;$ 27778.99;50%;$ 13889.5
60119;vildagliptin+metformina;VI-BALIGLUC;50/1000 mg comp.rec.x 30;Baliarda;$ 50023.72;100%;$ 0
60120;vildagliptin+metformina;VI-BALIGLUC;50/1000 mg comp.rec.x 60;Baliarda;$ 95430.13;100%;$ 0
60115;vildagliptin+metformina;VI-BALIGLUC;50/500 mg comp.rec.x 30;Baliarda;$ 44020.99;100%;$ 0
60116;vildagliptin+metformina;VI-BALIGLUC;50/500 mg comp.rec.x 60;Baliarda;$ 84040.01;100%;$ 0
60117;vildagliptin+metformina;VI-BALIGLUC;50/850 mg comp.rec.x 30;Baliarda;$ 43097.51;100%;$ 0
60118;vildagliptin+metformina;VI-BALIGLUC;50/850 mg comp.rec.x 60;Baliarda;$ 83116.58;100%;$ 0
54898;vit.d3;DEVISAL CB;cáps.bl.x 1;Baliarda;$ 12058.46;40%;$ 7235.08
59870;vit.d3;DEVISAL CB 50000;cáps.bl.x 2;Baliarda;$ 14213.13;40%;$ 8527.88
54541;vit.d3;DEVISAL CB;cáps.bl.x 2;Baliarda;$ 19269.87;40%;$ 11561.92
51630;vit.d3;DEVISAL;f.a.bebible x 2 ml;Baliarda;$ 9489.49;40%;$ 5693.69
36111;zolpidem;DORMILAN;10 mg comp.ran.x 30;Baliarda;$ 14290.75;50%;$ 7145.38
41502;acetilsalicílico,ác.;ASPIRINA PREVENT;comp.cub.enterica x 20;Bayer (PH);$ 3610.67;60%;$ 1444.27
44878;acetilsalicílico,ác.;ASPIRINA PREVENT 325;comp.cub.enterica x 30;Bayer (PH);$ 749.44;60%;$ 299.78
41503;acetilsalicílico,ác.;ASPIRINA PREVENT;comp.cub.enterica x 50;Bayer (PH);$ 7883.18;60%;$ 3153.27
44879;acetilsalicílico,ác.;ASPIRINA PREVENT 325;comp.cub.enterica x 60;Bayer (PH);$ 13046.63;60%;$ 5218.65
34782;ciprofloxacina;CIPRO XR;1000 mg comp.x 7;Bayer (PH);$ 768.15;60%;$ 307.26
23768;ciprofloxacina;CIPRO;50 mg/ml susp.x 100 ml;Bayer (PH);$ 69849.98;60%;$ 27939.99
16136;estradiol+ciproterona;CLIMENE;grag.x 21;Bayer (PH);$ 443.2;50%;$ 221.6
8304;estradiol+hidroxiprogesterona;PRIMOSISTON;IM iny.a.x 1 ml;Bayer (PH);$ 10730.43;50%;$ 5365.22
14785;estradiol+noretisterona;MESIGYNA;iny.IM a.x 1 ml;Bayer (PH);$ 6953.63;50%;$ 3476.82
1211;fenobarbital;LUMINALETAS;comp.x 30;Bayer (PH);$ 9534.27;80%;$ 1906.85
17477;fenobarbital;LUMINAL;comp.x 60;Bayer (PH);$ 24990.03;80%;$ 4998.01
8310;hidroxiprogesterona;PROLUTON DEPOT;500 mg IM iny.a.ol.x 2ml;Bayer (PH);$ 15664.4;50%;$ 7832.2
2784;isoconazol;MUPATEN VAGINAL;600 mg blist.ov.x 1;Bayer (PH);$ 1457.98;50%;$ 728.99
8292;isoconazol;MUPATEN VAGINAL;cr.x 40 g;Bayer (PH);$ 1264.91;50%;$ 632.46
23301;levonorgestrel+etinilestradiol;MIRANOVA;grag.x 21;Bayer (PH);$ 4895.43;50%;$ 2447.72
25691;moxifloxacina;AVELOX;400 mg comp.rec.x 5;Bayer (PH);$ 2393.2;80%;$ 478.64
26444;moxifloxacina;AVELOX;400 mg comp.rec.x 7;Bayer (PH);$ 41259.04;80%;$ 8251.81
43812;moxifloxacina;AVELOX I.V.;400 mg sol.p/inf.x 250ml;Bayer (PH);$ 33713.96;80%;$ 6742.79
23767;nifedipina;ADALAT OROS;20 mg comp.x 30;Bayer (PH);$ 469.85;60%;$ 187.94
3749;nifedipina;ADALAT OROS;60 mg comp.x 20;Bayer (PH);$ 505.64;60%;$ 202.26
8483;nimodipina;NIMOTOP;30 mg comp.x 60;Bayer (PH);$ 534.06;50%;$ 267.03
43411;rivaroxabán;XARELTO;10 mg comp.x 10;Bayer (PH);$ 127632.72;50%;$ 63816.36
47809;rivaroxabán;XARELTO;15 mg comp.x 14;Bayer (PH);$ 4919.94;50%;$ 2459.97
47810;rivaroxabán;XARELTO;15 mg comp.x 28;Bayer (PH);$ 165911.49;50%;$ 82955.75
51025;rivaroxabán;XARELTO;2.5 mg x 56 comp.;Bayer (PH);$ 163411.86;50%;$ 81705.93
47811;rivaroxabán;XARELTO;20 mg comp.x 14;Bayer (PH);$ 11795.75;50%;$ 5897.88
47812;rivaroxabán;XARELTO;20 mg comp.x 28;Bayer (PH);$ 174360.62;50%;$ 87180.31
8316;testosterona;TESTOVIRON DEPOT;250 mg IM iny.a.ol.x 1ml;Bayer (PH);$ 25566.73;50%;$ 12783.37
42098;vardenafil;LEVITRA;20 mg comp.x 2;Bayer (PH);$ 467.98;50%;$ 233.99
42099;vardenafil;LEVITRA;20 mg comp.x 4;Bayer (PH);$ 869.68;50%;$ 434.84
10148;difluocortolona+asoc.;SCHERIDERM;cr.x 20 g;Bayer Consumer;$ 5541.26;50%;$ 2770.63
63504;ibuprofeno;ACTRON 600 RAPIDA ACCION NUEVA FORMULA;cáps.gelat.blanda x 10;Bayer Consumer;$ 9517;40%;$ 5710.2
63505;ibuprofeno;ACTRON 600 RAPIDA ACCION NUEVA FORMULA;cáps.gelat.blanda x 20;Bayer Consumer;$ 17035;40%;$ 10221
46707;ibuprofeno;ACTRON PEDIATRICO 4%;susp.oral x 100 ml;Bayer Consumer;$ 14496;40%;$ 8697.6
8289;isoconazol;MUPATEN;cr.x 20 g;Bayer Consumer;$ 2994.14;50%;$ 1497.07
15702;paracetamol+clorfeniramina+asoc.;TABCIN COMPUESTO;cáps.x 12;Bayer Consumer;$ 5210;40%;$ 3126
15703;paracetamol+clorfeniramina+asoc.;TABCIN COMPUESTO;cáps.x 20;Bayer Consumer;$ 8482;40%;$ 5089.2
33968;tiras reactivas;ASCENSIA ENTRUST;sensores x 50;Bayer Consumer;$ 568.31;100%;$ 0
26701;vit.+minerales;BEROCCA PLUS;comp.eferv.x 10;Bayer Consumer;$ 15314.99;40%;$ 9188.99
26702;vit.+minerales;BEROCCA PLUS;comp.eferv.x 30;Bayer Consumer;$ 36617.01;40%;$ 21970.21
8102;vit.+minerales;CAL C VITA;comp.eferv.x 30;Bayer Consumer;$ 27690.99;40%;$ 16614.59
28663;vit.+minerales;CAL C VITA FLUOR;comp.eferv.x 30;Bayer Consumer;$ 11703.84;40%;$ 7022.3
19439;vit.+minerales;SUPRADYN PRONATAL;comp.laq.x 30;Bayer Consumer;$ 32862.99;40%;$ 19717.79
26703;vit.+minerales;BEROCCA PLUS;comp.laq.x 30;Bayer Consumer;$ 24423.01;40%;$ 14653.81
31052;vit.+minerales;SUPRADYN PRONATAL;comp.laq.x 90;Bayer Consumer;$ 83007.98;40%;$ 49804.79
25911;vit.+minerales;SUPRADYN FORTE;eferv.comp.x10 nar.s/az.;Bayer Consumer;$ 14721;40%;$ 8832.6
25912;vit.+minerales;SUPRADYN FORTE;eferv.comp.x30 nar.s/az.;Bayer Consumer;$ 35330.99;40%;$ 21198.59
25910;vit.+minerales;SUPRADYN FORTE;grag.x 30;Bayer Consumer;$ 23586;40%;$ 14151.6
53873;vit.+minerales;SUPRADYN FORTE;grag.x 60;Bayer Consumer;$ 42605.98;40%;$ 25563.59
26109;vit.b,complejo;BECOZYM NF;a.x 6;Bayer Consumer;$ 16021.01;40%;$ 9612.61
7626;vit.b,complejo;COBENEXOL FUERTE;comp.laq.x 30;Bayer Consumer;$ 32017;40%;$ 19210.2
28894;vit.b,complejo;BECOZYM;grag.x 30;Bayer Consumer;$ 12528.99;40%;$ 7517.39
7535;vit.c;REDOXON;eferv.2 g comp.x10 Limón;Bayer Consumer;$ 12557;40%;$ 7534.2
7922;vit.c;REDOXON;eferv.2 g comp.x30 Limón;Bayer Consumer;$ 30107;40%;$ 18064.2
14988;vit.c+vit.e+betacaroteno+asoc.;LAROTABE;cáps.x 30;Bayer Consumer;$ 26786.99;40%;$ 16072.19
50368;acetilcarnitina;NEUREX;500 mg comp.x 40;Beta;$ 65858.71;50%;$ 32929.36
52064;acetilcisteína;DOSOMUK;600 mg comp.dispers.x 10;Beta;$ 15887.74;40%;$ 9532.64
52065;acetilcisteína;DOSOMUK;600 mg comp.dispers.x 20;Beta;$ 25927.03;40%;$ 15556.22
51917;ambroxol+butamirato+clorfeniram.;MUCO DOSODOS;jbe.x 150 ml;Beta;$ 37262.31;50%;$ 18631.16
36861;aripiprazol;SIBLIX;10 mg comp.x 30;Beta;$ 31422.96;50%;$ 15711.48
36863;aripiprazol;SIBLIX;15 mg comp.x 30;Beta;$ 45843.18;50%;$ 22921.59
56901;aripiprazol;SIBLIX;5 mg comp.x 30;Beta;$ 24696.93;50%;$ 12348.47
24436;atorvastatín;ATEROCLAR;10 mg comp.rec.x 30;Beta;$ 37487.84;60%;$ 14995.14
40643;atorvastatín;ATEROCLAR;10 mg comp.rec.x 60;Beta;$ 1738.38;60%;$ 695.35
24438;atorvastatín;ATEROCLAR;20 mg comp.rec.x 30;Beta;$ 56184.66;60%;$ 22473.86
28943;atorvastatín;ATEROCLAR;40 mg comp.rec.x 30;Beta;$ 67720.57;60%;$ 27088.23
36604;atorvastatín+ezetimibe;ATEROCLAR DUO;10/10 mg blíst.x 30+30;Beta;$ 2687.54;50%;$ 1343.77
42267;atorvastatín+ezetimibe;ATEROCLAR COMBI;10/10 mg comp.x 30;Beta;$ 38993.09;50%;$ 19496.55
36605;atorvastatín+ezetimibe;ATEROCLAR DUO;20/10 mg blíst.x 30+30;Beta;$ 3223.77;50%;$ 1611.89
42268;atorvastatín+ezetimibe;ATEROCLAR COMBI;20/10 mg comp.x 30;Beta;$ 50355.32;50%;$ 25177.66
17583;azitromicina;TRIAMID;500 mg comp.rec.x 3;Beta;$ 14734.64;60%;$ 5893.86
22117;azitromicina;TRIAMID;500 mg comp.rec.x 5;Beta;$ 18771.46;60%;$ 7508.58
52660;azitromicina;TRIAMID;500 mg comp.rec.x 6;Beta;$ 22337.07;60%;$ 8934.83
1350;butamirato,citrato;DOSODOS;gts.x 15 ml;Beta;$ 11354.93;50%;$ 5677.47
51916;butamirato,citrato;DOSODOS;jbe.x 150 ml;Beta;$ 28759.57;50%;$ 14379.79
26682;cabergolina;LACTAMAX;0.5 mg comp.x 2;Beta;$ 18472.91;80%;$ 3694.58
26683;cabergolina;LACTAMAX;0.5 mg comp.x 8;Beta;$ 58461.49;80%;$ 11692.3
28928;calcio,carbonato+vit.d3;TAXUS 400;400 mg comp.mast.x 30;Beta;$ 8976.02;40%;$ 5385.61
49668;ciproheptadina+calcio+asoc.;CIPROVIT CALCICO;comp.blíst.x 60;Beta;$ 52726.17;50%;$ 26363.09
50366;ciproheptadina+calcio+asoc.;CIPROVIT CALCICO;jbe.x 150 ml;Beta;$ 65151.96;50%;$ 32575.98
158;ciproheptadina+vit.+asoc.;CIPROVIT MAGNESICO;gran.sob.x 20;Beta;$ 43085.23;40%;$ 25851.14
36151;claritromicina;CLAROVIL UD;500 mg comp.lib.prol.x 4;Beta;$ 9461.92;60%;$ 3784.77
36152;claritromicina;CLAROVIL UD;500 mg comp.lib.prol.x 8;Beta;$ 18028.84;60%;$ 7211.54
36150;claritromicina;CLAROVIL;500 mg comp.rec.x 16;Beta;$ 33278.15;60%;$ 13311.26
46392;claritromicina;CLAROVIL;500 mg comp.rec.x 8;Beta;$ 17248.66;60%;$ 6899.46
31737;clonazepam;CLONAX RAPID;0.25 mg comp.subl.x 30;Beta;$ 5830.89;50%;$ 2915.45
28492;clonazepam;CLONAX;0.5 mg comp.x 30;Beta;$ 10655.31;50%;$ 5327.66
49155;clonazepam;CLONAX;0.5 mg comp.x 50;Beta;$ 16383.79;50%;$ 8191.9
34302;clonazepam;CLONAX;1 mg comp.x 30;Beta;$ 12581.48;50%;$ 6290.74
49156;clonazepam;CLONAX;1 mg comp.x 50;Beta;$ 16383.79;50%;$ 8191.9
28493;clonazepam;CLONAX;2 mg comp.x 30;Beta;$ 12900.28;80%;$ 2580.06
49157;clonazepam;CLONAX;2 mg comp.x 50;Beta;$ 16383.79;80%;$ 3276.76
31738;condroitín,sulfato+glucosamina;MECANYL DUO;cáps.x 30;Beta;$ 22939.82;40%;$ 13763.89
31739;condroitín,sulfato+glucosamina;MECANYL DUO;cáps.x 60;Beta;$ 50179.49;40%;$ 30107.69
40373;condroitín,sulfato+glucosamina;MECANYL K DUO;gran.sob.x 30;Beta;$ 15813.9;40%;$ 9488.34
33150;condroitín,sulfato+glucosamina;MECANYL DUO;gran.sob.x 30;Beta;$ 24620.35;40%;$ 14772.21
61836;dapagliflozina;GLICINAL;10 mg comp.x 28;Beta;$ 64909.26;100%;$ 0
54356;diacereína+sulf.glucosamina pot.;MECANYL COMPLEX;cáps.x 60;Beta;$ 33723.91;50%;$ 16861.96
2917;diclofenac dietilamina;OXA GEL;gel x 100 g;Beta;$ 28755.08;40%;$ 17253.05
13312;diclofenac dietilamina;OXA GEL;gel x 50 g;Beta;$ 17283.39;40%;$ 10370.03
10161;diclofenac potásico;OXA 50;50 mg comp.rec.x 15;Beta;$ 8108.94;40%;$ 4865.36
1390;diclofenac potásico;OXA 50;50 mg comp.rec.x 30;Beta;$ 14868.2;40%;$ 8920.92
1391;diclofenac potásico;OXA 75;75 mg iny.a.x 6 x 3 ml;Beta;$ 2667.95;40%;$ 1600.77
35298;diclofenac potásico+paracetamol;OXAGESIC;comp.rec.x 100;Beta;$ 686.67;40%;$ 412
10165;diclofenac potásico+paracetamol;OXAGESIC;comp.rec.x 15;Beta;$ 14629.99;40%;$ 8777.99
49976;diclofenac potásico+paracetamol;OXAGESIC FORTE;comp.rec.x 15;Beta;$ 16414.05;40%;$ 9848.43
49975;diclofenac potásico+paracetamol;OXAGESIC FORTE;comp.rec.x 30;Beta;$ 31468.9;40%;$ 18881.34
1394;diclofenac potásico+paracetamol;OXAGESIC;comp.rec.x 30;Beta;$ 23106.66;40%;$ 13864
34373;diclofenac sódico;OXA 75 RAPILENT;comp.rec.x 100;Beta;$ 796.4;40%;$ 477.84
57006;diclofenac sódico;OXA 75;comp.rec.x 15;Beta;$ 15912.61;40%;$ 9547.57
10162;diclofenac sódico;OXA RETARD;comp.rec.x 15;Beta;$ 522.18;40%;$ 313.31
37441;diclofenac sódico;OXA 100;comp.rec.x 15;Beta;$ 533.8;40%;$ 320.28
1395;diclofenac sódico;OXA RETARD;comp.rec.x 30;Beta;$ 1709.06;40%;$ 1025.44
37442;diclofenac sódico;OXA 100;comp.rec.x 30;Beta;$ 2657.98;40%;$ 1594.79
57007;diclofenac sódico;OXA 75;comp.rec.x 30;Beta;$ 31937.13;40%;$ 19162.28
29732;diclofenac sódico;OXA GEL PLUS;gel x 50 g;Beta;$ 20832.41;40%;$ 12499.45
22654;diclofenac sódico+codeína;OXA FORTE;comp.rec.x 20;Beta;$ 2138.45;40%;$ 1283.07
18299;diclofenac sódico+misoprostol;OXAPROST 75;comp.x 16;Beta;$ 264930.81;40%;$ 158958.49
10930;diclofenac sódico+misoprostol;OXAPROST;comp.x 16;Beta;$ 13903.89;40%;$ 8342.33
44870;diclofenac sódico+paracetamol;OXAGESIC CB;cáps.blandas x 20;Beta;$ 25102.06;40%;$ 15061.24
35297;diclofenac+pridinol;OXADISTEN;comp.rec.x 100;Beta;$ 835.31;40%;$ 501.19
10164;diclofenac+pridinol;OXADISTEN;comp.rec.x 20;Beta;$ 21433.38;40%;$ 12860.03
2921;diclofenac+pridinol;OXADISTEN;comp.rec.x 40;Beta;$ 35700.01;40%;$ 21420.01
20093;diclofenac+pridinol;OXADISTEN;cr.x 50 g;Beta;$ 27892.23;40%;$ 16735.34
42108;diclofenac+pridinol;OXADISTEN CB;cáps.blandas x 15;Beta;$ 21616.75;40%;$ 12970.05
10163;diclofenac+vit.b12+betametasona;OXA B12;comp.rec.x 15;Beta;$ 23455.34;40%;$ 14073.2
4867;diclofenac+vit.b12+betametasona;OXA B12;comp.rec.x 30;Beta;$ 44738.4;40%;$ 26843.04
55187;diclofenac+vit.b12+betametasona;OXA B12 I.M.;iny.a.x 3;Beta;$ 35169.78;40%;$ 21101.87
51355;diclofenac+vit.b12+betametasona;OXA B12 I.M.;iny.a.x 6;Beta;$ 55099.65;40%;$ 33059.79
3267;difenilhidantoinato ca+fenobarb.;LOTOQUIS 5;comp.x 100;Beta;$ 71596.33;80%;$ 14319.27
2574;difenilhidantoinato ca+fenobarb.;LOTOQUIS;comp.x 100;Beta;$ 67989.65;80%;$ 13597.93
4201;difenilhidantoinato de calcio;LOTOQUIS SIMPLE;comp.x 100;Beta;$ 77483.96;80%;$ 15496.79
40644;difenilhidantoinato de calcio;LOTOQUIS SIMPLE;comp.x 50;Beta;$ 32845.24;80%;$ 6569.05
49986;donepecilo;CRISTACLAR;10 mg comp.rec.x 30;Beta;$ 44285.42;50%;$ 22142.71
49984;donepecilo;CRISTACLAR;5 mg comp.rec.x 30;Beta;$ 38202.91;50%;$ 19101.46
55972;duloxetina;DOXALINE;30 mg comp.rec.x 15;Beta;$ 27331.24;50%;$ 13665.62
55973;duloxetina;DOXALINE;60 mg comp.rec.x 30;Beta;$ 58306.93;50%;$ 29153.47
52217;dutasteride;DOXATEN;0.5 mg cáps.x 30;Beta;$ 41839.46;50%;$ 20919.73
62447;empagliflozina;ETACRIL;10 mg comp.rec.x 30;Beta;$ 91140.47;100%;$ 0
62446;empagliflozina;ETACRIL;25 mg comp.rec.x 30;Beta;$ 98584.47;100%;$ 0
44872;escitalopram;AXIOMAT;10 mg comp.rec.x 30;Beta;$ 38828.78;50%;$ 19414.39
44865;escitalopram;AXIOMAT;20 mg comp.rec.x 30;Beta;$ 67150.87;50%;$ 33575.44
20491;espiramicina+metronidazol;ESTILOMICIN;comp.rec.x 20;Beta;$ 19645.57;50%;$ 9822.79
51566;estradiol;TRIAL GEL;gel x 80 g;Beta;$ 65203.88;50%;$ 32601.94
54764;estriol;MENOCLIM CREMA;cr.x 15 g;Beta;$ 22787.82;50%;$ 11393.91
45460;estriol;MENOCLIM;óv.x 10;Beta;$ 30607.76;50%;$ 15303.88
54007;etoricoxib;COXAL;120 mg comp.x 7;Beta;$ 15900.4;50%;$ 7950.2
54004;etoricoxib;COXAL;60 mg comp.x 28;Beta;$ 35994.36;50%;$ 17997.18
54005;etoricoxib;COXAL;90 mg comp.x 14;Beta;$ 27616.17;50%;$ 13808.09
54006;etoricoxib;COXAL;90 mg comp.x 28;Beta;$ 44811.16;50%;$ 22405.58
53356;fenofíbrico,ác.;LIPO PLUS C;135mg comp.lib.prol.x30;Beta;$ 2351.95;60%;$ 940.78
51220;gliclazida;AGLUCIDE MR 60;60 mg comp.lib.mod.x 30;Beta;$ 30327.93;100%;$ 0
51219;gliclazida;AGLUCIDE MR 60;60 mg comp.lib.mod.x 60;Beta;$ 58058.72;100%;$ 0
27073;glucosamina;MECANYL;1500 mg gran.sob.x 30;Beta;$ 13450.49;40%;$ 8070.29
39788;glucosamina,potásica;MECANYL K;1500 mg gran.sob.x 30;Beta;$ 12425.33;40%;$ 7455.2
39372;ibandrónico,ác.;MODIFICAL;150 mg comp.rec.x 1;Beta;$ 4823.56;50%;$ 2411.78
40374;ibandrónico,ác.+asoc.;MODIFICAL DUO;comp.rec.x1+comp.mastx30;Beta;$ 5698.08;50%;$ 2849.04
39147;lamotrigina;LAGOTRAN;100 mg comp.dispers.x 15;Beta;$ 552.29;60%;$ 220.92
33153;lamotrigina;LAGOTRAN;100 mg comp.dispers.x 30;Beta;$ 53761.48;60%;$ 21504.59
41730;lamotrigina;LAGOTRAN;200 mg comp.dispers.x 30;Beta;$ 88550.5;60%;$ 35420.2
33151;lamotrigina;LAGOTRAN;25 mg comp.dispers.x 30;Beta;$ 16947.36;60%;$ 6778.94
33152;lamotrigina;LAGOTRAN;50 mg comp.dispers.x 30;Beta;$ 30306.17;60%;$ 12122.47
25983;leflunomida;INMUNOARTRO;20 mg comp.rec.x 30;Beta;$ 38944.08;50%;$ 19472.04
58508;levetiracetam;LEPTAM;1000 mg comp.rec.x 30;Beta;$ 127526.54;50%;$ 63763.27
3833;lisinopril;LISINAL 20;comp.x 30;Beta;$ 1164.58;60%;$ 465.83
3832;lisinopril;LISINAL 10;comp.x 30;Beta;$ 1558.26;60%;$ 623.3
1464;llantén+senósidos a y b;MEDILAXAN;gran.fco.x 250 g;Beta;$ 16280.49;50%;$ 8140.25
45317;memantine;CONEXINE 20;20 mg comp.rec.x 30;Beta;$ 49313.37;50%;$ 24656.69
29132;memantine;CONEXINE;comp.rec.x 30;Beta;$ 37147.16;50%;$ 18573.58
47107;metformina+pioglitazona;CERELUC MET;15/500 mg comp.x 30;Beta;$ 51165;50%;$ 25582.5
47109;metformina+pioglitazona;CERELUC MET;15/850 mg comp.x 30;Beta;$ 53417.68;50%;$ 26708.84
28155;miconazol+metronidazol+asoc.;GINAL CENT;cáps.blandas vag.x 6;Beta;$ 17284.47;40%;$ 10370.68
49669;modafinilo;VIGICER;200 mg comp.x 15;Beta;$ 35492.73;50%;$ 17746.37
49670;modafinilo;VIGICER;200 mg comp.x 30;Beta;$ 66928.42;50%;$ 33464.21
27069;mosapride;INTESUL;5 mg comp.rec.x 30;Beta;$ 18913.05;50%;$ 9456.53
27070;mosapride;INTESUL;5 mg comp.rec.x 60;Beta;$ 32555.1;50%;$ 16277.55
52954;olanzapina;TREXOL;10 mg comp.rec.x 28;Beta;$ 141620.19;50%;$ 70810.1
52951;olanzapina;TREXOL;5 mg comp.rec.x 28;Beta;$ 69629.92;50%;$ 34814.96
61277;otilonio,bromuro;PASMINOX;40 mg comp.x 60;Beta;$ 25963.7;50%;$ 12981.85
13539;otilonio,bromuro;PASMINOX 40;comp.rec.x 20;Beta;$ 17332.36;50%;$ 8666.18
13540;otilonio,bromuro+diazepam;PASMINOX SOMATICO 40;comp.rec.x 20;Beta;$ 19725.97;50%;$ 9862.99
28151;paroxetina;PSICOASTEN 10 MG;10 mg comp.rec.x 30;Beta;$ 23330.86;50%;$ 11665.43
34305;paroxetina;PSICOASTEN LC;12.5 mg comp.rec.x 30;Beta;$ 36836.77;50%;$ 18418.39
22116;paroxetina;PSICOASTEN;20 mg comp.rec.x 30;Beta;$ 44354.71;50%;$ 22177.36
34307;paroxetina;PSICOASTEN LC;25 mg comp.rec.x 30;Beta;$ 42294.76;50%;$ 21147.38
34308;paroxetina;PSICOASTEN LC;37.5 mg comp.rec.x 30;Beta;$ 33721.54;50%;$ 16860.77
28153;paroxetina;PSICOASTEN 40 MG;40 mg comp.rec.x 30;Beta;$ 56064.33;50%;$ 28032.17
21989;pilocarpina;WETOL;comp.rec.x 30;Beta;$ 32215.37;50%;$ 16107.69
27845;pioglitazona;CERELUC;15 mg comp.x 30;Beta;$ 26613.83;50%;$ 13306.92
27173;pioglitazona;CERELUC;30 mg comp.x 30;Beta;$ 52263.87;50%;$ 26131.94
27848;pioglitazona;CERELUC;45 mg comp.x 30;Beta;$ 32581.05;50%;$ 16290.53
44951;pramipexol;NEUROSOMAT 0.25 MG;0.25 mg comp.x 30;Beta;$ 16513.1;50%;$ 8256.55
44952;pramipexol;NEUROSOMAT 0.25 MG;0.25 mg comp.x 90;Beta;$ 1458.82;50%;$ 729.41
44953;pramipexol;NEUROSOMAT 1 MG;1 mg comp.x 30;Beta;$ 61238.88;50%;$ 30619.44
44954;pramipexol;NEUROSOMAT 1 MG;1 mg comp.x 90;Beta;$ 4871.06;50%;$ 2435.53
52477;promestriene;MENOCLIM PRO;cr.x 15 g;Beta;$ 24773.89;50%;$ 12386.95
52478;promestriene;MENOCLIM PRO;óv. x 10;Beta;$ 23743.77;50%;$ 11871.89
52479;promestriene;MENOCLIM PRO;óv. x 20;Beta;$ 43925.81;50%;$ 21962.91
11617;psyllium+asoc.;MEDILAXAN;comp.rec.x 30;Beta;$ 18981.37;50%;$ 9490.69
44868;quetiapina;DOMINIUM;100 mg comp.rec.x 30;Beta;$ 90230.91;50%;$ 45115.46
44869;quetiapina;DOMINIUM;200 mg comp.rec.x 30;Beta;$ 102101.62;50%;$ 51050.81
44867;quetiapina;DOMINIUM;25 mg comp.rec.x 30;Beta;$ 51883.8;50%;$ 25941.9
54694;rasagilina;AGILINE;1 mg comp.x 30;Beta;$ 2059.73;50%;$ 1029.87
26472;repaglinida;SESTRINE;0.5 mg comp.x 30;Beta;$ 24432.42;50%;$ 12216.21
26474;repaglinida;SESTRINE;1 mg comp.x 30;Beta;$ 24432.42;50%;$ 12216.21
26475;repaglinida;SESTRINE;1 mg comp.x 90;Beta;$ 68981.9;50%;$ 34490.95
26476;repaglinida;SESTRINE;2 mg comp.x 30;Beta;$ 20183.25;50%;$ 10091.63
26477;repaglinida;SESTRINE;2 mg comp.x 90;Beta;$ 68218.43;50%;$ 34109.22
45603;risedronato;RIBASTAMIN 150 MG;comp.rec.x 1;Beta;$ 28976.8;50%;$ 14488.4
54765;risedronato;RIBASTAMIN 150 MG;comp.rec.x 3;Beta;$ 69333.01;50%;$ 34666.51
34303;risperidona;DROPICINE;0.5 mg comp.rec.x 20;Beta;$ 7195.95;50%;$ 3597.98
27060;risperidona;DROPICINE;1 mg comp.rec.x 20;Beta;$ 10840.79;50%;$ 5420.4
27061;risperidona;DROPICINE;1 mg comp.rec.x 60;Beta;$ 25902.34;50%;$ 12951.17
27062;risperidona;DROPICINE;2 mg comp.rec.x 20;Beta;$ 20992.17;50%;$ 10496.09
27063;risperidona;DROPICINE;2 mg comp.rec.x 60;Beta;$ 71624.14;50%;$ 35812.07
27064;risperidona;DROPICINE;3 mg comp.rec.x 20;Beta;$ 29669.38;50%;$ 14834.69
27065;risperidona;DROPICINE;3 mg comp.rec.x 60;Beta;$ 92684.24;50%;$ 46342.12
26679;rosiglitazona;GLIMIDE;4 mg comp.rec.x 30;Beta;$ 53955.44;50%;$ 26977.72
26680;rosiglitazona;GLIMIDE;8 mg comp.rec.x 30;Beta;$ 52935.59;50%;$ 26467.8
45707;rosuvastatina;ATERONOVA;10 mg comp.x 30;Beta;$ 24157.01;60%;$ 9662.8
45909;rosuvastatina;ATERONOVA;20 mg comp.x 30;Beta;$ 43903.56;60%;$ 17561.42
61366;rosuvastatina;ATERONOVA;40 mg comp.x 30;Beta;$ 60468.41;60%;$ 24187.36
55102;rosuvastatina;ATERONOVA;5 mg comp.x 30;Beta;$ 11159.67;60%;$ 4463.87
15138;selegilina;BRINTENAL;5 mg comp.x 20;Beta;$ 553.14;80%;$ 110.63
37440;selegilina;BRINTENAL;5 mg comp.x 60;Beta;$ 24107.85;80%;$ 4821.57
63022;sitagliptina;SIFEL;100 mg comp.x 28;Beta;$ 88571.63;100%;$ 0
63503;sitagliptina;SIFEL;50 mg comp.x 28;Beta;$ 81844.67;100%;$ 0
53254;tamsulosina;TOLOXANE;0.4 mg caps.lib.prol.x30;Beta;$ 1586.31;50%;$ 793.16
53255;tamsulosina;TOLOXANE;0.4 mg caps.lib.prol.x60;Beta;$ 1681.4;50%;$ 840.7
63403;testosterona;ANDROLONE;gel pomo x 15 g + aplic.;Beta;$ 49080.11;50%;$ 24540.06
34309;testosterona;ANDROLONE;gel sob.x 30 x 5 g;Beta;$ 84232.59;50%;$ 42116.3
39610;tibolona;DISCRETAL 1.25;1.25 mg comp.x 30;Beta;$ 25977.14;50%;$ 12988.57
29186;tibolona;DISCRETAL 2.5;comp.x 30;Beta;$ 34896.07;50%;$ 17448.04
49673;tióctico,ác.;NEUTRACOL;600 mg comp.rec.x 40;Beta;$ 2078.04;50%;$ 1039.02
49674;tióctico,ác.;NEUTRACOL;600 mg comp.rec.x 60;Beta;$ 2224.05;50%;$ 1112.03
49980;tolfenámico,ác.;FLOCUR;200 mg cáps.x 20;Beta;$ 32038.64;50%;$ 16019.32
49791;tolfenámico,ác.;FLOCUR RAPID;comp.x 15;Beta;$ 34723.77;50%;$ 17361.89
43742;tiras reactivas;ON CALL PLUS;tiras reac.x 50 (1b.x50);Betterlife S.R.;$ 64223.03;100%;$ 0
1481;antígenos;NILFLUX;vac.oral grag.x 10;Biol;$ 17911.25;50%;$ 8955.63
21778;antígenos+asoc.;BIOL PREO;a.x 1 x 1 ml c/jga.+ag.;Biol;$ 8851.33;50%;$ 4425.67
47974;betametasona+gentamic.+miconazol;VAGILEN DERMICO;cr.x 20 g;Biol;$ 1305.23;40%;$ 783.14
51254;clindamicina+ketoconazol;FRONT 2;óv.x 7;Biol;$ 19782.32;50%;$ 9891.16
14675;ergonovina;METRERGINA;0.2 mg a.x 6 x 1 ml;Biol;$ 11152.06;50%;$ 5576.03
50405;ergonovina;METRERGINA;0.2 mg comp.x 20;Biol;$ 12306.99;50%;$ 6153.5
31519;fluconazol;DAMICOL;150 mg caps.x 1;Biol;$ 59.8;50%;$ 29.9
31520;fluconazol;DAMICOL;150 mg caps.x 2;Biol;$ 645.98;50%;$ 322.99
43891;fluconazol;DAMICOL;150 mg caps.x 4;Biol;$ 1035.65;50%;$ 517.83
1478;glucoprot.de enterobacterias;INESPECIN;comp.x 6;Biol;$ 13798.11;50%;$ 6899.06
17727;hexoprenalina;ARGOCIAN;25 mcg/5 ml iny.a.x 5;Biol;$ 11428.18;50%;$ 5714.09
22184;hierro+fólico,ác.;FERRETAB COMPUESTO;cáps.x 30;Biol;$ 25709.22;50%;$ 12854.61
22185;hierro+fólico,ác.;FERRETAB COMPUESTO;cáps.x 60;Biol;$ 43920.19;50%;$ 21960.1
30277;labetalol;BIASCOR;200 mg comp.x 20;Biol;$ 17381.89;50%;$ 8690.95
61054;labetalol;BIASCOR;200 mg comp.x 60;Biol;$ 43791.12;50%;$ 21895.56
30278;labetalol;BIASCOR;5 mg/ml a.x 10 x 4 ml;Biol;$ 82676.71;50%;$ 41338.36
1285;metronidazol;METRONIDAZOL BIOL;500 mg comp.x 20;Biol;$ 11223.19;50%;$ 5611.6
44709;metronidazol;METRONIDAZOL BIOL;500 mg óv.x 10;Biol;$ 9903.71;50%;$ 4951.86
42461;metronidazol+asoc.;METANIS;ov.x 10;Biol;$ 1414.78;50%;$ 707.39
40553;metronidazol+asoc.;VAGILEN;óv.x 12;Biol;$ 21582.64;50%;$ 10791.32
40552;metronidazol+asoc.;VAGILEN;óv.x 6;Biol;$ 12628.52;50%;$ 6314.26
1482;nistatina+neomicina+asoc.;O BIOL;óv.x 6;Biol;$ 12623.7;50%;$ 6311.85
33405;siliconas;FINESCAR;spray x 170 g;Biol;$ 20692.25;50%;$ 10346.13
23549;suero antiofídico;SUERO ANTIOFIDICO POLIVALENTE LIOF.BIOL;f.a.+a.dil.x10ml+jer./ag;Biol;$ 74395.89;50%;$ 37197.95
20886;toxoide tetánico;VACUNA ANTITETANICA BIOL;a.x 1 x 0.5ml c/jga.+ag.;Biol;$ 11380.72;50%;$ 5690.36
60367;toxoide tetánico+diftérico;DITE (EX VACUNA DOBLE ADULTOS BIOL);a.x 1 x 0.5 ml c/jga.+ag;Biol;$ 11602.12;50%;$ 5801.06
26598;trospio,cloruro;SPASMEX 15;15 mg comp.rec.x 30;Biol;$ 30896.7;50%;$ 15448.35
31972;trospio,cloruro;SPASMEX 30;30 mg comp.rec.x 30;Biol;$ 52170.7;50%;$ 26085.35
32971;vit.k1;VITAMINA K1 BIOL;10 mg a.x 3 x 1 ml;Biol;$ 9026.38;50%;$ 4513.19
18857;bromazepam;LEXOTANIL;3 mg comp.x 20;Biopas Argentin;$ 397.12;50%;$ 198.56
10449;bromazepam;LEXOTANIL;3 mg comp.x 30;Biopas Argentin;$ 6794.36;50%;$ 3397.18
7509;bromazepam;LEXOTANIL;3 mg comp.x 50;Biopas Argentin;$ 792.82;50%;$ 396.41
10450;bromazepam;LEXOTANIL;6 mg comp.x 30;Biopas Argentin;$ 9865.63;50%;$ 4932.82
7510;bromazepam;LEXOTANIL;6 mg comp.x 50;Biopas Argentin;$ 23300.77;50%;$ 11650.39
55472;candesartán cilexetil;ATACAND;16 mg comp.divis.x 28;Biopas Argentin;$ 77258.29;60%;$ 30903.32
55473;candesartán cilexetil;ATACAND;32 mg comp.divis.x 28;Biopas Argentin;$ 119387.11;60%;$ 47754.84
55471;candesartán cilexetil;ATACAND;8 mg comp.divis.x 28;Biopas Argentin;$ 56133.62;60%;$ 22453.45
55475;candesartán+hidroclorotiazida;ATACAND D;16 mg comp.divis.x 28;Biopas Argentin;$ 77230.91;50%;$ 38615.46
55474;candesartán+hidroclorotiazida;ATACAND D;8 mg comp.divis.x 28;Biopas Argentin;$ 57921.5;50%;$ 28960.75
29806;clonazepam;RIVOTRIL;0.25 mg Subl.comp.x 30;Biopas Argentin;$ 780.48;50%;$ 390.24
22869;clonazepam;RIVOTRIL;0.25 mg comp.x 30;Biopas Argentin;$ 252.07;50%;$ 126.04
17769;clonazepam;RIVOTRIL;0.25% gts.x 20 ml;Biopas Argentin;$ 324.38;50%;$ 162.19
17546;clonazepam;RIVOTRIL;0.5 mg comp.x 30;Biopas Argentin;$ 13618.67;50%;$ 6809.34
14450;clonazepam;RIVOTRIL;0.5 mg comp.x 50;Biopas Argentin;$ 17255.38;50%;$ 8627.69
18746;clonazepam;RIVOTRIL;0.5 mg comp.x 60;Biopas Argentin;$ 18109.99;50%;$ 9055
17547;clonazepam;RIVOTRIL;2 mg comp.x 30;Biopas Argentin;$ 12879.51;80%;$ 2575.9
10519;clonazepam;RIVOTRIL;2 mg comp.x 50;Biopas Argentin;$ 16033.85;80%;$ 3206.77
18747;clonazepam;RIVOTRIL;2 mg comp.x 60;Biopas Argentin;$ 16839.29;80%;$ 3367.86
16287;flunitrazepam;ROHYPNOL;1 mg comp.laq.x 30;Biopas Argentin;$ 12069.41;50%;$ 6034.71
47992;rotigotina;NEUPRO;2mg/24h parch.transd.x 7;Biopas Argentin;$ 60483.38;50%;$ 30241.69
47993;rotigotina;NEUPRO;4mg/24h parch.transd.x14;Biopas Argentin;$ 155216.95;50%;$ 77608.48
47994;rotigotina;NEUPRO;6mg/24h parch.transd.x14;Biopas Argentin;$ 230109.74;50%;$ 115054.87
47995;rotigotina;NEUPRO;8mg/24h parch.transd.x14;Biopas Argentin;$ 270355.6;50%;$ 135177.8
54961;dutasteride+tamsulosina;URODIF DUO;cáps.lib.modificada x 30;Bioprofarma Bag;$ 55109.67;50%;$ 27554.84
43369;buprenorfina;RESTIVA;10 mg parche x 1;Biosidus S.A.U.;$ 39282.07;50%;$ 19641.04
43370;buprenorfina;RESTIVA;20 mg parche x 1;Biosidus S.A.U.;$ 47670.21;50%;$ 23835.11
43368;buprenorfina;RESTIVA;5 mg parche x 1;Biosidus S.A.U.;$ 30321.39;50%;$ 15160.7
16003;clomipramina;ANAFRANIL 75 DIVITABS;75 mg comp.rec.x 20;Biosidus S.A.U.;$ 25236.85;50%;$ 12618.43
2173;clomipramina;ANAFRANIL;grag.x 30;Biosidus S.A.U.;$ 11929.87;50%;$ 5964.94
30349;lactobacilos+asoc.;BIOFLORA;pvo.x 7.6 g;Biosidus S.A.U.;$ 513.11;50%;$ 256.56
46199;levodopa+carbidopa+entacapone;STALEVO 100;100 mg comp.rec.x 100;Biosidus S.A.U.;$ 260913.14;50%;$ 130456.57
35402;levodopa+carbidopa+entacapone;STALEVO 100;100 mg comp.rec.x 30;Biosidus S.A.U.;$ 87861.45;50%;$ 43930.73
45029;levodopa+carbidopa+entacapone;STALEVO 125;125 mg comp.rec.x 30;Biosidus S.A.U.;$ 87861.45;50%;$ 43930.73
46200;levodopa+carbidopa+entacapone;STALEVO 150;150 mg comp.rec.x 100;Biosidus S.A.U.;$ 260913.14;50%;$ 130456.57
35403;levodopa+carbidopa+entacapone;STALEVO 150;150 mg comp.rec.x 30;Biosidus S.A.U.;$ 87861.45;50%;$ 43930.73
43440;levodopa+carbidopa+entacapone;STALEVO 200;200 mg comp.rec.x 30;Biosidus S.A.U.;$ 89567.91;50%;$ 44783.96
35401;levodopa+carbidopa+entacapone;STALEVO 50;50 mg comp.rec.x 30;Biosidus S.A.U.;$ 87861.45;50%;$ 43930.73
45028;levodopa+carbidopa+entacapone;STALEVO 75;75 mg comp.rec.x 30;Biosidus S.A.U.;$ 87861.45;50%;$ 43930.73
52609;betametasona;METABULGIN;cr.x 20 g;Biosintex;$ 282;50%;$ 141
56322;betametasona;VITACORTIL B;susp.oral x 30 ml;Biosintex;$ 5815;50%;$ 2907.5
35074;betametasona+gentamic.+miconazol;TRIBIOCORT;cr.x 20 g;Biosintex;$ 14552;40%;$ 8731.2
45508;ciprofloxacina+dexametasona;OMAFLAXINA D;susp.oft.estéril x 5 ml;Biosintex;$ 9637.79;50%;$ 4818.9
40654;ciprofloxacina+hidrocortisona;OTOLEF;susp.ótica x 5 ml;Biosintex;$ 5242;50%;$ 2621
52809;clobetasol;KLOMADEX;cr.x 30 g;Biosintex;$ 11212;40%;$ 6727.2
47229;diclofenac sódico;VENZIDIAK;75 mg comp.rec.x 15;Biosintex;$ 11367;40%;$ 6820.2
51308;diclofenac+pridinol;VENZIDIAK FLEX;comp.rec.x 10;Biosintex;$ 10711;40%;$ 6426.6
37419;ketoconazol;KETOLEF;2% cr.x 15 g;Biosintex;$ 8890;40%;$ 5334
53262;ketorolac trometamina;DIROLAC SL;10 mg comp.subl.x 10;Biosintex;$ 8652.21;50%;$ 4326.11
41889;sildenafil;FORZAK;50 mg comp.mast.x 2;Biosintex;$ 4087.25;50%;$ 2043.63
45957;sildenafil;FORZAK;50 mg comp.mast.x 4;Biosintex;$ 7247.63;50%;$ 3623.82
33489;timolol,maleato;ATIGLAUC;0.5% gts.oft.x 10 ml;Biosintex;$ 206;80%;$ 41.2
23947;tobramicina;OFTALBRAX;gts.oft.x 5 ml;Biosintex;$ 9723.66;50%;$ 4861.83
36918;tobramicina+dexametasona;BIOCORT;fco.gotero x 5 ml;Biosintex;$ 10263;50%;$ 5131.5
51939;ambroxol+butetamato;PIRITOS FORTE;jbe.x 120 ml;Biosintex Retai;$ 224;50%;$ 112
6041;amoxicilina;BIOXILINA;500 mg comp.x 16;Biosintex Retai;$ 7430.81;60%;$ 2972.32
18345;amoxicilina;BIOXILINA;500mg/5ml susp.x 90 ml;Biosintex Retai;$ 10156.15;60%;$ 4062.46
45128;amoxicilina;BIOXILINA DUO;750 mg/5 ml susp.x 70 ml;Biosintex Retai;$ 262.5;60%;$ 105
45127;amoxicilina;BIOXILINA DUO;875 mg comp.rec.x 14;Biosintex Retai;$ 11127.37;60%;$ 4450.95
53648;amoxicilina+clavulánico,ác.;BIOXILINA PLUS DUO;1 g comp.rec.x 14;Biosintex Retai;$ 18129.86;60%;$ 7251.94
25617;azitromicina;NOVOZITRON;500 mg comp.rec.x 3;Biosintex Retai;$ 11374.73;60%;$ 4549.89
32885;azitromicina;NOVOZITRON;500 mg comp.rec.x 6;Biosintex Retai;$ 15741.42;60%;$ 6296.57
26889;betametasona+gentamicina+asoc.;VITACORTIL;cr.x 20 g;Biosintex Retai;$ 11794;40%;$ 7076.4
35376;carvedilol;CLORATEN;12.5 mg comp.rec.x 28;Biosintex Retai;$ 171.5;60%;$ 68.6
34814;carvedilol;CLORATEN;6.25 mg comp.rec.x 28;Biosintex Retai;$ 132.5;60%;$ 53
50918;cefalexina;CEFAGRAND;500 g comp.x 16;Biosintex Retai;$ 11443.53;60%;$ 4577.41
41400;ciprofloxacina;CIAPAR;500 comp.x 10;Biosintex Retai;$ 13193.13;60%;$ 5277.25
41413;difenhidramina;FADALEX;2.5 mg/ml jbe.x 120 ml;Biosintex Retai;$ 9547.78;50%;$ 4773.89
41412;difenhidramina;FADALEX;50 mg comp.x 20;Biosintex Retai;$ 167;50%;$ 83.5
40254;ibuprofeno;IBUZIDINE;600 mg comp.x 10;Biosintex Retai;$ 4524;40%;$ 2714.4
27678;ibuprofeno;IBUZIDINE;600 mg comp.x 20;Biosintex Retai;$ 7710;40%;$ 4626
52596;lidocaína+hidrocortisona;POMADA HADENSA PLUS;cr.x 15 g;Biosintex Retai;$ 7693.13;50%;$ 3846.57
41290;loperamida;DOTALSEC;2 mg comp.x 20;Biosintex Retai;$ 183;50%;$ 91.5
39532;nafazolina;NAFAZOLEX;env.gotero x 20 ml;Biosintex Retai;$ 4816.61;50%;$ 2408.31
54726;alprazolam;ALPRIM;0.5 mg comp.rec.x 30;Biotechno Pharm;$ 1265.36;50%;$ 632.68
54725;alprazolam;ALPRIM;0.5 mg comp.rec.x 60;Biotechno Pharm;$ 2521.51;50%;$ 1260.76
54724;alprazolam;ALPRIM;1 mg comp.rec.x 30;Biotechno Pharm;$ 2130.41;50%;$ 1065.21
54722;alprazolam;ALPRIM;2 mg comp.rec.x 30;Biotechno Pharm;$ 3291.93;50%;$ 1645.97
54721;alprazolam;ALPRIM;2 mg comp.rec.x 60;Biotechno Pharm;$ 6517.26;50%;$ 3258.63
54729;memantine;EXEM;10 mg comp.rec.x 30;Biotechno Pharm;$ 9187.77;60%;$ 3675.11
54718;zolpidem;ZOLDEM;10 mg comp.rec.x 30;Biotechno Pharm;$ 433.24;50%;$ 216.62
22580;allopurinol;PURITENK;300 mg comp.x 20;Biotenk;$ 7259.18;60%;$ 2903.67
28326;amlodipina;MITOKOR;10 mg comp.x 30;Biotenk;$ 21656.36;60%;$ 8662.54
28325;amlodipina;MITOKOR;5 mg comp.x 30;Biotenk;$ 13005.8;60%;$ 5202.32
13573;amoxicilina;AMOXITENK;500 mg comp.x 16;Biotenk;$ 6854.38;60%;$ 2741.75
29391;amoxicilina+clavulánico,ác.;AMOXITENK PLUS;500/125 mg comp.rec.x 16;Biotenk;$ 726.32;60%;$ 290.53
33320;amoxicilina+clavulánico,ác.;AMOXITENK PLUS 1 GR;875/125 mg comp.rec.x 14;Biotenk;$ 832.56;60%;$ 333.02
13575;atenolol;ATENOLOL;100 mg comp.x 30;Biotenk;$ 510.77;80%;$ 102.15
27323;atorvastatín;ATORVASTAN;10 mg comp.rec.x 30;Biotenk;$ 30618.73;60%;$ 12247.49
27324;atorvastatín;ATORVASTAN;20 mg comp.rec.x 30;Biotenk;$ 50557.08;60%;$ 20222.83
33798;azitromicina;SITROX;500 mg comp.rec.x 5;Biotenk;$ 12994.01;60%;$ 5197.6
47966;azitromicina;SITROX;500 mg comp.rec.x 6;Biotenk;$ 14487.76;60%;$ 5795.1
19990;calcio;CALCIO ACIDO;500 mg comp.mast.x 60;Biotenk;$ 702;40%;$ 421.2
15656;ciprofloxacina;CIPROTENK;500 mg comp.rec.x 10;Biotenk;$ 16529.89;60%;$ 6611.96
42119;claritromicina;CORIXA UD;500 mg comp.lib.modif.x4;Biotenk;$ 8758.09;60%;$ 3503.24
42120;claritromicina;CORIXA UD;500 mg comp.lib.modif.x8;Biotenk;$ 17159.15;60%;$ 6863.66
31968;claritromicina;CORIXA;500 mg comp.x 16;Biotenk;$ 30393;60%;$ 12157.2
35268;diclofenac potásico;BEFOL;75 mg comp.rec.x 20;Biotenk;$ 16748.23;40%;$ 10048.94
46279;diclofenac potásico;BEFOL;75 mg comp.rec.x 30;Biotenk;$ 22330.93;40%;$ 13398.56
42404;diclofenac potásico+paracetamol;BEFOL PLUS;comp.rec.x 10;Biotenk;$ 9029.04;40%;$ 5417.42
42405;diclofenac potásico+paracetamol;BEFOL PLUS;comp.rec.x 20;Biotenk;$ 16553.72;40%;$ 9932.23
48891;diclofenac+pridinol;BEFOL FLEX;comp.rec.x 10;Biotenk;$ 9419.19;40%;$ 5651.51
48892;diclofenac+pridinol;BEFOL FLEX;comp.rec.x 20;Biotenk;$ 16483.47;40%;$ 9890.08
16574;enalapril;PRILTENK;10 mg comp.x 30;Biotenk;$ 9409.14;80%;$ 1881.83
32035;enalapril;PRILTENK;10 mg comp.x 50;Biotenk;$ 2888;80%;$ 577.6
19962;enalapril;PRILTENK;10 mg comp.x 60;Biotenk;$ 17175.96;80%;$ 3435.19
26904;fenitoína;FENITENK;100 mg comp.rec.x 30;Biotenk;$ 3833.2;80%;$ 766.64
50381;fenitoína;FENITENK;100 mg comp.rec.x 60;Biotenk;$ 39653.65;80%;$ 7930.73
25611;finasteride;PROSMIN;5 mg comp.x 30;Biotenk;$ 31727.24;50%;$ 15863.62
19974;furosemida;FURTENK;40 mg comp.rec.x 50;Biotenk;$ 8379.92;80%;$ 1675.98
27320;glimepiride;GLUCOPIRIDA;4 mg comp.x 30;Biotenk;$ 19625.04;100%;$ 0
38942;ibuprofeno;IBUTENK;800 mg comp.x 10;Biotenk;$ 9964.41;40%;$ 5978.65
35341;itraconazol;MICOTENK;100 mg comp.rec.x 15;Biotenk;$ 925;50%;$ 462.5
35342;itraconazol;MICOTENK;100 mg comp.rec.x 30;Biotenk;$ 1530;50%;$ 765
26989;ketorolac trometamina;TENKDOL;20 mg comp.ran.x 20;Biotenk;$ 18713.98;50%;$ 9356.99
29392;levofloxacina;FLOXLEVO;500 mg comp.rec.x 7;Biotenk;$ 15234.27;60%;$ 6093.71
51455;levofloxacina;FLOXLEVO;750 mg comp.rec.x 5;Biotenk;$ 16579.39;60%;$ 6631.76
35186;loratadina;HISPLEX;10 mg comp.x 10;Biotenk;$ 5255.29;40%;$ 3153.17
35481;losartán;LOCTENK;100 mg comp.rec.x 30;Biotenk;$ 29525.74;60%;$ 11810.3
24533;losartán;LOCTENK;50 mg comp.rec.x 30;Biotenk;$ 24148.64;60%;$ 9659.46
33321;losartán;LOCTENK;50 mg comp.rec.x 60;Biotenk;$ 42097.9;60%;$ 16839.16
49451;losartán+hidroclorotiazida;LOCTENK D 100;comp.rec.x 30;Biotenk;$ 31175.96;50%;$ 15587.98
42396;losartán+hidroclorotiazida;LOCTENK D;comp.rec.x 30;Biotenk;$ 27943.61;50%;$ 13971.81
27090;meloxicam;LOXITENK;15 mg comp.x 20;Biotenk;$ 22872.72;40%;$ 13723.63
46280;meloxicam;LOXITENK;15 mg comp.x 30;Biotenk;$ 33139.86;40%;$ 19883.92
37185;meprednisona;LA MEPREDNISONA;4 mg comp.x 20;Biotenk;$ 7020.24;50%;$ 3510.12
37188;meprednisona;LA MEPREDNISONA;4 mg/ml sol.oral x 15 ml;Biotenk;$ 7836.54;50%;$ 3918.27
37187;meprednisona;LA MEPREDNISONA;40 mg comp.x 20;Biotenk;$ 42118.64;50%;$ 21059.32
37186;meprednisona;LA MEPREDNISONA;8 mg comp.x 20;Biotenk;$ 15309.01;50%;$ 7654.51
24532;metoclopramida;MIDATENK;10 mg comp.x 20;Biotenk;$ 572.9;50%;$ 286.45
22356;nifedipina;NIFEDIPINA R 20;Rtd.20 mg comp.x 50;Biotenk;$ 439.58;60%;$ 175.83
29385;nimodipina;AC VASCULAR;30 mg comp.x 30;Biotenk;$ 570.28;50%;$ 285.14
44149;orlistat;LIPOSOL;120 mg cáps.x 30;Biotenk;$ 51378.25;50%;$ 25689.13
54013;rosuvastatina;ROSTAN;10 mg comp.rec.x 30;Biotenk;$ 22852.42;60%;$ 9140.97
54014;rosuvastatina;ROSTAN;20 mg comp.rec.x 30;Biotenk;$ 38695.46;60%;$ 15478.18
54012;rosuvastatina;ROSTAN;5 mg comp.rec.x 30;Biotenk;$ 15075.75;60%;$ 6030.3
41866;sildenafil;SUPER-O;50 mg comp.rec.x 2;Biotenk;$ 2875.4;50%;$ 1437.7
31642;sulfametoxazol+trimetoprima;TRITENK FORTE;comp.x 10;Biotenk;$ 13588.91;60%;$ 5435.56
20661;mesalazina;SALOFALK;500 mg comp.x 50;Biotoscana;$ 4278.16;50%;$ 2139.08
47908;mesalazina;SALOFALK;500 mg granul.LP sob.x50;Biotoscana;$ 5752.15;50%;$ 2876.08
49112;ursodesoxicólico,ác.;URSOFALK;500 mg comp.rec.x 100;Biotoscana;$ 12161.56;50%;$ 6080.78
42656;dabigatrán;PRADAXA;110 mg cáps.x 10;Boehringer Inge;$ 83867.55;50%;$ 41933.78
42657;dabigatrán;PRADAXA;110 mg cáps.x 30;Boehringer Inge;$ 119712.84;50%;$ 59856.42
55350;dabigatrán;PRADAXA;110 mg cáps.x 60;Boehringer Inge;$ 221755.34;50%;$ 110877.67
46704;dabigatrán;PRADAXA;150 mg cáps.x 30;Boehringer Inge;$ 119712.84;50%;$ 59856.42
55351;dabigatrán;PRADAXA;150 mg cáps.x 60;Boehringer Inge;$ 221755.34;50%;$ 110877.67
42658;dabigatrán;PRADAXA;75 mg cáps.x 10;Boehringer Inge;$ 83867.55;50%;$ 41933.78
42659;dabigatrán;PRADAXA;75 mg cáps.x 30;Boehringer Inge;$ 153249.84;50%;$ 76624.92
51925;empagliflozina;JARDIANCE;10 mg comp.x 30;Boehringer Inge;$ 170623.69;100%;$ 0
51926;empagliflozina;JARDIANCE;25 mg comp.x 30;Boehringer Inge;$ 183388.85;100%;$ 0
1639;fenoterol;BEROTEC;0.5% sol.x 20 ml;Boehringer Inge;$ 1539.34;60%;$ 615.74
44183;fenoterol;BEROTEC HFA;aerosol hfa x 10 ml;Boehringer Inge;$ 19076.01;80%;$ 3815.2
44182;ipratropio,bromuro;ATROVENT HFA;aerosol hfa x 10 ml;Boehringer Inge;$ 23475.07;60%;$ 9390.03
10599;ipratropio,bromuro;ATROVENT;sol.x 20 ml;Boehringer Inge;$ 10136.71;60%;$ 4054.68
21160;ipratropio,bromuro;ATROVENT;sol.x 40 ml;Boehringer Inge;$ 18470.56;60%;$ 7388.22
44184;ipratropio,bromuro+fenoterol;BERODUAL HFA;aerosol hfa x 10 ml;Boehringer Inge;$ 29827.11;60%;$ 11930.84
1407;ipratropio,bromuro+fenoterol;BERODUAL;sol.x 20 ml;Boehringer Inge;$ 2256.8;60%;$ 902.72
47458;linagliptina;TRAYENTA;comp.rec.x 30;Boehringer Inge;$ 131620.52;50%;$ 65810.26
17589;meloxicam;MOBIC;15 mg comp.x 10;Boehringer Inge;$ 1382.97;40%;$ 829.78
19079;meloxicam;MOBIC;15 mg comp.x 20;Boehringer Inge;$ 4279.66;40%;$ 2567.8
22599;pramipexol;SIFROL;0.250 mg comp.x 100;Boehringer Inge;$ 78853.43;50%;$ 39426.72
22598;pramipexol;SIFROL;0.250 mg comp.x 30;Boehringer Inge;$ 26438.73;50%;$ 13219.37
51847;pramipexol;SIFROL ER;0.375mg comp.lib.prolx30;Boehringer Inge;$ 31987.91;50%;$ 15993.96
45178;pramipexol;SIFROL ER;0.75mg comp.lib.prol.x30;Boehringer Inge;$ 70183.92;50%;$ 35091.96
22601;pramipexol;SIFROL;1 mg comp.x 100;Boehringer Inge;$ 277490.98;50%;$ 138745.49
22600;pramipexol;SIFROL;1 mg comp.x 30;Boehringer Inge;$ 94315.56;50%;$ 47157.78
45179;pramipexol;SIFROL ER;1.5mg comp.lib.prol.x 30;Boehringer Inge;$ 129840.99;50%;$ 64920.5
45180;pramipexol;SIFROL ER;3 mg comp.lib.prol.x 30;Boehringer Inge;$ 259684.36;50%;$ 129842.18
17750;salbutamol+ipratropio,br.;COMBIVENT SM;sol.monodosis x 20;Boehringer Inge;$ 24492.94;60%;$ 9797.18
41568;tamsulosina;SECOTEX OCAS;0.4 mg comp.x 30;Boehringer Inge;$ 12343.4;50%;$ 6171.7
23782;telmisartán;MICARDIS;40 mg comp.x 28;Boehringer Inge;$ 70996.27;60%;$ 28398.51
23783;telmisartán;MICARDIS;80 mg comp.x 28;Boehringer Inge;$ 99730.68;60%;$ 39892.27
45174;telmisartán+amlodipina;MICARDIS AMLO;40/5 mg comp.x 28;Boehringer Inge;$ 79767.94;50%;$ 39883.97
45176;telmisartán+amlodipina;MICARDIS AMLO;80/10 mg comp.x 28;Boehringer Inge;$ 103162.67;50%;$ 51581.34
45175;telmisartán+amlodipina;MICARDIS AMLO;80/5 mg comp.x 28;Boehringer Inge;$ 100300.15;50%;$ 50150.08
31979;telmisartán+hidroclorotiazida;MICARDIS PLUS;40/12.5 mg comp.x 28;Boehringer Inge;$ 71026.56;50%;$ 35513.28
31980;telmisartán+hidroclorotiazida;MICARDIS PLUS;80/12.5 mg comp.x 28;Boehringer Inge;$ 99730.68;50%;$ 49865.34
42596;telmisartán+hidroclorotiazida;MICARDIS PLUS;80/25 mg comp.x 28;Boehringer Inge;$ 101777.15;50%;$ 50888.58
45181;tiotropio;SPIRIVA RESPIMAT;sol.p/inh.x 30ds.+inhal.;Boehringer Inge;$ 18848.29;50%;$ 9424.15
37489;tiotropio,bromuro;SPIRIVA;cáps.p/inh.x30c/handhal.;Boehringer Inge;$ 125297.15;50%;$ 62648.58
33085;tiotropio,bromuro;SPIRIVA;cáps.p/inhalar x 30;Boehringer Inge;$ 125276.99;50%;$ 62638.5
48356;acetilcisteína;TOFLUX;600 mg sob.x 10;Casasco;$ 16234.65;40%;$ 9740.79
48357;acetilcisteína;TOFLUX;600 mg sob.x 20;Casasco;$ 26369.59;40%;$ 15821.75
55142;adapaleno;EXOGEL;0.1% gel x 30 g (VL);Casasco;$ 27572.04;50%;$ 13786.02
55143;adapaleno;EXOGEL;0.3% gel x 30 g;Casasco;$ 30945.64;50%;$ 15472.82
23720;alprazolam;ALPRAZOL;0.5 mg comp.x 30;Casasco;$ 1452.37;50%;$ 726.19
36173;alprazolam;ALPRAZOL;0.5 mg comp.x 60;Casasco;$ 9069.03;50%;$ 4534.52
23721;alprazolam;ALPRAZOL;1 mg comp.x 30;Casasco;$ 1319.05;50%;$ 659.53
36174;alprazolam;ALPRAZOL;1 mg comp.x 60;Casasco;$ 14050.28;50%;$ 7025.14
36175;alprazolam;ALPRAZOL;2 mg comp.x 60;Casasco;$ 22670.46;50%;$ 11335.23
1954;aluminio,hidr.+magn.hidr.+simet.;FACTOR AG ANTIACIDO;comp.x 30;Casasco;$ 352.01;40%;$ 211.21
1991;aminoácidos+vit.b12;POLPER B12;a.beb.x 10;Casasco;$ 25765.24;40%;$ 15459.14
1992;aminoácidos+vit.b12;POLPER B12;a.beb.x 30;Casasco;$ 65474.64;40%;$ 39284.78
762;aminoácidos+vit.b12;POLPER B12 FORTE;comp.x 30;Casasco;$ 71431.59;40%;$ 42858.95
32793;aminoácidos+vit.b12;POLPER B12 A.F.;sob.x 30;Casasco;$ 37978.26;40%;$ 22786.96
12884;amlodipina;PELMEC;10 mg comp.x 30;Casasco;$ 29935.98;60%;$ 11974.39
52679;amlodipina;PELMEC;10 mg comp.x 60;Casasco;$ 56532.15;60%;$ 22612.86
12883;amlodipina;PELMEC;5 mg comp.x 30;Casasco;$ 16004.83;60%;$ 6401.93
52678;amlodipina;PELMEC;5 mg comp.x 60;Casasco;$ 30842.67;60%;$ 12337.07
46144;amlodipina+atorvastatín;PELMEC PLUS;10/10 mg comp.x 30;Casasco;$ 36219.24;50%;$ 18109.62
46143;amlodipina+atorvastatín;PELMEC PLUS;5/10 mg comp.x 30;Casasco;$ 29735.32;50%;$ 14867.66
24811;amlodipina+benazepril;PELMEC DUO;2.5/10 mg cáps.x 30;Casasco;$ 17021.99;50%;$ 8511
24812;amlodipina+benazepril;PELMEC DUO;5/10 mg cáps.x 30;Casasco;$ 26638.02;50%;$ 13319.01
24813;amlodipina+benazepril;PELMEC DUO;5/20 mg cáps.x 30;Casasco;$ 33117.95;50%;$ 16558.98
42228;amlodipina+losartán+hidroclorot.;PELMEC MAX D;comp.x 60 (30+30);Casasco;$ 31855.61;50%;$ 15927.81
47595;amlodipina+losartán,potásico;PELMEC AT;5/100 mg comp.x 30;Casasco;$ 35357.82;50%;$ 17678.91
41242;amlodipina+losartán,potásico;PELMEC MAX;5/100 mg comp.x 60;Casasco;$ 27767.05;50%;$ 13883.53
62422;amlodipina+losartán,potásico;PELMEC AT;5/100 mg comp.x 60;Casasco;$ 22491.3;50%;$ 11245.65
47594;amlodipina+losartán,potásico;PELMEC AT;5/50 mg comp.x 30;Casasco;$ 31882.19;50%;$ 15941.1
62421;amlodipina+losartán,potásico;PELMEC AT;5/50 mg comp.x 60;Casasco;$ 22275.27;50%;$ 11137.64
41241;amlodipina+losartán,potásico;PELMEC MAX;5/50 mg comp.x 60;Casasco;$ 27500.56;50%;$ 13750.28
39609;amoxicilina+clavulánico,ác.;AMOCLAV DUO;1 g comp.rec.x 14;Casasco;$ 23073.95;60%;$ 9229.58
40415;aripiprazol;LEMIDAL;10 mg comp.x 30;Casasco;$ 31251.51;50%;$ 15625.76
40418;aripiprazol;LEMIDAL;15 mg comp.x 30;Casasco;$ 45102.86;50%;$ 22551.43
50308;aripiprazol;LEMIDAL;5 mg comp.x 30;Casasco;$ 27912.57;50%;$ 13956.29
24817;atorvastatín;AMPLIAR;10 mg comp.x 30;Casasco;$ 38390.28;60%;$ 15356.11
29238;atorvastatín;AMPLIAR;10 mg comp.x 60;Casasco;$ 63898.64;60%;$ 25559.46
24818;atorvastatín;AMPLIAR;20 mg comp.x 30;Casasco;$ 63782.53;60%;$ 25513.01
29239;atorvastatín;AMPLIAR;20 mg comp.x 60;Casasco;$ 110119;60%;$ 44047.6
45248;atorvastatín;AMPLIAR;40 mg comp.x 30;Casasco;$ 71718.52;60%;$ 28687.41
58291;atorvastatín;AMPLIAR;80 mg comp.x 30;Casasco;$ 89606.99;60%;$ 35842.8
42576;atorvastatín+ezetimibe;AMPLIAR PLUS;10/10 mg comp.x 30;Casasco;$ 44379.69;50%;$ 22189.85
36180;atorvastatín+ezetimibe;AMPLIAR DUO;10/10 mg comp.x 60;Casasco;$ 40474.45;50%;$ 20237.23
42577;atorvastatín+ezetimibe;AMPLIAR PLUS;20/10 mg comp.x 30;Casasco;$ 60143.49;50%;$ 30071.75
36181;atorvastatín+ezetimibe;AMPLIAR DUO;20/10 mg comp.x 60;Casasco;$ 47496.19;50%;$ 23748.1
57655;azitromicina;TREXBIOTIC;500 mg comp.rec.x 3;Casasco;$ 11375.69;60%;$ 4550.28
57656;azitromicina;TREXBIOTIC;500 mg comp.rec.x 6;Casasco;$ 15364.49;60%;$ 6145.8
57849;azitromicina;TREXBIOTIC;susp.oral x 30 ml;Casasco;$ 15380.59;60%;$ 6152.24
60776;baclofeno;BALTIC;10 mg comp.x 60;Casasco;$ 26246.06;50%;$ 13123.03
11939;bencidamina,clorhidrato;ERNEX;comp.desleíbles x 10;Casasco;$ 7472.26;50%;$ 3736.13
11554;bencidamina,clorhidrato;ERNEX;comp.desleíbles x 20;Casasco;$ 13450.11;50%;$ 6725.06
1946;bencidamina,clorhidrato;ERNEX;líq.x 120 ml;Casasco;$ 12194.22;50%;$ 6097.11
9327;bencidamina,clorhidrato;ERNEX;sol.spray x 30 ml;Casasco;$ 15201.55;50%;$ 7600.78
52828;betahistina;OTEVIL;16 mg comp.x 30;Casasco;$ 19561.13;40%;$ 11736.68
63206;betahistina;OTEVIL;16 mg comp.x 60;Casasco;$ 34621.36;40%;$ 20772.82
52829;betahistina;OTEVIL;24 mg comp.x 30;Casasco;$ 29826.87;40%;$ 17896.12
53101;betahistina;OTEVIL;24 mg comp.x 60;Casasco;$ 54440.98;40%;$ 32664.59
44185;betametasona;CORTICAS;0.6 mg comp.x 30;Casasco;$ 10615.57;50%;$ 5307.79
61458;betametasona;CORTICAS;1.2 mg comp.x 30;Casasco;$ 18106.38;50%;$ 9053.19
49691;betametasona;CORTICAS;cr.x 20 g;Casasco;$ 11432.95;50%;$ 5716.48
44186;betametasona;CORTICAS;gts.x 20 ml;Casasco;$ 4536.87;50%;$ 2268.44
50667;betametasona;CORTICAS;gts.x 30 ml;Casasco;$ 3312.5;50%;$ 1656.25
44187;betametasona;CORTICAS;iny.f.a.x 1 x 2 ml;Casasco;$ 6340.86;50%;$ 3170.43
44188;betametasona (acet.y fosf.disod);CORTICAS RETARD;iny.f.a.x 1 x 2 ml;Casasco;$ 14089.11;50%;$ 7044.56
44189;betametasona (diprop.y f.disod.);CRONO CORTICAS;susp.iny.f.a.x 1 x 2 ml;Casasco;$ 14186.03;50%;$ 7093.02
31565;betametasona+gentamic.+miconazol;FACTOR DERMICO;pomo x 10 g;Casasco;$ 12883.14;40%;$ 7729.88
24820;betametasona+gentamic.+miconazol;FACTOR DERMICO;pomo x 20 g;Casasco;$ 19648.35;40%;$ 11789.01
57652;bisoprolol;CARDIPLEN;10 mg comp.x 30;Casasco;$ 20906.46;60%;$ 8362.58
57650;bisoprolol;CARDIPLEN;2.5 mg comp.x 30;Casasco;$ 7913.77;60%;$ 3165.51
57651;bisoprolol;CARDIPLEN;5 mg comp.x 30;Casasco;$ 16535.23;60%;$ 6614.09
61131;bisoprolol+hidroclorotiazida;CARDIPLEN D;5/12.5 mg comp.x 30;Casasco;$ 18939.79;50%;$ 9469.9
61132;bisoprolol+hidroclorotiazida;CARDIPLEN D;5/12.5 mg comp.x 60;Casasco;$ 33880.36;50%;$ 16940.18
64137;budesonide+formoterol;BUDEFOR 200;cáps.x 120;Casasco;$ 77086.97;60%;$ 30834.79
64136;budesonide+formoterol;BUDEFOR 200;cáps.x 60;Casasco;$ 67452.16;60%;$ 26980.86
64138;budesonide+formoterol;BUDEFOR 400;cáps.x 60;Casasco;$ 97944.64;60%;$ 39177.86
50473;calcipotriol+betametasona,diprop;CALCI CORTICAS;ung.x 30 g;Casasco;$ 44428.78;40%;$ 26657.27
55261;carbocisteína+dextrometorfano br;SUPRITOS;jbe.x 100 ml;Casasco;$ 16453.99;60%;$ 6581.6
31365;carvedilol;ISOBLOC;12.5 mg comp.x 30;Casasco;$ 15684.71;60%;$ 6273.88
51832;carvedilol;ISOBLOC;12.5 mg comp.x 60;Casasco;$ 23714.04;60%;$ 9485.62
46816;carvedilol;ISOBLOC CR 20 MG;20 mg cáps.x 30;Casasco;$ 21962.95;60%;$ 8785.18
31366;carvedilol;ISOBLOC;25 mg comp.x 30;Casasco;$ 18801.77;60%;$ 7520.71
51833;carvedilol;ISOBLOC;25 mg comp.x 60;Casasco;$ 29816.46;60%;$ 11926.58
59783;carvedilol;ISOBLOC;3.125 mg comp.x 30;Casasco;$ 5763.1;60%;$ 2305.24
59784;carvedilol;ISOBLOC;3.125 mg comp.x 60;Casasco;$ 7212.51;60%;$ 2885
46817;carvedilol;ISOBLOC CR 40 MG;40 mg cáps.x 30;Casasco;$ 27515.56;60%;$ 11006.22
31364;carvedilol;ISOBLOC;6.25 mg comp.x 30;Casasco;$ 9409.79;60%;$ 3763.92
51831;carvedilol;ISOBLOC;6.25 mg comp.x 60;Casasco;$ 16164.65;60%;$ 6465.86
42065;carvedilol+hidroclorotiazida;ISOBLOC D;comp.x 30;Casasco;$ 19597.22;50%;$ 9798.61
43492;cilostazol;ACLUSIN;100 mg comp.x 30;Casasco;$ 38642.48;60%;$ 15456.99
52591;cilostazol;ACLUSIN;100 mg comp.x 60;Casasco;$ 68221.94;60%;$ 27288.78
43491;cilostazol;ACLUSIN;50 mg comp.x 30;Casasco;$ 20107.65;60%;$ 8043.06
44635;ciprofloxacina;REXNER XR;1000 mg comp.x 7;Casasco;$ 23078.25;60%;$ 9231.3
27685;ciprofloxacina;REXNER;500 mg comp.x 10;Casasco;$ 18883.14;60%;$ 7553.26
30022;ciprofloxacina;REXNER;500 mg comp.x 20;Casasco;$ 34437.41;60%;$ 13774.96
44634;ciprofloxacina;REXNER XR;500 mg comp.x 5;Casasco;$ 1008.45;60%;$ 403.38
30021;ciprofloxacina;REXNER;500 mg comp.x 6;Casasco;$ 777.42;60%;$ 310.97
25261;claritromicina;ISET;250 mg comp.x 16;Casasco;$ 18867.64;60%;$ 7547.06
24440;claritromicina;ISET;250 mg/5 ml jbe.x 60 ml;Casasco;$ 27535.34;60%;$ 11014.14
25262;claritromicina;ISET;500 mg comp.x 16;Casasco;$ 32450.27;60%;$ 12980.11
25488;claritromicina;ISET U.D.;500 mg comp.x 4;Casasco;$ 9320.44;60%;$ 3728.18
25489;claritromicina;ISET U.D.;500 mg comp.x 8;Casasco;$ 18274.19;60%;$ 7309.68
54910;claritromicina+ambroxol;ISET RESPIRATORIO;500/60 mg comp.x 16;Casasco;$ 27522.9;50%;$ 13761.45
54601;clindamicina;RESBIOTIC;300 mg cáps.x 16;Casasco;$ 17225.53;60%;$ 6890.21
54602;clindamicina;RESBIOTIC;300 mg cáps.x 24;Casasco;$ 24386.81;60%;$ 9754.72
61344;clindamicina+ketoconazol;ALAGIN DUO;óvulos x 7;Casasco;$ 15063.25;50%;$ 7531.63
59698;clofedianol+bromhexina;UNITOS;ad.jbe.x 100 ml;Casasco;$ 9562.82;50%;$ 4781.41
59699;clofedianol+bromhexina;UNITOS;ped.jbe.x 100 ml;Casasco;$ 9562.82;50%;$ 4781.41
58993;clonazepam;QUAZEMIC SL;0.25 mg comp.subl. x 30;Casasco;$ 5413.87;50%;$ 2706.94
56426;clonazepam;QUAZEMIC;0.25 mg comp.x 60;Casasco;$ 7870.53;50%;$ 3935.27
46241;clonazepam;QUAZEMIC;0.5 mg comp.x 30;Casasco;$ 9185.24;50%;$ 4592.62
46242;clonazepam;QUAZEMIC;0.5 mg comp.x 60;Casasco;$ 14785.86;50%;$ 7392.93
58418;clonazepam;QUAZEMIC;1 mg comp.x 30;Casasco;$ 9238.42;50%;$ 4619.21
58419;clonazepam;QUAZEMIC;1 mg comp.x 60;Casasco;$ 14606.55;50%;$ 7303.28
46243;clonazepam;QUAZEMIC;2 mg comp.x 30;Casasco;$ 9782.56;80%;$ 1956.51
46244;clonazepam;QUAZEMIC;2 mg comp.x 60;Casasco;$ 13891.01;80%;$ 2778.2
58992;clonazepam;QUAZEMIC;gts.x 20 ml;Casasco;$ 9431.19;50%;$ 4715.6
10758;clonidina+clortalidona;BEMPLAS;comp.x 30;Casasco;$ 10075.68;60%;$ 4030.27
10473;clonidina+clortalidona;BEMPLAS;comp.x 60;Casasco;$ 19258.36;60%;$ 7703.34
33410;clopidogrel;PLEYAR;75 mg comp.rec.x 30;Casasco;$ 69660.72;50%;$ 34830.36
58994;clortalidona;EURETICO;25 mg comp.x 30;Casasco;$ 14270.63;50%;$ 7135.32
36177;clortalidona;EURETICO;50 mg comp.x 30;Casasco;$ 8952.21;50%;$ 4476.11
49557;colina,salicilato+asoc.;DERCOLINA;jalea x 20 g;Casasco;$ 16629.22;50%;$ 8314.61
53049;colina,salicilato+asoc.;DERCOLINA A;jalea x 20 g;Casasco;$ 18715.52;50%;$ 9357.76
60479;dapagliflozina;NEDAL;10 mg comp.rec.x 30;Casasco;$ 68935.76;100%;$ 0
49692;desvenlafaxina;VELDEX;50 mg comp.x 30;Casasco;$ 32695.04;50%;$ 16347.52
50771;dexketoprofeno;ALGICUR;25 mg comp.rec.x 20;Casasco;$ 17365.73;50%;$ 8682.87
50772;dexketoprofeno;ALGICUR;25 mg comp.rec.x 40;Casasco;$ 29131.43;50%;$ 14565.72
61346;dexketoprofeno;ALGICUR;gel x 50 g;Casasco;$ 12276.9;50%;$ 6138.45
62487;dexlansoprazol;OXODROL;30 mg cáps.x 30;Casasco;$ 37850.74;40%;$ 22710.44
62488;dexlansoprazol;OXODROL;60 mg cáps.x 30;Casasco;$ 53890.47;40%;$ 32334.28
44637;diacereína;COMINAR;50 mg cáps.x 30;Casasco;$ 36437.39;50%;$ 18218.7
47213;diacereína;COMINAR;50 mg cáps.x 60;Casasco;$ 56589.23;50%;$ 28294.62
24819;diclofenac dietilamina;BLOKIUM GEL;1.16 g pomo x 50 g;Casasco;$ 18995.32;40%;$ 11397.19
46818;diclofenac potásico+betametasona;BLOKIUM CORT;comp.x 15;Casasco;$ 23363.15;40%;$ 14017.89
46819;diclofenac potásico+betametasona;BLOKIUM CORT;iny.a.x 5;Casasco;$ 44056.25;40%;$ 26433.75
21240;diclofenac potásico+paracetamol;BLOKIUM GESIC;50/400 mg comp.x 15;Casasco;$ 14607.39;40%;$ 8764.43
21241;diclofenac potásico+paracetamol;BLOKIUM GESIC;50/400 mg comp.x 30;Casasco;$ 23072.17;40%;$ 13843.3
57664;diclofenac potásico+paracetamol;BLOKIUM GESIC FORTE;50/500 mg comp.x 15;Casasco;$ 16407.05;40%;$ 9844.23
57665;diclofenac potásico+paracetamol;BLOKIUM GESIC FORTE;50/500 mg comp.x 30;Casasco;$ 31387.92;40%;$ 18832.75
21238;diclofenac sódico;BLOKIUM;100mg comp.acc.prol.x 15;Casasco;$ 18430.39;40%;$ 11058.23
21234;diclofenac sódico;BLOKIUM;50 mg comp.x 15;Casasco;$ 7183.29;40%;$ 4309.97
21235;diclofenac sódico;BLOKIUM;50 mg comp.x 30;Casasco;$ 11432.04;40%;$ 6859.22
21236;diclofenac sódico;BLOKIUM;75 mg comp.x 15;Casasco;$ 16513.06;40%;$ 9907.84
21237;diclofenac sódico;BLOKIUM;75 mg comp.x 30;Casasco;$ 34781.8;40%;$ 20869.08
52115;diclofenac sódico+omeprazol;BLOKIUM PROTECT;cáps.x 10;Casasco;$ 18016.07;40%;$ 10809.64
50468;diclofenac sódico+omeprazol;BLOKIUM PROTECT;cáps.x 30;Casasco;$ 50595.43;40%;$ 30357.26
23529;diclofenac+pridinol;BLOKIUM FLEX;comp.x 15;Casasco;$ 16606.68;40%;$ 9964.01
23530;diclofenac+pridinol;BLOKIUM FLEX;comp.x 30;Casasco;$ 29836.96;40%;$ 17902.18
51125;diclofenac+pridinol;BLOKIUM FLEX;iny.a.sol.x 3;Casasco;$ 20590.79;40%;$ 12354.47
51126;diclofenac+pridinol;BLOKIUM FLEX;iny.a.sol.x 6;Casasco;$ 34943.2;40%;$ 20965.92
24052;diclofenac+vit.b12+betametasona;BLOKIUM B12;comp.x 15;Casasco;$ 23167.44;40%;$ 13900.46
59849;diclofenac+vit.b12+betametasona;BLOKIUM B12;comp.x 30;Casasco;$ 44163.24;40%;$ 26497.94
54018;diclofenac+vit.b12+betametasona;BLOKIUM B12 IM;iny.x 3;Casasco;$ 33919.73;40%;$ 20351.84
54019;diclofenac+vit.b12+betametasona;BLOKIUM B12 IM;iny.x 5;Casasco;$ 44318.13;40%;$ 26590.88
57670;diosmina+hesperidina micronizada;MILCANOR 1000;comp.rec.x 30;Casasco;$ 53206.2;40%;$ 31923.72
57668;diosmina+hesperidina micronizada;MILCANOR 500;comp.rec.x 30;Casasco;$ 29600.47;40%;$ 17760.28
57669;diosmina+hesperidina micronizada;MILCANOR 500;comp.rec.x 60;Casasco;$ 56045.87;40%;$ 33627.52
62772;dipirona;SUPRITEM;jbe. x 100 ml;Casasco;$ 6586.92;50%;$ 3293.46
1913;domperidona+simeticona;BIGETRIC;comp.x 20;Casasco;$ 13349.29;40%;$ 8009.57
1914;domperidona+simeticona;BIGETRIC;comp.x 40;Casasco;$ 26327.04;40%;$ 15796.22
36179;donepecilo;LIRPAN;10 mg comp.x 30;Casasco;$ 52952.64;50%;$ 26476.32
36178;donepecilo;LIRPAN;5 mg comp.x 30;Casasco;$ 41917.36;50%;$ 20958.68
54367;doxilamina+piridoxina;DETIXOL;cáps.x 30;Casasco;$ 32632.9;50%;$ 16316.45
49694;dutasteride;PLENUR;0.5 mg comp.x 30;Casasco;$ 42981.64;50%;$ 21490.82
63780;dutasteride+tamsulosina;URALOS PLUS;0.5/0.4 mg cáps.x 30;Casasco;$ 63236.59;50%;$ 31618.3
62520;empagliflozina;SAGLOX;10 mg comp.x 30;Casasco;$ 85360.21;100%;$ 0
62521;empagliflozina;SAGLOX;25 mg comp.x 30;Casasco;$ 91675.95;100%;$ 0
24635;enalapril;TENCAS;10 mg comp.x 30;Casasco;$ 10159.59;80%;$ 2031.92
34252;enalapril;TENCAS;10 mg comp.x 50;Casasco;$ 14965.87;80%;$ 2993.17
48353;enalapril;TENCAS;10 mg comp.x 60;Casasco;$ 18929.03;80%;$ 3785.81
24636;enalapril;TENCAS;20 mg comp.x 30;Casasco;$ 12068.51;80%;$ 2413.7
34254;enalapril;TENCAS;20 mg comp.x 50;Casasco;$ 17911.27;80%;$ 3582.25
33477;enalapril;TENCAS;5 mg comp.x 30;Casasco;$ 5860.99;80%;$ 1172.2
34250;enalapril;TENCAS;5 mg comp.x 50;Casasco;$ 8904.45;80%;$ 1780.89
48352;enalapril;TENCAS;5 mg comp.x 60;Casasco;$ 10920.05;80%;$ 2184.01
37839;enalapril+hidroclorotiazida;TENCAS D;10/25 mg comp.x 30;Casasco;$ 15650.21;80%;$ 3130.04
37840;enalapril+hidroclorotiazida;TENCAS D;20/12.5 mg comp.x 30;Casasco;$ 15901.47;80%;$ 3180.29
37060;escitalopram;LEXTOR;10 mg comp.rec.x 30;Casasco;$ 37678.22;50%;$ 18839.11
59876;escitalopram;LEXTOR;10 mg comp.rec.x 60;Casasco;$ 61736.73;50%;$ 30868.37
37062;escitalopram;LEXTOR;20 mg comp.rec.x 30;Casasco;$ 66825.64;50%;$ 33412.82
59863;escitalopram;LEXTOR;20 mg comp.rec.x 60;Casasco;$ 106632.69;50%;$ 53316.35
39793;eszopiclona;MIAPAX;2 mg comp.x 30;Casasco;$ 18154.38;50%;$ 9077.19
39794;eszopiclona;MIAPAX;3 mg comp.x 30;Casasco;$ 22795.86;50%;$ 11397.93
54073;etoricoxib;BLOKIUM COX;120 mg comp.x 7;Casasco;$ 14345.68;50%;$ 7172.84
54070;etoricoxib;BLOKIUM COX;60 mg comp.x 28;Casasco;$ 34362.23;50%;$ 17181.12
54071;etoricoxib;BLOKIUM COX;90 mg comp.x 14;Casasco;$ 27205.53;50%;$ 13602.77
54072;etoricoxib;BLOKIUM COX;90 mg comp.x 28;Casasco;$ 44142.06;50%;$ 22071.03
37838;ezetimibe;NALECOL;10 mg comp.x 30;Casasco;$ 20064.87;50%;$ 10032.44
50474;fenofibrato micronizado;SEGREN;200 mg cáps.x 30;Casasco;$ 40476.81;60%;$ 16190.72
38116;fexofenadina;ALERCAS;120 mg comp.x 10;Casasco;$ 11362.04;50%;$ 5681.02
38117;fexofenadina;ALERCAS;120 mg comp.x 30;Casasco;$ 31661.18;50%;$ 15830.59
37844;fexofenadina;ALERCAS;180 mg comp.x 10;Casasco;$ 20862.18;50%;$ 10431.09
37841;fexofenadina;ALERCAS;60 mg comp.x 10;Casasco;$ 7481.42;50%;$ 3740.71
43968;fexofenadina;ALERCAS;susp. x 90 ml;Casasco;$ 10614.85;50%;$ 5307.43
51742;fexofenadina+betametasona;ALERCAS CORT;comp.rec.x 20 (10+10);Casasco;$ 13243.32;40%;$ 7945.99
39789;fexofenadina+pseudoefedrina;ALERCAS D;comp.x 10;Casasco;$ 13203.28;50%;$ 6601.64
43690;fluconazol;ANTIMICON;150 mg comp.x 2;Casasco;$ 17626.4;50%;$ 8813.2
43691;fluconazol;ANTIMICON;150 mg comp.x 4;Casasco;$ 30741.21;50%;$ 15370.61
41672;fluticasona;INHALAN;spray nasal x 120 ds.;Casasco;$ 13938.27;80%;$ 2787.65
41671;fluticasona;INHALAN;spray nasal x 60 ds.;Casasco;$ 7941.66;80%;$ 1588.33
53337;fluticasona+azelastina;INHALAN AZ;spray nasal x 120 ds.;Casasco;$ 19744.28;50%;$ 9872.14
49349;fluticasona+oximetazolina clorh.;INHALAN PLUS;spray nasal x 60 ds.;Casasco;$ 14780.55;50%;$ 7390.28
56054;fluticasona+salmeterol;INHALAN BRONQUIAL 250/50 MCG;cáps.p/inh.x 60+aplic.;Casasco;$ 55551.26;60%;$ 22220.5
56055;fluticasona+salmeterol;INHALAN BRONQUIAL 500/50 MCG;cáps.p/inh.x 60+aplic.;Casasco;$ 56226.25;60%;$ 22490.5
10756;flúor+calcio;ADOLCAS;comp.x 60;Casasco;$ 26008.49;60%;$ 10403.4
43844;gabapentin;ELIFER;100 mg comp.x 30;Casasco;$ 19640.76;60%;$ 7856.3
43845;gabapentin;ELIFER;300 mg comp.x 30;Casasco;$ 35795.14;60%;$ 14318.06
43846;gabapentin;ELIFER;300 mg comp.x 60;Casasco;$ 63868.44;60%;$ 25547.38
43847;gabapentin;ELIFER;600 mg comp.x 30;Casasco;$ 42557.24;60%;$ 17022.9
32796;haloperidol;ENABRAN;10 mg comp.x 60;Casasco;$ 35963.88;60%;$ 14385.55
55707;haloperidol;ENABRAN;2 mg/ml gts.x 30 ml;Casasco;$ 9846.4;60%;$ 3938.56
51777;hierro+vit.b12+fólico,ác.;REXFOL;comp.x 30;Casasco;$ 28908.84;50%;$ 14454.42
49685;homatropina,metilbr.+simeticona;FACTOR AG ANTIESPASMODICO;gts.x 30 ml;Casasco;$ 10509.25;50%;$ 5254.63
11552;idebenona;GENICERAL;comp.x 30;Casasco;$ 22259.65;50%;$ 11129.83
17146;idebenona;GENICERAL 45;comp.x 30;Casasco;$ 34329.54;50%;$ 17164.77
17147;idebenona;GENICERAL 45;comp.x 60;Casasco;$ 62863.53;50%;$ 31431.77
52589;itopride;IDELIS;50 mg comp.x 30;Casasco;$ 23087.74;50%;$ 11543.87
40044;ketorolac;TELEDOL SL;10 mg comp.subl.x 10;Casasco;$ 11378.26;50%;$ 5689.13
37847;ketorolac;TELEDOL;20 mg comp.x 10;Casasco;$ 11929.45;50%;$ 5964.73
37848;ketorolac;TELEDOL;20 mg comp.x 20;Casasco;$ 19298.9;50%;$ 9649.45
40045;ketorolac;TELEDOL;30 mg a.x 3 x 2 ml;Casasco;$ 6329.25;50%;$ 3164.63
41443;lamotrigina;LAMOCAS;100 mg comp.dispers.x 30;Casasco;$ 44831.02;60%;$ 17932.41
59857;lamotrigina;LAMOCAS;100 mg comp.dispers.x 60;Casasco;$ 85963.92;60%;$ 34385.57
51681;lamotrigina;LAMOCAS XR;100 mg comp.x 30;Casasco;$ 51292.88;60%;$ 20517.15
51682;lamotrigina;LAMOCAS XR;100 mg comp.x 60;Casasco;$ 102224.34;60%;$ 40889.74
41444;lamotrigina;LAMOCAS;200 mg comp.dispers.x 30;Casasco;$ 72928.22;60%;$ 29171.29
41441;lamotrigina;LAMOCAS;25 mg comp.dispers.x 30;Casasco;$ 17182.9;60%;$ 6873.16
41442;lamotrigina;LAMOCAS;50 mg comp.dispers.x 30;Casasco;$ 26708.13;60%;$ 10683.25
43271;levetiracetam;CALLEXE;1000 mg comp.rec.x 30;Casasco;$ 145831.34;50%;$ 72915.67
43272;levetiracetam;CALLEXE;1000 mg comp.rec.x 50;Casasco;$ 170072.49;50%;$ 85036.25
59275;levetiracetam;CALLEXE;1000 mg comp.rec.x 60;Casasco;$ 203163.38;50%;$ 101581.69
43269;levetiracetam;CALLEXE;500 mg comp.rec.x 30;Casasco;$ 72944.88;50%;$ 36472.44
43270;levetiracetam;CALLEXE;500 mg comp.rec.x 50;Casasco;$ 113050.3;50%;$ 56525.15
41601;levetiracetam;CALLEXE;500 mg comp.rec.x 60;Casasco;$ 134283.06;50%;$ 67141.53
47934;levetiracetam;CALLEXE XR;500 mg comp.x 30;Casasco;$ 81535.65;50%;$ 40767.83
45365;levetiracetam;CALLEXE;500 mg iny.a.x 5;Casasco;$ 84267.65;50%;$ 42133.83
47935;levetiracetam;CALLEXE XR;750 mg comp.x 30;Casasco;$ 118339.66;50%;$ 59169.83
51743;levetiracetam;CALLEXE;sol.oral x 300 ml;Casasco;$ 167646.43;50%;$ 83823.22
43010;levofloxacina;FENTAXINA;500 mg comp.rec.x 7;Casasco;$ 17850.46;60%;$ 7140.18
43011;levofloxacina;FENTAXINA;750 mg comp.rec.x 5;Casasco;$ 20546.62;60%;$ 8218.65
63779;linagliptina;GLIMAREL;5 mg comp.rec.x 30;Casasco;$ 118458.46;50%;$ 59229.23
39206;lisado bacteriano;BRONCHO-VAXOM ADULTOS;cáps.x 10;Casasco;$ 74501.81;40%;$ 44701.09
43116;lisado bacteriano;BRONCHO-VAXOM ADULTOS;cáps.x 30;Casasco;$ 221831.14;40%;$ 133098.68
43118;lisado bacteriano;BRONCHO-VAXOM NIÑOS;sobres x 30;Casasco;$ 141544.36;40%;$ 84926.62
53243;lisado bacteriano+vit.a;VACUNA ORAL CASASCO;comp.x 30;Casasco;$ 54562.11;40%;$ 32737.27
43969;lisado bacteriano+vit.a;VACUNA ORAL CASASCO;fco.gotero x 30 ml;Casasco;$ 55337.16;40%;$ 33202.3
46820;loratadina+betametasona;CORTICAS L UD;comp.x 10;Casasco;$ 10833.55;40%;$ 6500.13
44718;loratadina+betametasona;CORTICAS L;comp.x 10;Casasco;$ 10394.17;40%;$ 6236.5
44719;loratadina+betametasona;CORTICAS L;sol.oral x 60 ml;Casasco;$ 10757.89;40%;$ 6454.73
37849;losartán;LOPLAC;100 mg comp.x 30;Casasco;$ 34290.1;60%;$ 13716.04
50668;losartán;LOPLAC XR;100 mg comp.x 30;Casasco;$ 51804.35;60%;$ 20721.74
62424;losartán;LOPLAC;100 mg comp.x 60;Casasco;$ 55556.87;60%;$ 22222.75
23716;losartán;LOPLAC;50 mg comp.x 30;Casasco;$ 28092.63;60%;$ 11237.05
52677;losartán;LOPLAC;50 mg comp.x 60;Casasco;$ 53141.42;60%;$ 21256.57
37850;losartán+hidroclorotiazida;LOPLAC D;100 mg/25 mg comp.x 30;Casasco;$ 35691.76;50%;$ 17845.88
23717;losartán+hidroclorotiazida;LOPLAC D;50 mg/12.5 mg comp.x 30;Casasco;$ 32889.9;50%;$ 16444.95
54231;memantine;CARRIER XR;14 mg comp.x 30;Casasco;$ 41337.47;50%;$ 20668.74
45366;memantine;CARRIER;20 mg comp.x 30;Casasco;$ 46566.71;50%;$ 23283.36
55079;memantine;CARRIER XR;21 mg comp.x 30;Casasco;$ 49038.95;50%;$ 24519.48
54232;memantine;CARRIER XR;28 mg comp.x 30;Casasco;$ 56858.83;50%;$ 28429.42
55078;memantine;CARRIER XR;7 mg comp.x 30;Casasco;$ 24324.9;50%;$ 12162.45
34110;memantine;CARRIER;comp.x 30;Casasco;$ 34913.66;50%;$ 17456.83
34111;memantine;CARRIER;comp.x 60;Casasco;$ 66474.72;50%;$ 33237.36
46202;memantine clorh.+donepecilo clor;CARRIER PLUS;20/10mg comp.x56 (28+28);Casasco;$ 72775.22;50%;$ 36387.61
46203;memantine clorh.+donepecilo clor;CARRIER PLUS;20/5mg comp.x 56 (28+28);Casasco;$ 64481;50%;$ 32240.5
54230;memantine+donepecilo;LIRPAN PLUS;14/10mg cáps.x 30;Casasco;$ 85138.22;50%;$ 42569.11
54229;memantine+donepecilo;LIRPAN PLUS;28/10mg cáps.x 30;Casasco;$ 94035.25;50%;$ 47017.63
55704;mesalazina;CONDUCTASA;1200 mg comp.x 60;Casasco;$ 283358.65;50%;$ 141679.33
49184;mesalazina;CONDUCTASA;500 mg comp.x 60;Casasco;$ 131669.66;50%;$ 65834.83
49185;mesalazina;CONDUCTASA;800 mg comp.x 60;Casasco;$ 211385.27;50%;$ 105692.64
56250;metformina;IMECOT AP FORTE;1000 mg comp.x 30;Casasco;$ 14419.46;100%;$ 0
56251;metformina;IMECOT AP FORTE;1000 mg comp.x 60;Casasco;$ 26509.66;100%;$ 0
56246;metformina;IMECOT;500 mg comp.x 30;Casasco;$ 5326.04;100%;$ 0
57850;metformina;IMECOT AP;500 mg comp.x 30;Casasco;$ 9139.7;100%;$ 0
57851;metformina;IMECOT AP;500 mg comp.x 60;Casasco;$ 17406.99;100%;$ 0
56247;metformina;IMECOT;500 mg comp.x 60;Casasco;$ 10612.68;100%;$ 0
56248;metformina;IMECOT AP;850 mg comp.x 30;Casasco;$ 10893.1;100%;$ 0
56249;metformina;IMECOT AP;850 mg comp.x 60;Casasco;$ 21432.83;100%;$ 0
55081;minociclina;LIMAFIL 50;50 mg comp.x 30;Casasco;$ 18541.15;60%;$ 7416.46
43014;montelukast;MONTRATE;10 mg comp. x 30;Casasco;$ 40787.74;50%;$ 20393.87
63205;montelukast;MONTRATE;10 mg comp. x 60;Casasco;$ 62325.58;50%;$ 31162.79
43012;montelukast;MONTRATE;4 mg comp.mast.x 30;Casasco;$ 38414.58;50%;$ 19207.29
43013;montelukast;MONTRATE;5 mg comp.mast.x 30;Casasco;$ 39171.32;50%;$ 19585.66
46142;montelukast;MONTRATE;sob.x 30;Casasco;$ 37997.31;50%;$ 18998.66
54913;nebivolol;NIRPOL;10 mg comp.x 28;Casasco;$ 35531.41;50%;$ 17765.71
54914;nebivolol;NIRPOL;10 mg comp.x 56;Casasco;$ 74176.01;50%;$ 37088.01
47593;nebivolol;NIRPOL;5 mg comp.x 28;Casasco;$ 18971.65;50%;$ 9485.83
59858;nebivolol;NIRPOL;5 mg comp.x 30;Casasco;$ 18727.57;50%;$ 9363.79
54912;nebivolol;NIRPOL;5 mg comp.x 56;Casasco;$ 39297.64;50%;$ 19648.82
49693;nebivolol+hidroclorotiazida;NIRPOL D;5/12.5 mg comp.x 28;Casasco;$ 27463.28;50%;$ 13731.64
44645;nimodipina;EXPLANER LP;120 mg comp.x 30;Casasco;$ 27947.56;50%;$ 13973.78
11553;nimodipina;EXPLANER;30 mg comp.x 30;Casasco;$ 12630.44;50%;$ 6315.22
27828;nimodipina;EXPLANER;30 mg comp.x 60;Casasco;$ 20988.04;50%;$ 10494.02
24055;nimodipina;EXPLANER 60;60 mg comp.x 30;Casasco;$ 20646.05;50%;$ 10323.03
27829;nimodipina;EXPLANER 60;60 mg comp.x 60;Casasco;$ 31476.69;50%;$ 15738.35
48013;olanzapina;ENOLEX;10 mg comp.x 28;Casasco;$ 175865.93;50%;$ 87932.97
48012;olanzapina;ENOLEX;5 mg comp.x 28;Casasco;$ 89292.81;50%;$ 44646.41
42064;omeprazol+sodio,bicarbonato;DANLOX RAPIDO;20 mg cáps.x 30;Casasco;$ 33455.42;40%;$ 20073.25
64271;omeprazol+sodio,bicarbonato;DANLOX RAPIDO;40 mg cáps.x 15;Casasco;$ 36350.47;40%;$ 21810.28
42070;orlistat;OLEOFIN;120 mg cáps.x 30;Casasco;$ 57571.17;50%;$ 28785.59
42071;orlistat;OLEOFIN;120 mg cáps.x 60;Casasco;$ 106702.29;50%;$ 53351.15
43688;orlistat;OLEOFIN;60 mg cáps.x 30;Casasco;$ 34656.74;50%;$ 17328.37
38608;paroxetina;TIARIX 10;10 mg comp.rec.x 30;Casasco;$ 18388.03;50%;$ 9194.02
43842;paroxetina;TIARIX CR;12.5 mg comp.x 30;Casasco;$ 31361.96;50%;$ 15680.98
24815;paroxetina;TIARIX;20 mg comp.x 30;Casasco;$ 43277.74;50%;$ 21638.87
59864;paroxetina;TIARIX;20 mg comp.x 60;Casasco;$ 76842.49;50%;$ 38421.25
43843;paroxetina;TIARIX CR;25 mg comp.x 30;Casasco;$ 35318.41;50%;$ 17659.21
2002;pool bacteriano;VACUNACE;sob.x 20;Casasco;$ 26144.96;50%;$ 13072.48
45249;pool bacteriano;VACUNACE;sob.x 30;Casasco;$ 38867.77;50%;$ 19433.89
49187;potasio,citrato;UROKIT;comp.lib.prol.x 30;Casasco;$ 21659.62;50%;$ 10829.81
49188;potasio,citrato;UROKIT;comp.lib.prol.x 60;Casasco;$ 41591.42;50%;$ 20795.71
10540;potasio,citrato;UROKIT;sob.x 60;Casasco;$ 34639.18;50%;$ 17319.59
57704;pramipexol;NOXOPRAN;0.25 mg comp.x 100;Casasco;$ 70967.9;50%;$ 35483.95
43970;pramipexol;NOXOPRAN;0.25 mg comp.x 30;Casasco;$ 16575.13;50%;$ 8287.57
43971;pramipexol;NOXOPRAN;0.25 mg comp.x 60;Casasco;$ 33757.05;50%;$ 16878.53
57703;pramipexol;NOXOPRAN;1 mg comp.x 100;Casasco;$ 249740.25;50%;$ 124870.13
43972;pramipexol;NOXOPRAN;1 mg comp.x 30;Casasco;$ 64450.67;50%;$ 32225.34
43973;pramipexol;NOXOPRAN;1 mg comp.x 60;Casasco;$ 133748.09;50%;$ 66874.05
51778;prasugrel;ENIPRAX;10 mg comp.x 30;Casasco;$ 42561.45;50%;$ 21280.73
37851;prednisolona+asoc.;PROCTO VENART;pda.x 10 g;Casasco;$ 10672.66;50%;$ 5336.33
45254;prednisolona+asoc.;PROCTO VENART;pda.x 30 g;Casasco;$ 21063.63;50%;$ 10531.82
45363;pregabalina;NEURISTAN;150 mg cáps.x 30;Casasco;$ 64077.38;50%;$ 32038.69
46522;pregabalina;NEURISTAN;25 mg cáps.x 30;Casasco;$ 13566.22;50%;$ 6783.11
54227;pregabalina;NEURISTAN;50 mg cáps.x 30;Casasco;$ 26537.03;50%;$ 13268.52
51805;pregabalina;NEURISTAN MULTIDOSIS;75 mg comp.x 30;Casasco;$ 44252.37;50%;$ 22126.19
59862;pregabalina;NEURISTAN MULTIDOSIS;75 mg comp.x 60;Casasco;$ 76368.85;50%;$ 38184.43
45362;pregabalina;NEURISTAN;75 mg cáps.x 30;Casasco;$ 41896.12;50%;$ 20948.06
44640;quetiapina;ROSTRUM;100 mg comp.x 30;Casasco;$ 93513.16;50%;$ 46756.58
59855;quetiapina;ROSTRUM;100 mg comp.x 60;Casasco;$ 131482.37;50%;$ 65741.19
47591;quetiapina;ROSTRUM XR;200 mg comp.x 30;Casasco;$ 120617.98;50%;$ 60308.99
44641;quetiapina;ROSTRUM;200 mg comp.x 30;Casasco;$ 116953.48;50%;$ 58476.74
59856;quetiapina;ROSTRUM;200 mg comp.x 60;Casasco;$ 169126.72;50%;$ 84563.36
44638;quetiapina;ROSTRUM;25 mg comp.x 10;Casasco;$ 14285.55;50%;$ 7142.78
44639;quetiapina;ROSTRUM;25 mg comp.x 30;Casasco;$ 55291.27;50%;$ 27645.64
57401;quetiapina;ROSTRUM;25 mg comp.x 60;Casasco;$ 67031.12;50%;$ 33515.56
47592;quetiapina;ROSTRUM XR;300 mg comp.x 30;Casasco;$ 161298.33;50%;$ 80649.17
47589;quetiapina;ROSTRUM XR;50 mg comp.x 30;Casasco;$ 116604.02;50%;$ 58302.01
57659;rivaroxabán;REMEXAL;10 mg comp.rec.x 10;Casasco;$ 47071.09;50%;$ 23535.55
58991;rivaroxabán;REMEXAL;10 mg comp.rec.x 30;Casasco;$ 102874.02;50%;$ 51437.01
57660;rivaroxabán;REMEXAL;15 mg comp.rec.x 28;Casasco;$ 103731.34;50%;$ 51865.67
57661;rivaroxabán;REMEXAL;15 mg comp.rec.x 30;Casasco;$ 105040.93;50%;$ 52520.47
57662;rivaroxabán;REMEXAL;20 mg comp.rec.x 28;Casasco;$ 108501.25;50%;$ 54250.63
57663;rivaroxabán;REMEXAL;20 mg comp.rec.x 30;Casasco;$ 110752.08;50%;$ 55376.04
49690;roflumilast;LEMAST;0.5 mg comp.x 30;Casasco;$ 55091.13;50%;$ 27545.57
23714;rosuvastatina;HIPOLIPOL;10 mg comp.rec.x 28;Casasco;$ 23740.91;60%;$ 9496.36
55841;rosuvastatina;HIPOLIPOL;10 mg comp.rec.x 30;Casasco;$ 24410.05;60%;$ 9764.02
54923;rosuvastatina;HIPOLIPOL;10 mg comp.rec.x 56;Casasco;$ 46042.49;60%;$ 18417
24637;rosuvastatina;HIPOLIPOL;20 mg comp.rec.x 28;Casasco;$ 42561.05;60%;$ 17024.42
55842;rosuvastatina;HIPOLIPOL;20 mg comp.rec.x 30;Casasco;$ 43335.57;60%;$ 17334.23
54924;rosuvastatina;HIPOLIPOL;20 mg comp.rec.x 56;Casasco;$ 81155.02;60%;$ 32462.01
55484;rosuvastatina;HIPOLIPOL;40 mg comp.rec.x 28;Casasco;$ 73085.39;60%;$ 29234.16
55843;rosuvastatina;HIPOLIPOL;40 mg comp.rec.x 30;Casasco;$ 73619.06;60%;$ 29447.62
23712;rosuvastatina;HIPOLIPOL;5 mg comp.rec.x 28;Casasco;$ 15870.63;60%;$ 6348.25
55840;rosuvastatina;HIPOLIPOL;5 mg comp.rec.x 30;Casasco;$ 15967.58;60%;$ 6387.03
54922;rosuvastatina;HIPOLIPOL;5 mg comp.rec.x 56;Casasco;$ 30503.19;60%;$ 12201.28
59981;rosuvastatina+ezetimibe;HIPOLIPOL EZ;10/10 mg comp. x 30;Casasco;$ 33034.87;50%;$ 16517.44
59982;rosuvastatina+ezetimibe;HIPOLIPOL EZ;20/10 mg comp. x 30;Casasco;$ 56940.56;50%;$ 28470.28
61512;rosuvastatina+ezetimibe;HIPOLIPOL EZ;5/10 mg comp. x 30;Casasco;$ 28868.62;50%;$ 14434.31
31835;ruscogenina+hesperidina+asoc.;VENART;cáps.x 30;Casasco;$ 44184.77;40%;$ 26510.86
31836;ruscogenina+hesperidina+asoc.;VENART;cáps.x 60;Casasco;$ 79198.9;40%;$ 47519.34
41446;ruscogenina+meliloto,ext.fluido;VENART;cr.x 30 g;Casasco;$ 17151.73;40%;$ 10291.04
53102;ruscogenina+meliloto,ext.fluido;VENART;cr.x 60 g;Casasco;$ 27597.93;40%;$ 16558.76
40792;sertralina;ZOXX 100;100 mg comp.rec.x 30;Casasco;$ 48605.83;50%;$ 24302.92
59853;sertralina;ZOXX 100;100 mg comp.rec.x 60;Casasco;$ 69814.15;50%;$ 34907.08
40791;sertralina;ZOXX 50;50 mg comp.rec.x 30;Casasco;$ 28923.42;50%;$ 14461.71
59854;sertralina;ZOXX 50;50 mg comp.rec.x 60;Casasco;$ 45908.58;50%;$ 22954.29
40969;sildenafil;ACTIVIL MASTICABLE;50 mg comp.mast.x 2;Casasco;$ 5748.54;50%;$ 2874.27
1949;simeticona;FACTOR AG;200 mg comp.x 20;Casasco;$ 7234.64;50%;$ 3617.32
6080;simeticona;FACTOR AG;200 mg comp.x 40;Casasco;$ 13724.27;50%;$ 6862.14
1952;simeticona;FACTOR AG GOTAS;Ped.gts.x 30 ml;Casasco;$ 10432.55;50%;$ 5216.28
3831;simeticona;FACTOR AG FORTE;emuls.x 150 ml;Casasco;$ 9762.53;50%;$ 4881.27
1955;simeticona;FACTOR AG FORTE;emuls.x 60 ml;Casasco;$ 6252.08;50%;$ 3126.04
59844;sitagliptina;SOTIL;100 mg comp.rec.x 30;Casasco;$ 103794.52;100%;$ 0
59846;sitagliptina;SOTIL;25 mg comp.rec.x 30;Casasco;$ 85319.83;100%;$ 0
59845;sitagliptina;SOTIL;50 mg comp.rec.x 30;Casasco;$ 96372.72;100%;$ 0
59980;sitagliptina+metformina,clorh.;SOTIL MET XR;100/1000 mg comp.x 30;Casasco;$ 129387.59;100%;$ 0
60465;sitagliptina+metformina,clorh.;SOTIL MET;50/1000 mg comp.rec.x 30;Casasco;$ 66630.91;100%;$ 0
60464;sitagliptina+metformina,clorh.;SOTIL MET;50/1000 mg comp.rec.x 60;Casasco;$ 121002.5;100%;$ 0
59979;sitagliptina+metformina,clorh.;SOTIL MET XR;50/1000 mg comp.x 60;Casasco;$ 118263.13;100%;$ 0
60466;sitagliptina+metformina,clorh.;SOTIL MET;50/500 mg comp.rec.x 30;Casasco;$ 57177.85;100%;$ 0
60467;sitagliptina+metformina,clorh.;SOTIL MET;50/850 mg comp.rec.x 60;Casasco;$ 113554.01;100%;$ 0
61776;sodio,divalproato;VALCAS;250 mg comp.x 30;Casasco;$ 25701.93;80%;$ 5140.39
46326;sodio,divalproato;VALCAS;250 mg comp.x 50;Casasco;$ 37268.26;80%;$ 7453.65
61777;sodio,divalproato;VALCAS;250 mg comp.x 60;Casasco;$ 39174.75;80%;$ 7834.95
61778;sodio,divalproato;VALCAS;500 mg comp.x 30;Casasco;$ 42344.78;80%;$ 8468.96
46327;sodio,divalproato;VALCAS;500 mg comp.x 50;Casasco;$ 68209.94;80%;$ 13641.99
61779;sodio,divalproato;VALCAS;500 mg comp.x 60;Casasco;$ 78350.67;80%;$ 15670.13
47937;solifenacina;SOLIFEN;10 mg comp.rec.x 30;Casasco;$ 56323.37;50%;$ 28161.69
47936;solifenacina;SOLIFEN;5 mg comp.rec.x 30;Casasco;$ 49773.98;50%;$ 24886.99
53676;solifenacina+tamsulosina;URALOS MAX;6mg/0.4mg comp.x30;Casasco;$ 51798.61;50%;$ 25899.31
50475;tadalafilo;PERDURAL;20 mg comp.rec.x 2;Casasco;$ 24557.69;50%;$ 12278.85
61826;tadalafilo;PERDURAL;20 mg comp.rec.x 60;Casasco;$ 528377.37;50%;$ 264188.69
52251;tadalafilo;PERDURAL;5 mg comp.rec.x 28;Casasco;$ 98440.68;50%;$ 49220.34
44636;tamsulosina;URALOS CR;0.4 mg comp.x 30;Casasco;$ 44343.41;50%;$ 22171.71
59850;tamsulosina;URALOS CR;0.4 mg comp.x 60;Casasco;$ 67795.43;50%;$ 33897.72
57657;telmisartán;SACTAN;40 mg comp.x 28;Casasco;$ 63896.09;60%;$ 25558.44
64273;telmisartán;SACTAN;40 mg comp.x 30;Casasco;$ 55566.57;60%;$ 22226.63
57658;telmisartán;SACTAN;80 mg comp.x 28;Casasco;$ 89757.17;60%;$ 35902.87
64275;telmisartán;SACTAN;80 mg comp.x 30;Casasco;$ 80210.98;60%;$ 32084.39
59943;telmisartán+amlodipina;SACTAN AMLO;40/5 mg comp.x 28;Casasco;$ 71790.96;50%;$ 35895.48
59945;telmisartán+amlodipina;SACTAN AMLO;80/10 mg comp.x 28;Casasco;$ 92845.8;50%;$ 46422.9
59944;telmisartán+amlodipina;SACTAN AMLO;80/5 mg comp.x 28;Casasco;$ 90269.39;50%;$ 45134.7
59940;telmisartán+hidroclorotiazida;SACTAN D;40/12.5 mg comp.x 28;Casasco;$ 56284.41;50%;$ 28142.21
64277;telmisartán+hidroclorotiazida;SACTAN D;40/12.5 mg comp.x 30;Casasco;$ 49705.4;50%;$ 24852.7
59941;telmisartán+hidroclorotiazida;SACTAN D;80/12.5 mg comp.x 28;Casasco;$ 86614.73;50%;$ 43307.37
64279;telmisartán+hidroclorotiazida;SACTAN D;80/12.5 mg comp.x 30;Casasco;$ 79263.62;50%;$ 39631.81
59942;telmisartán+hidroclorotiazida;SACTAN D;80/25 mg comp.x 28;Casasco;$ 91598.91;50%;$ 45799.46
32800;terazosina;ANDRIN;10 mg comp.x 30;Casasco;$ 26202.97;50%;$ 13101.49
32798;terazosina;ANDRIN;2 mg comp.x 30;Casasco;$ 16840.18;50%;$ 8420.09
32799;terazosina;ANDRIN;5 mg comp.x 30;Casasco;$ 21458.19;50%;$ 10729.1
49190;tióctico,ác.;TINACTOL;600 mg comp.x 30;Casasco;$ 45403.75;50%;$ 22701.88
49688;topiramato;EPISTAL;100 mg comp.x 28;Casasco;$ 55367.93;80%;$ 11073.59
49689;topiramato;EPISTAL;100 mg comp.x 56;Casasco;$ 104886.38;80%;$ 20977.28
49686;topiramato;EPISTAL;25 mg comp.x 28;Casasco;$ 18552.93;80%;$ 3710.59
59851;topiramato;EPISTAL;25 mg comp.x 56;Casasco;$ 31193.2;80%;$ 6238.64
49687;topiramato;EPISTAL;50 mg comp.x 28;Casasco;$ 35447.64;80%;$ 7089.53
59852;topiramato;EPISTAL;50 mg comp.x 56;Casasco;$ 64101.76;80%;$ 12820.35
56254;tramadol;LIXIDOL 100 LP;100 mg comp.LP.x 10;Casasco;$ 17322.16;50%;$ 8661.08
56255;tramadol;LIXIDOL GOTAS;100 mg gotas x 10 ml;Casasco;$ 18957.1;50%;$ 9478.55
56256;tramadol;LIXIDOL GOTAS;100 mg gotas x 20 ml;Casasco;$ 28667.57;50%;$ 14333.79
56252;tramadol;LIXIDOL 50;50 mg comp.x 20;Casasco;$ 17076.58;50%;$ 8538.29
56253;tramadol;LIXIDOL 50;50 mg comp.x 30;Casasco;$ 23813.13;50%;$ 11906.57
58307;tramadol;LIXIDOL GOTAS;50 mg gotas x 10 ml;Casasco;$ 13975.51;50%;$ 6987.76
58308;tramadol;LIXIDOL GOTAS;50 mg gotas x 20 ml;Casasco;$ 24422.8;50%;$ 12211.4
58771;tramadol+paracetamol;LIXIDOL GESIC;comp.x 10;Casasco;$ 14758.17;40%;$ 8854.9
58769;tramadol+paracetamol;LIXIDOL GESIC;comp.x 20;Casasco;$ 29197.67;40%;$ 17518.6
58770;tramadol+paracetamol;LIXIDOL GESIC;comp.x 30;Casasco;$ 36793.94;40%;$ 22076.36
54600;trimebutina+simeticona;FACTOREX;comp.x 30;Casasco;$ 19386.89;40%;$ 11632.13
55706;trimebutina+simeticona;FACTOREX;comp.x 60;Casasco;$ 31971.97;40%;$ 19183.18
48355;valsartán;DILCORAN;160 mg comp.rec.x 28;Casasco;$ 33960.94;60%;$ 13584.38
59860;valsartán;DILCORAN;160 mg comp.rec.x 30;Casasco;$ 33886.71;60%;$ 13554.68
54916;valsartán;DILCORAN;160 mg comp.rec.x 56;Casasco;$ 66676.79;60%;$ 26670.72
54228;valsartán;DILCORAN;320 mg comp.rec.x 28;Casasco;$ 37285.02;60%;$ 14914.01
59861;valsartán;DILCORAN;320 mg comp.rec.x 30;Casasco;$ 36230.62;60%;$ 14492.25
54917;valsartán;DILCORAN;320 mg comp.rec.x 56;Casasco;$ 7697.03;60%;$ 3078.81
48354;valsartán;DILCORAN;80 mg comp.rec.x 28;Casasco;$ 27581.11;60%;$ 11032.44
59859;valsartán;DILCORAN;80 mg comp.rec.x 30;Casasco;$ 25674.84;60%;$ 10269.94
54915;valsartán;DILCORAN;80 mg comp.rec.x 56;Casasco;$ 51786.63;60%;$ 20714.65
50472;valsartán+amlodipina;DILCORAN PLUS;160/10 mg comp.rec.x 28;Casasco;$ 44812.89;50%;$ 22406.45
54919;valsartán+amlodipina;DILCORAN PLUS;160/10 mg comp.rec.x 56;Casasco;$ 81077.55;50%;$ 40538.78
50471;valsartán+amlodipina;DILCORAN PLUS;160/5 mg comp.rec.x 28;Casasco;$ 43318.61;50%;$ 21659.31
54918;valsartán+amlodipina;DILCORAN PLUS;160/5 mg comp.rec.x 56;Casasco;$ 78262.15;50%;$ 39131.08
60406;valsartán+hidrocloroti.+amlodip.;DILCORAN PLUS D;160/12.5/10 mg comp.x 30;Casasco;$ 52469.1;50%;$ 26234.55
60407;valsartán+hidrocloroti.+amlodip.;DILCORAN PLUS D;160/12.5/5 mg comp.x 30;Casasco;$ 49892.84;50%;$ 24946.42
60408;valsartán+hidrocloroti.+amlodip.;DILCORAN PLUS D;320/25/10 mg comp.x 30;Casasco;$ 56205.82;50%;$ 28102.91
50470;valsartán+hidroclorotiazida;DILCORAN D;160/12.5 mg comp.rec.x28;Casasco;$ 33874.63;50%;$ 16937.32
64142;valsartán+hidroclorotiazida;DILCORAN D;160/12.5 mg comp.rec.x30;Casasco;$ 28609.28;50%;$ 14304.64
64143;valsartán+hidroclorotiazida;DILCORAN D;160/25 mg comp.rec.x30;Casasco;$ 28609.28;50%;$ 14304.64
64144;valsartán+hidroclorotiazida;DILCORAN D;320/12.5 mg comp.rec.x30;Casasco;$ 39305.91;50%;$ 19652.96
64145;valsartán+hidroclorotiazida;DILCORAN D;320/25 mg comp.rec.x30;Casasco;$ 39573.36;50%;$ 19786.68
50469;valsartán+hidroclorotiazida;DILCORAN D;80/12.5 mg comp.rec.x 28;Casasco;$ 28955.03;50%;$ 14477.52
54920;valsartán+hidroclorotiazida;DILCORAN D;80/12.5 mg comp.rec.x 56;Casasco;$ 30245.07;50%;$ 15122.54
64141;valsartán+hidroclorotiazida;DILCORAN D;80/12.5 mg comp.rec.x30;Casasco;$ 25661.34;50%;$ 12830.67
44644;venlafaxina;SUNVEX LP;150 mg cáps.x 28;Casasco;$ 37154.96;50%;$ 18577.48
44642;venlafaxina;SUNVEX LP;37.5 mg cáps.x 28;Casasco;$ 26749.58;50%;$ 13374.79
44643;venlafaxina;SUNVEX LP;75 mg cáps.x 28;Casasco;$ 27841.37;50%;$ 13920.69
61780;vildagliptin;VILDAP;50 mg comp.x 30;Casasco;$ 36585.23;100%;$ 0
61781;vildagliptin;VILDAP;50 mg comp.x 60;Casasco;$ 69629.92;100%;$ 0
61782;vildagliptin+metformina;VILDAP MET;50/1000 mg comp.rec.x 30;Casasco;$ 51079.26;100%;$ 0
61783;vildagliptin+metformina;VILDAP MET;50/1000 mg comp.rec.x 60;Casasco;$ 94413.45;100%;$ 0
61784;vildagliptin+metformina;VILDAP MET;50/500 mg comp.rec.x 30;Casasco;$ 44030.65;100%;$ 0
61785;vildagliptin+metformina;VILDAP MET;50/500 mg comp.rec.x 60;Casasco;$ 84001.69;100%;$ 0
61786;vildagliptin+metformina;VILDAP MET;50/850 mg comp.rec.x 30;Casasco;$ 44030.66;100%;$ 0
61787;vildagliptin+metformina;VILDAP MET;50/850 mg comp.rec.x 60;Casasco;$ 84001.69;100%;$ 0
18053;vit.+minerales;POLPER CALCIO-MAGNESIO;comp.x 30;Casasco;$ 27007.32;40%;$ 16204.39
60772;vit.d3;CRADA;cáps.blanda x 1;Casasco;$ 13111.47;40%;$ 7866.88
60773;vit.d3;CRADA;cáps.blandas x 2;Casasco;$ 19234.3;40%;$ 11540.58
60774;vit.d3;CRADA;cáps.blandas x 3;Casasco;$ 28644.9;40%;$ 17186.94
60775;vit.d3;CRADA;cáps.blandas x 4;Casasco;$ 36012.97;40%;$ 21607.78
56245;vit.d3;CRADA;sol.oral x 2 ml;Casasco;$ 10161.99;40%;$ 6097.19
49805;aciclovir;VIROSTATIC 800;comp.x 20;Cassarß;$ 19250;60%;$ 7700
42042;amoxicilina+clavulánico,ác.;CLAMOXOL DUO;comp.rec.x 14;Cassarß;$ 12255.07;60%;$ 4902.03
49050;betametasona+gentamic.+miconazol;BETACORT PLUS CASSARA;cr.dérmica x 25 g;Cassarß;$ 19170;40%;$ 11502
45935;budesonide;NEUMOCORT HFA;200 mcg aer.x 200 dosis;Cassarß;$ 15717.19;80%;$ 3143.44
47358;budesonide;NEUMOCORT + AEROMED;200 mcg hfa aer.x 200ds.;Cassarß;$ 23247.98;80%;$ 4649.6
28698;budesonide;HYPERSOL B 100;spray nasal x 100 dosis;Cassarß;$ 12204.88;80%;$ 2440.98
28697;budesonide;HYPERSOL B 50;spray nasal x 200 dosis;Cassarß;$ 11738.74;80%;$ 2347.75
59432;budesonide+formoterol;NEUMOCORT PLUS;200/6 mcg cáps.inh.x 60;Cassarß;$ 46271.24;60%;$ 18508.5
52142;budesonide+formoterol;NEUMOCORT PLUS;200/6mcg aer.inh.x 60ds.;Cassarß;$ 17963.78;60%;$ 7185.51
50084;budesonide+formoterol;NEUMOCORT PLUS;200/6mcg aer.inh.x150ds.;Cassarß;$ 43866.16;60%;$ 17546.46
57567;budesonide+formoterol;NEUMOCORT PLUS;cáps.c/polvo x120+aplic.;Cassarß;$ 69594.99;60%;$ 27838
57392;budesonide+formoterol;NEUMOCORT PLUS;cáps.c/polvo x60 +aplic.;Cassarß;$ 48453.6;60%;$ 19381.44
36898;cetirizina;ATOPIX;comp.rec.x 20;Cassarß;$ 17120;40%;$ 10272
37180;cetirizina;ATOPIX;gts.x 20 ml;Cassarß;$ 11670;40%;$ 7002
50010;cistina+asoc.;RECUPEL;comp.x 60;Cassarß;$ 38180;40%;$ 22908
36632;clindamicina;CLIDAN;gel dérm.x 15 g;Cassarß;$ 7630.88;60%;$ 3052.35
39205;clindamicina+benzoílo,peróxido;CLIDAN B;gel x 30 g;Cassarß;$ 13671.48;50%;$ 6835.74
32425;clotrimazol;MICOSEP;pasta dérm.x 30 g;Cassarß;$ 10870;40%;$ 6522
50517;fluconazol;FLUCODERM;150 mg comp.ran.x 4;Cassarß;$ 20672.58;50%;$ 10336.29
46726;fluticasona;FLUTICORT;125 mcg aer.hfa x 120ds.;Cassarß;$ 31555.33;80%;$ 6311.07
46727;fluticasona;FLUTICORT;250 mcg aer.hfa x 120ds.;Cassarß;$ 40667.39;80%;$ 8133.48
45636;fluticasona;FLUTICORT;50 mcg spray nas.x60 ds.;Cassarß;$ 8690;80%;$ 1738
48169;fluticasona+salmeterol;FLUTIVENT HFA;125/25 mcg dosis x 120;Cassarß;$ 39653.65;60%;$ 15861.46
48156;fluticasona+salmeterol;FLUTIVENT HFA;125/25 mcg dosis x 60;Cassarß;$ 19139.44;60%;$ 7655.78
48681;fluticasona+salmeterol;FLUTIVENT+AEROMED HFA;125/25mcg ds.x150+espac.;Cassarß;$ 46297.02;60%;$ 18518.81
47968;fluticasona+salmeterol;FLUTIVENT HFA;250/25 mcg dosis x 120;Cassarß;$ 44779.16;60%;$ 17911.66
47680;fluticasona+salmeterol;FLUTIVENT HFA;250/25 mcg dosis x 60;Cassarß;$ 20175.29;60%;$ 8070.12
26106;fusídico,ác.;FUSIMED;2% cr.x 15 g;Cassarß;$ 7798.82;60%;$ 3119.53
24362;fusídico,ác.+betametasona;FUSIMED B OTONASAL;emuls.x 15 g;Cassarß;$ 19450;40%;$ 11670
23064;fusídico,ác.+betametasona;FUSIMED B;emuls.x 50 g;Cassarß;$ 26500;40%;$ 15900
24231;hidrocortisona;ALFACORT;1% cr.x 30 g;Cassarß;$ 7910.68;50%;$ 3955.34
24232;hidrocortisona;ALFACORT;1% emuls.x 100 ml;Cassarß;$ 19917.54;50%;$ 9958.77
26462;hidrocortisona;ALFACORT;1% emuls.x 15 ml;Cassarß;$ 5698.3;50%;$ 2849.15
25126;hidrocortisona;ALFACORT UNIDOSIS;env.x 20 unidosis;Cassarß;$ 12000;50%;$ 6000
42288;imiquimod;MODULCASS;5% cr.derm.x 3 g;Cassarß;$ 17152.75;50%;$ 8576.38
47471;ipratropio,bromuro;AEROTROP;aer.hfa x 250 ds.;Cassarß;$ 17531.11;60%;$ 7012.44
38201;ipratropio,bromuro;AEROTROP;sol.neb.x24 unid.x 2.5ml;Cassarß;$ 17600.28;60%;$ 7040.11
44319;ipratropio,bromuro;AEROTROP;spray nasal x 120 dosis;Cassarß;$ 10543.22;60%;$ 4217.29
46257;itraconazol;ITRAC 200;cáps.x 14;Cassarß;$ 27469.67;50%;$ 13734.84
31806;itraconazol;ITRAC 100;cáps.x 15;Cassarß;$ 22605.37;50%;$ 11302.69
50388;ivermectina;LICEND;0.5% loción x 60 g;Cassarß;$ 12030.95;50%;$ 6015.48
55470;ivermectina;IVERCASS;comp.x 4;Cassarß;$ 17356.7;50%;$ 8678.35
55128;ivermectina;IVERCASS;sol.oral gtas.x 20 ml;Cassarß;$ 21367.12;50%;$ 10683.56
50948;ketoconazol;EUMICEL COLAGENO;2% shamp.x 120 ml;Cassarß;$ 21610;40%;$ 12966
24230;loratadina+betametasona;SINALER B;comp.x 20;Cassarß;$ 17230;40%;$ 10338
34506;loratadina+betametasona;SINALER B;jbe.x 50 ml;Cassarß;$ 9210;40%;$ 5526
42043;loratadina+pseudoefedrina;SINALER D;caps.x 10;Cassarß;$ 9247.27;40%;$ 5548.36
38357;metronidazol;METRAL;1% cr.x 30 g;Cassarß;$ 11033.22;50%;$ 5516.61
51003;mometasona furoato;SUAVICORT;cr.x 20 g;Cassarß;$ 14169.2;50%;$ 7084.6
50925;mometasona furoato;SUAVICORT;spray nasal x 150 ds.;Cassarß;$ 15944.28;50%;$ 7972.14
56081;moxifloxacina;MOXIBASE;400 mg comp.rec.x 10;Cassarß;$ 35530.6;80%;$ 7106.12
12536;nafazolina+cromoglicato disódico;RINOGEL;gel nasal x 15 ml;Cassarß;$ 7842.97;50%;$ 3921.49
40235;nicotina;NIUX;spray nasal x 200 ds.;Cassarß;$ 30309.2;50%;$ 15154.6
22487;ofloxacina;OTOFLOX;gts.óticas x 10 ml;Cassarß;$ 13792.87;60%;$ 5517.15
43788;oximetazolina;OXILER D;spray x 10 ml;Cassarß;$ 11881.69;50%;$ 5940.85
18640;podofilox;PODOXIN;sol.tópica x 3.5 ml;Cassarß;$ 14725.89;50%;$ 7362.95
2029;prednisolona+cloramfenicol;ESODAR;susp.est.x 10 ml;Cassarß;$ 8328.95;50%;$ 4164.48
49806;ribosomas+proteoglicanos;SUMMAVAC R;comp.x 12;Cassarß;$ 50023.43;50%;$ 25011.72
47141;salbutamol;SALBUTRAL C/AEROMED;aer.hfa x 250 dosis;Cassarß;$ 16585.9;80%;$ 3317.18
45496;salbutamol;SALBUTRAL;aer.x 250 dosis;Cassarß;$ 10367.5;80%;$ 2073.5
39858;salbutamol+beclometasona;BUTOCORT HFA;aer.x 250 dosis;Cassarß;$ 12397.47;80%;$ 2479.49
49159;salbutamol+ipratropio,br.;SALBUTRAL AC HFA;aer.x 250 dosis;Cassarß;$ 28651.47;60%;$ 11460.59
38474;salbutamol+ipratropio,br.;SALBUTRAL AC;sol.p/neb.unid.x24x2.5ml;Cassarß;$ 17135.07;60%;$ 6854.03
53492;salicílico,ác.;VERRUKID PEDIATRICO;gel líq.x 10 g;Cassarß;$ 13597.07;50%;$ 6798.54
21229;sodio,carbonato;OTOCLEAN GOTAS OTICAS;gts.óticas x 10 ml;Cassarß;$ 6833.05;50%;$ 3416.53
28233;sodio,cloruro;HYPERSOL;3% spray nasal x 25 ml;Cassarß;$ 7995.8;50%;$ 3997.9
48821;sodio,cloruro;HYPERSOL NEBU;sol.neb.unids.estér.x 12;Cassarß;$ 21989.16;50%;$ 10994.58
29640;sodio,cloruro;HYPERSOL UNIDOSIS;unidosis estériles x 25;Cassarß;$ 8715.87;50%;$ 4357.94
50680;sodio,cloruro+carragenina;NASITRAL;spray nasal est. x 10ml;Cassarß;$ 14747.66;50%;$ 7373.83
37950;sodio,cloruro+xilitol;XYLISOL;spray nasal x 25 ml;Cassarß;$ 10901.18;50%;$ 5450.59
26252;tretinoína;NEOTRETIN D;0.005% cr.x 30 g;Cassarß;$ 11927.35;50%;$ 5963.68
26253;tretinoína;NEOTRETIN M;0.025% cr.x 30 g;Cassarß;$ 13068.4;50%;$ 6534.2
26254;tretinoína;NEOTRETIN F;0.050% cr.x 30 g;Cassarß;$ 14675.93;50%;$ 7337.97
2073;vacuna polimicrob.polimicót.;SUMMAVAC P;iny.a.x 8;Cassarß;$ 43818.84;50%;$ 21909.42
2072;vacuna polimicrob.polimicót.;SUMMAVAC M;iny.a.x 8;Cassarß;$ 41771.73;50%;$ 20885.87
57512;aripiprazol;ARINOVA;10 mg comp.x 28;Celnova Argenti;$ 27097.18;50%;$ 13548.59
57515;aripiprazol;ARINOVA;15 mg comp.x 28;Celnova Argenti;$ 37074.19;50%;$ 18537.1
57514;aripiprazol;ARINOVA;5 mg comp.x 28;Celnova Argenti;$ 23217.06;50%;$ 11608.53
57513;aripiprazol;ARINOVA;fco.x 150 ml;Celnova Argenti;$ 37163.92;50%;$ 18581.96
49769;dispositivo para aplic.insulina;AGUJAS BD ULTRAFINE 5MM 31G;31G x 5mm caja x 100;Celnova Argenti;$ 33755.25;100%;$ 0
50110;dispositivo para aplic.insulina;AGUJAS BD ULTRAFINE 8MM 31G;31G x 8mm caja x 100;Celnova Argenti;$ 33755.25;100%;$ 0
56746;dispositivo para aplic.insulina;AGUJAS BD ULTRAFINE 4MM 32G (EF);32G x 4mm caja x 100;Celnova Argenti;$ 33755.25;100%;$ 0
39121;dispositivo para aplic.insulina;JERINGAS BD ULTRAFINE 0.3 ML AGUJA CORTA;Jga.0.3cc. 8mmx30g x100u;Celnova Argenti;$ 45030.38;100%;$ 0
39120;dispositivo para aplic.insulina;JERINGAS BD ULTRAFINE 0.5 ML AGUJA CORTA;Jga.0.5cc 8mmx30g x 100u;Celnova Argenti;$ 45030.38;100%;$ 0
39122;dispositivo para aplic.insulina;JERINGAS BD ULTRAFINE 1 ML AGUJA CORTA;Jga.1cc 8mmx30g x 100u;Celnova Argenti;$ 45030.38;100%;$ 0
49239;dispositivo para aplic.insulina;JERINGAS BD ULTRAFINE 0.3 ML AGUJA MINI;jga.0.3cc 6mmx31G x 100u;Celnova Argenti;$ 45030.38;100%;$ 0
49238;dispositivo para aplic.insulina;JERINGAS BD ULTRAFINE 0.5 ML AGUJA MINI;jga.0.5cc 6mmx31G x 100u;Celnova Argenti;$ 45030.38;100%;$ 0
49237;dispositivo para aplic.insulina;JERINGAS BD ULTRAFINE 1 ML AGUJA MINI;jga.1cc 6mmx31G x100u;Celnova Argenti;$ 45030.38;100%;$ 0
58583;donepecilo;DONENOVA;10 mg comp.rec.x 30;Celnova Argenti;$ 47927.84;50%;$ 23963.92
58582;donepecilo;DONENOVA;5 mg comp.rec.x 30;Celnova Argenti;$ 37942.85;50%;$ 18971.43
57504;escitalopram;ESCITANOVA;10 mg comp.rec.x 28;Celnova Argenti;$ 33949.1;50%;$ 16974.55
57503;escitalopram;ESCITANOVA;20 mg comp.rec.x 28;Celnova Argenti;$ 61906.59;50%;$ 30953.3
55762;levetiracetam;LEVENOVA;1000 mg comp.rec.x 30;Celnova Argenti;$ 155765.18;50%;$ 77882.59
55761;levetiracetam;LEVENOVA;500 mg comp.rec.x 60;Celnova Argenti;$ 150385.69;50%;$ 75192.85
10994;levomepromazina;NOZINAN;25 mg comp.x 30;Celnova Argenti;$ 20511.3;50%;$ 10255.65
57052;olanzapina;OLANZANOVA;10 mg comp.rec.x 28;Celnova Argenti;$ 159024.85;50%;$ 79512.43
57505;olanzapina;OLANZANOVA;5 mg comp.rec.x 28;Celnova Argenti;$ 76323.97;50%;$ 38161.99
59990;quetiapina;QUETIANOVA;25 mg comp.rec.x 30;Celnova Argenti;$ 45677.53;50%;$ 22838.77
57258;sertralina;SERTRANOVA;100 mg comp.rec.x 30;Celnova Argenti;$ 45172.13;50%;$ 22586.07
57257;sertralina;SERTRANOVA;50 mg comp.rec.x 30;Celnova Argenti;$ 25960.68;50%;$ 12980.34
43318;vildagliptin;GALVUS;50 mg comp.x 28;Celnova Argenti;$ 56628.06;100%;$ 0
42278;vildagliptin;GALVUS;50 mg comp.x 56;Celnova Argenti;$ 110517.46;100%;$ 0
43320;vildagliptin+metformina;GALVUS MET;50/1000 mg comp.x 30;Celnova Argenti;$ 76656.27;100%;$ 0
42498;vildagliptin+metformina;GALVUS MET;50/1000 mg comp.x 60;Celnova Argenti;$ 145024.81;100%;$ 0
50039;vildagliptin+metformina;GALVUS MET;50/500 mg comp.x 30;Celnova Argenti;$ 67401.68;100%;$ 0
50040;vildagliptin+metformina;GALVUS MET;50/500 mg comp.x 60;Celnova Argenti;$ 127043.48;100%;$ 0
43319;vildagliptin+metformina;GALVUS MET;50/850 mg comp.x 30;Celnova Argenti;$ 67401.68;100%;$ 0
42497;vildagliptin+metformina;GALVUS MET;50/850 mg comp.x 60;Celnova Argenti;$ 127043.48;100%;$ 0
12258;alprazolam;BESTROL;0.5 mg comp.x 20;Cetus;$ 4673.87;50%;$ 2336.94
19676;alprazolam;BESTROL;0.5 mg comp.x 40;Cetus;$ 7863.63;50%;$ 3931.82
13402;alprazolam;BESTROL;0.5 mg comp.x 60;Cetus;$ 10683;50%;$ 5341.5
12259;alprazolam;BESTROL;1 mg comp.x 20;Cetus;$ 7941.98;50%;$ 3970.99
19677;alprazolam;BESTROL;1 mg comp.x 40;Cetus;$ 12725.87;50%;$ 6362.94
13403;alprazolam;BESTROL;1 mg comp.x 60;Cetus;$ 17765;50%;$ 8882.5
2164;bametano+asoc.;FLAVAL;comp.x 30;Cetus;$ 37957.35;50%;$ 18978.68
2165;bametano+asoc.;FLAVAL;comp.x 60;Cetus;$ 74164.44;50%;$ 37082.22
46518;butamirato,citrato;PROKING NF;jbe.x 120 ml;Cetus;$ 16769.85;50%;$ 8384.93
33080;cetirizina;CETIRIZINA CETUS;comp.x 10;Cetus;$ 12530.11;40%;$ 7518.07
2171;dehidrocólico,ác.+asoc.;ZIMEROL;comp.rec.x 45;Cetus;$ 32680.14;50%;$ 16340.07
11100;dexclorfeniramina;AFEME;comp.x 20;Cetus;$ 10641.22;50%;$ 5320.61
10881;diazepam;CUADEL;10 mg comp.x 20;Cetus;$ 9366.23;50%;$ 4683.12
10880;diazepam;CUADEL;5 mg comp.x 20;Cetus;$ 7109.9;50%;$ 3554.95
2139;diclofenac sódico+orfenadrina;BELMALEN;comp.rec.x 20;Cetus;$ 23880.91;40%;$ 14328.55
47795;domperidona;KINETIDOM;comp.x 20;Cetus;$ 10110.71;50%;$ 5055.36
41185;glucosamina;BELMALEN PLUS;sob.x 30;Cetus;$ 51619.93;40%;$ 30971.96
2169;levoglutamina+vit.b6+asoc.;TUAPLEX;comp.x 50;Cetus;$ 53201.42;40%;$ 31920.85
20312;loperamida;IONET;comp.x 10;Cetus;$ 7446.51;50%;$ 3723.26
51529;mazindol;FAGOLIP PLUS;comp.x 30;Cetus;$ 36170.21;50%;$ 18085.11
2142;metoclopramida+asoc.;BITECAIN A.A.;comp.x 20;Cetus;$ 20085.93;50%;$ 10042.97
2135;pancreatina+asoc.;ARNOL 720-T;comp.rec.x 30;Cetus;$ 27470.5;50%;$ 13735.25
2136;pancreatina+asoc.;ARNOL 720-T;comp.rec.x 60;Cetus;$ 54108.12;50%;$ 27054.06
2148;paracetamol+difenhidramina+asoc.;CORIZINA CETUS;grag.x 12;Cetus;$ 9741.59;40%;$ 5844.95
23736;sertralina;BICROMIL;100 mg comp.x 30;Cetus;$ 566.37;50%;$ 283.19
23735;sertralina;BICROMIL;50 mg comp.x 30;Cetus;$ 32481.99;50%;$ 16241
14944;simeticona;SIMETICONA CETUS;comp.x 20;Cetus;$ 8670.58;50%;$ 4335.29
2155;sodio,picosulfato;DAGOL CETUS;comp.x 20;Cetus;$ 9381.89;50%;$ 4690.95
2156;sodio,picosulfato;DAGOL CETUS;gts.x 15 ml;Cetus;$ 7772.53;50%;$ 3886.27
51142;allopurinol;ALLOPURINOL 100 CRAVERI;100 mg comp.x 30;Craveri;$ 5636.04;60%;$ 2254.42
51143;allopurinol;ALLOPURINOL 100 CRAVERI;100 mg comp.x 60;Craveri;$ 9808.33;60%;$ 3923.33
40472;allopurinol;ALLOPURINOL CRAVERI RETARD;300 mg comp.lib.prol.x20;Craveri;$ 12156.52;60%;$ 4862.61
40473;allopurinol;ALLOPURINOL CRAVERI RETARD;300 mg comp.lib.prol.x50;Craveri;$ 22017.17;60%;$ 8806.87
9125;allopurinol;ALLOPURINOL 300 CRAVERI;300 mg comp.x 20;Craveri;$ 9744.07;60%;$ 3897.63
48994;allopurinol;ALLOPURINOL 300 CRAVERI;300 mg comp.x 30;Craveri;$ 12598.87;60%;$ 5039.55
9126;allopurinol;ALLOPURINOL 300 CRAVERI;300 mg comp.x 40;Craveri;$ 15491.97;60%;$ 6196.79
48995;allopurinol;ALLOPURINOL 300 CRAVERI;300 mg comp.x 60;Craveri;$ 19079.41;60%;$ 7631.76
32957;alprazolam+domperidona+asoc.;ANSIELIX DIGEST;comp.x 30;Craveri;$ 21105.49;40%;$ 12663.29
41769;amitriptilina;TRYPTALGIN;10 mg comp.rec.x 30;Craveri;$ 9307.36;50%;$ 4653.68
41770;amitriptilina;TRYPTALGIN;25 mg comp.rec.x 30;Craveri;$ 11006.13;50%;$ 5503.07
41771;amitriptilina;TRYPTALGIN;75 mg comp.rec.x 30;Craveri;$ 22231.3;50%;$ 11115.65
32961;atorvastatín;PLAN;10 mg comp.x 30;Craveri;$ 38092.23;60%;$ 15236.89
32962;atorvastatín;PLAN;20 mg comp.x 30;Craveri;$ 61855.73;60%;$ 24742.29
41058;atorvastatín+ezetimibe;PLAN DUO;10/10mg comp.x 60(30+30);Craveri;$ 41554.67;50%;$ 20777.34
41059;atorvastatín+ezetimibe;PLAN DUO;10/20mg comp.x 60(30+30);Craveri;$ 61746.38;50%;$ 30873.19
51352;betametasona+gentamic.+miconazol;DERMA 3;cr.x 20 g;Craveri;$ 20895.35;40%;$ 12537.21
37799;carvedilol;ANTIBLOC 12.5;12.5 mg comp.x 30;Craveri;$ 16170.94;60%;$ 6468.38
37800;carvedilol;ANTIBLOC 25;25 mg comp.x 30;Craveri;$ 19852.62;60%;$ 7941.05
37798;carvedilol;ANTIBLOC 6.25;6.25 mg comp.x 30;Craveri;$ 12752.17;60%;$ 5100.87
42640;cilostazol;CILAAL 100;100 mg comp.x 30;Craveri;$ 40454.14;60%;$ 16181.66
42639;cilostazol;CILAAL 50;50 mg comp.x 30;Craveri;$ 20303.92;60%;$ 8121.57
52561;clopidogrel;DANIR;75 mg comp.x 30;Craveri;$ 1534.19;50%;$ 767.1
22468;cumarina;ESBERIVEN EMULSION;env.x 70 g;Craveri;$ 33364.38;50%;$ 16682.19
8959;cumarina+troxerrutina;ESBERIVEN DEPOT;grag.x 100;Craveri;$ 64414.69;50%;$ 32207.35
9777;cumarina+troxerrutina;ESBERIVEN DEPOT;grag.x 20;Craveri;$ 18203.8;50%;$ 9101.9
2400;cumarina+troxerrutina;ESBERIVEN DEPOT;grag.x 50;Craveri;$ 41317.72;50%;$ 20658.86
47786;desogestrel;PINK;comp.rec.x 28;Craveri;$ 16284.76;50%;$ 8142.38
51186;diosmina;DIOSMIN CREMA;pomo x 30 g;Craveri;$ 15802.6;50%;$ 7901.3
52849;diosmina;DIOSMIN CREMA;pomo x 90 g;Craveri;$ 32428.87;50%;$ 16214.44
46705;diosmina+hesperidina micronizada;DIOSMIN;comp.rec.x 100;Craveri;$ 112615.16;40%;$ 67569.1
62194;diosmina+hesperidina micronizada;DIOSMIN 1000;comp.x 30;Craveri;$ 61304.96;40%;$ 36782.98
41060;diosmina+hesperidina micronizada;DIOSMIN;comp.x 30;Craveri;$ 40052.45;40%;$ 24031.47
62195;diosmina+hesperidina micronizada;DIOSMIN 1000;comp.x 60;Craveri;$ 117772.38;40%;$ 70663.43
41061;diosmina+hesperidina micronizada;DIOSMIN;comp.x 60;Craveri;$ 74122.21;40%;$ 44473.33
51937;doxilamina+piridoxina;TONVAL;10/10 mg cáps.x 30;Craveri;$ 33473.53;50%;$ 16736.77
54429;etoricoxib;ETOREX;120 mg comp.x 7;Craveri;$ 11571.94;50%;$ 5785.97
54426;etoricoxib;ETOREX;60 mg comp.x 28;Craveri;$ 36621.17;50%;$ 18310.59
54427;etoricoxib;ETOREX;90 mg comp.x 14;Craveri;$ 30300.43;50%;$ 15150.22
54428;etoricoxib;ETOREX;90 mg comp.x 28;Craveri;$ 52913.79;50%;$ 26456.9
35060;fenofibrato micronizado;CRAVERIL;comp.rec.x 30;Craveri;$ 41980.91;60%;$ 16792.36
51311;fenofíbrico,ác.;CRAVERIL XR;135 mg cáps.lib.prol.x30;Craveri;$ 40206.81;60%;$ 16082.72
51310;fenofíbrico,ác.;CRAVERIL XR;45 mg cáps.lib.prol.x 30;Craveri;$ 34106.12;60%;$ 13642.45
1341;fenolftaleína+asoc.;GENOLAXANTE;grag.x 30;Craveri;$ 9706.57;50%;$ 4853.29
9291;fenolftaleína+asoc.;GENOLAXANTE;grag.x 50;Craveri;$ 14179.51;50%;$ 7089.76
53803;fluconazol;FLUCONAL;150 mg comp.x 2;Craveri;$ 15092.82;50%;$ 7546.41
53804;fluconazol;FLUCONAL;150 mg comp.x 4;Craveri;$ 24637.66;50%;$ 12318.83
33458;gabapentin;LOGISTIC;300 mg comp.rec.x 30;Craveri;$ 38757.19;60%;$ 15502.88
33398;gabapentin;LOGISTIC;300 mg comp.rec.x 60;Craveri;$ 69544.64;60%;$ 27817.86
36647;gabapentin;LOGISTIC;600 mg comp.rec.x 30;Craveri;$ 47638.54;60%;$ 19055.42
31779;glibenclamida;BENCLAMID;5 mg comp.x 60;Craveri;$ 589.61;100%;$ 0
47349;gliclazida;TRADON MR;30mg comp.lib.modif.x 30;Craveri;$ 15222.38;100%;$ 0
47350;gliclazida;TRADON MR;30mg comp.lib.modif.x 60;Craveri;$ 29830.71;100%;$ 0
48802;gliclazida;TRADON 60 MR;60mg comp.lib.modif.x 30;Craveri;$ 28305.09;100%;$ 0
48803;gliclazida;TRADON 60 MR;60mg comp.lib.modif.x 60;Craveri;$ 55224.18;100%;$ 0
24790;glimepiride;ISLOPIR;2 mg comp.x 30;Craveri;$ 16339.03;100%;$ 0
24794;glimepiride;ISLOPIR;4 mg comp.x 30;Craveri;$ 32198.02;100%;$ 0
42347;heparina sódica;HEPATRIET;gel tópico x 60 g;Craveri;$ 30364.85;60%;$ 12145.94
47164;ibandrónico,ác.;TABTIL;comp.rec.x 1;Craveri;$ 41058.6;50%;$ 20529.3
47165;ibandrónico,ác.;TABTIL;comp.rec.x 3;Craveri;$ 64976.01;50%;$ 32488.01
17926;lactulosa;GENOCOLAN;jbe.x 120 ml;Craveri;$ 332.5;40%;$ 199.5
54995;leflunomida;FLUDART;20 mg comp.rec.x 30;Craveri;$ 47197.83;50%;$ 23598.92
35841;meloxicam;DOMINADOL;15 mg comp.x 20;Craveri;$ 808.57;40%;$ 485.14
47850;metformina;ISLOTIN XR 1000;1000 mg comp.rec.AP x 30;Craveri;$ 26690.93;100%;$ 0
47851;metformina;ISLOTIN XR 1000;1000 mg comp.rec.AP x 60;Craveri;$ 49877.51;100%;$ 0
31528;metformina;ISLOTIN 1000;1000 mg comp.rec.x 100;Craveri;$ 51973.12;100%;$ 0
29279;metformina;ISLOTIN 1000;1000 mg comp.rec.x 20;Craveri;$ 621.9;100%;$ 0
51505;metformina;ISLOTIN 1000;1000 mg comp.rec.x 30;Craveri;$ 19475.89;100%;$ 0
29280;metformina;ISLOTIN 1000;1000 mg comp.rec.x 50;Craveri;$ 1315.64;100%;$ 0
51506;metformina;ISLOTIN 1000;1000 mg comp.rec.x 60;Craveri;$ 33288.89;100%;$ 0
43425;metformina;ISLOTIN XR;500 mg comp.rec.AP x 30;Craveri;$ 12808.13;100%;$ 0
43426;metformina;ISLOTIN XR;500 mg comp.rec.AP x 60;Craveri;$ 24338.16;100%;$ 0
6355;metformina;ISLOTIN;500 mg comp.x 100;Craveri;$ 26460.58;100%;$ 0
7744;metformina;ISLOTIN;500 mg comp.x 30;Craveri;$ 8393.41;100%;$ 0
47793;metformina;ISLOTIN XR 750;750 mg comp.rec.AP x 30;Craveri;$ 20051.76;100%;$ 0
47794;metformina;ISLOTIN XR 750;750 mg comp.rec.AP x 60;Craveri;$ 37458.62;100%;$ 0
31188;metformina;ISLOTIN RETARD;850 mg comp.rec.AP x 100;Craveri;$ 44382.85;100%;$ 0
15403;metformina;ISLOTIN RETARD;850 mg comp.rec.AP x 30;Craveri;$ 13931.32;100%;$ 0
15404;metformina;ISLOTIN RETARD;850 mg comp.rec.AP x 60;Craveri;$ 27515.56;100%;$ 0
23091;metoclopramida+pancreatina+asoc.;DIGESPLEN;grag.x 30;Craveri;$ 15805.4;50%;$ 7902.7
38666;metronidazol;METROLOCAL;0.8% gel x 30 g;Craveri;$ 24831;50%;$ 12415.5
49330;miconazol+metronidazol+asoc.;BLAST;óv.vaginales x 6;Craveri;$ 20854.92;40%;$ 12512.95
12196;norfloxacina;NORFLOXACINA CRAVERI;comp.x 10;Craveri;$ 12279.1;60%;$ 4911.64
12197;norfloxacina;NORFLOXACINA CRAVERI;comp.x 20;Craveri;$ 23694.15;60%;$ 9477.66
18794;oxibutinina;UREQUIN;comp.x 20;Craveri;$ 14784.71;50%;$ 7392.36
18795;oxibutinina;UREQUIN;comp.x 50;Craveri;$ 34347.25;50%;$ 17173.63
48804;pentoxifilina;PENTOMIRON;comp.rec.x 60;Craveri;$ 53126.11;50%;$ 26563.06
45314;pregabalina;CLASICA;150 mg cáps.x 28;Craveri;$ 45596.56;50%;$ 22798.28
59789;pregabalina;CLASICA;150 mg cáps.x 30;Craveri;$ 46633.25;50%;$ 23316.63
48805;pregabalina;CLASICA;25 mg cáps.x 28;Craveri;$ 10336.86;50%;$ 5168.43
59788;pregabalina;CLASICA;25 mg cáps.x 30;Craveri;$ 10577.22;50%;$ 5288.61
45313;pregabalina;CLASICA;75 mg cáps.x 28;Craveri;$ 30837.47;50%;$ 15418.74
59603;pregabalina;CLASICA;75 mg cáps.x 30;Craveri;$ 31630.03;50%;$ 15815.02
41761;repaglinida;CRAVENORM;1 mg comp.x 30;Craveri;$ 10339.21;50%;$ 5169.61
45185;rosuvastatina;LIPOGLUTAREN 10;10 mg comp.rec.x 30;Craveri;$ 23794.43;60%;$ 9517.77
45186;rosuvastatina;LIPOGLUTAREN 20;20 mg comp.rec.x 30;Craveri;$ 44234.54;60%;$ 17693.82
45184;rosuvastatina;LIPOGLUTAREN 5;5 mg comp.rec.x 30;Craveri;$ 18625.91;60%;$ 7450.36
52237;rosuvastatina+ezetimibe;LIPOGLUTAREN DUO;10/10 mg comp.rec.x30+30;Craveri;$ 36654.07;50%;$ 18327.04
52238;rosuvastatina+ezetimibe;LIPOGLUTAREN DUO;20/10 mg comp.rec.x30+30;Craveri;$ 64095.93;50%;$ 32047.97
44022;ruscogenina+hesperidina+asoc.;NOLEN;cáps.x 30;Craveri;$ 44032.66;40%;$ 26419.6
44023;ruscogenina+hesperidina+asoc.;NOLEN;cáps.x 60;Craveri;$ 81155.63;40%;$ 48693.38
37805;sildenafil;FIRMEL;50 mg comp.mast.x 2;Craveri;$ 3989.02;50%;$ 1994.51
22471;sildenafil;FIRMEL;50 mg comp.x 10;Craveri;$ 24488.57;50%;$ 12244.29
22469;sildenafil;FIRMEL;50 mg comp.x 2;Craveri;$ 5935.42;50%;$ 2967.71
33192;sildenafil;FIRMEL;50 mg comp.x 20;Craveri;$ 49994.64;50%;$ 24997.32
61014;solifenacina;SOLICINA;10 mg comp.rec.x 30;Craveri;$ 50057.99;50%;$ 25029
61013;solifenacina;SOLICINA;5 mg comp.rec.x 30;Craveri;$ 44297.8;50%;$ 22148.9
41772;sumatriptán;MIGRATRIPTAN;100 mg comp.x 2;Craveri;$ 26261.6;50%;$ 13130.8
41773;sumatriptán;MIGRATRIPTAN;100 mg comp.x 4;Craveri;$ 50134.2;50%;$ 25067.1
47163;tibolona;KLIMASTRESS;2.5 mg comp.x 30;Craveri;$ 27566.54;50%;$ 13783.27
20758;tióctico,ác.;CIAGEN 600;600 mg comp.rec.x 30;Craveri;$ 52679.13;50%;$ 26339.57
51045;tióctico,ác.;CIAGEN 600;600 mg comp.rec.x 60;Craveri;$ 96260.3;50%;$ 48130.15
57475;tramadol;TRAMUSTIN;comp.x 10;Craveri;$ 8148.89;50%;$ 4074.45
57476;tramadol;TRAMUSTIN;comp.x 20;Craveri;$ 17076.58;50%;$ 8538.29
57477;tramadol;TRAMUSTIN;comp.x 30;Craveri;$ 23813.13;50%;$ 11906.57
35794;trimebutina;BIORGAN;200 mg comp.x 20;Craveri;$ 12187.46;50%;$ 6093.73
35795;trimebutina;BIORGAN;200 mg comp.x 40;Craveri;$ 21600.74;50%;$ 10800.37
35796;trimebutina;BIORGAN AP;300 mg comp.x 20;Craveri;$ 16813.68;50%;$ 8406.84
35797;trimebutina+bromazepam;BIORGAN B;comp.x 30;Craveri;$ 21532.26;40%;$ 12919.36
48345;trimebutina+simeticona;BIORGAN S;200/120 mg comp.rec.x 20;Craveri;$ 17820.08;40%;$ 10692.05
48346;trimebutina+simeticona;BIORGAN S;200/120 mg comp.rec.x 40;Craveri;$ 32796.49;40%;$ 19677.89
23480;trolamina;BIAFINE;emuls.x 93 g;Craveri;$ 1122.44;50%;$ 561.22
2128;troxerrutina+escina;TROXEVEN FORTE;500 mg comp.x 20;Craveri;$ 18778.06;50%;$ 9389.03
2129;troxerrutina+escina;TROXEVEN FORTE;500 mg comp.x 40;Craveri;$ 32346.33;50%;$ 16173.17
30518;antipirina+sodio,carbonato+asoc.;SINCERUM;gts.x 5 ml;Dallas;$ 8016.43;50%;$ 4008.22
33248;budesonide;PROETZONIDE NEBU;fco.x 20 ml;Dallas;$ 19456.16;60%;$ 7782.46
28354;cetirizina;CABAL;comp.x 10;Dallas;$ 10314.09;40%;$ 6188.45
32340;cetirizina;CABAL;comp.x 30;Dallas;$ 20279.44;40%;$ 12167.66
28355;cetirizina;CABAL;gts.x 10 ml;Dallas;$ 9730.72;40%;$ 5838.43
39724;dexametasona+neomicina+asoc.;PROETZTOTAL;sol.p/nebulizar x 10 ml;Dallas;$ 13084.84;50%;$ 6542.42
39725;dexametasona+neomicina+asoc.;PROETZTOTAL;sol.p/nebulizar x 20 ml;Dallas;$ 19294.56;50%;$ 9647.28
2464;loperamida;VILTAR;comp.x 10;Dallas;$ 6134.35;50%;$ 3067.18
33249;loperamida;VILTAR;comp.x 20;Dallas;$ 9287.21;50%;$ 4643.61
11149;natamicina;NATACYN;fco.x 15 ml;Daxley;$ 8988;50%;$ 4494
54508;acetilcisteína;DENVERMUC 600;600 mg sob.x 10;Denver Farma;$ 13186.29;40%;$ 7911.77
40220;alprazolam;ALPRAZOLAM DENVER FARMA;0.5 mg comp.x 60;Denver Farma;$ 8816.87;50%;$ 4408.44
40221;alprazolam;ALPRAZOLAM DENVER FARMA;1 mg comp.x 60;Denver Farma;$ 14079.11;50%;$ 7039.56
33849;alprazolam;ALPRAZOLAM DENVER FARMA;2 mg comp.x 30;Denver Farma;$ 469.82;50%;$ 234.91
40222;alprazolam;ALPRAZOLAM DENVER FARMA;2 mg comp.x 60;Denver Farma;$ 22112.04;50%;$ 11056.02
41319;amlodipina;AMLODIPINA DENVER FARMA;10 mg comp.x 30;Denver Farma;$ 2646.8;60%;$ 1058.72
39183;atorvastatín;LIPOSTOP;10 mg comp.x 30;Denver Farma;$ 34058.93;60%;$ 13623.57
39184;atorvastatín;LIPOSTOP;20 mg comp.x 30;Denver Farma;$ 49581.43;60%;$ 19832.57
48292;betametasona;DENVERCORT;0.1% cr.x 15 g;Denver Farma;$ 461.8;50%;$ 230.9
27522;betametasona+gentamic.+miconazol;DENVERCREM DENVER FARMA;cr.x 20 g;Denver Farma;$ 13194.03;40%;$ 7916.42
58196;bromfenac;OFTALFENAC;sol.oft.x 5 ml;Denver Farma;$ 17873.11;50%;$ 8936.56
40086;budesonide;BUDESONIDA DF BRONQUIAL;aerosol x 200 dosis;Denver Farma;$ 24972.27;80%;$ 4994.45
40610;budesonide;BUDESONIDA DF NEBU;env.x 20 ml;Denver Farma;$ 20278.99;80%;$ 4055.8
16493;carbamazepina;CARBAMAZEPINA DENVER FARMA;200 mg comp.x 30;Denver Farma;$ 15492.33;80%;$ 3098.47
43831;carbamazepina;CARBAMAZEPINA DENVER FARMA;200 mg comp.x 60;Denver Farma;$ 29580.06;80%;$ 5916.01
41250;carbomer 974 p;ALIVIALUX;gel oft.x 10 g;Denver Farma;$ 16353.59;50%;$ 8176.8
51436;carboximetilcelulosa sódica;ALIVIAMAX;0.5% sol.oft.x 10 ml;Denver Farma;$ 10059.31;50%;$ 5029.66
51437;carboximetilcelulosa sódica;ALIVIAMAX;1% sol.oft.x 10 ml;Denver Farma;$ 11521.94;50%;$ 5760.97
43081;carvedilol;CARDIONORM;12.5 mg comp.x 28;Denver Farma;$ 13028.3;60%;$ 5211.32
43082;carvedilol;CARDIONORM;25 mg comp.x 28;Denver Farma;$ 15294.49;60%;$ 6117.8
43080;carvedilol;CARDIONORM;6.25 mg comp.x 28;Denver Farma;$ 10893.64;60%;$ 4357.46
51749;cilostazol;DENCILOX;100 mg comp.x 30;Denver Farma;$ 32951.2;60%;$ 13180.48
27809;ciprofloxacina;CIPROFLOXACINA DENVER FARMA;500 mg comp.rec.x 10;Denver Farma;$ 14678.33;60%;$ 5871.33
33998;ciprofloxacina;CIPROFLOXACINA DENVER FARMA;sol.oft.x 5 ml;Denver Farma;$ 10011.26;60%;$ 4004.5
37835;ciprofloxacina+dexametasona;TACINES;susp.oft.x 5 ml;Denver Farma;$ 11269.85;50%;$ 5634.93
44473;clonazepam;CLONAZEPAM DENVER FARMA;0.5 mg comp.x 60;Denver Farma;$ 14241.67;50%;$ 7120.84
44475;clonazepam;CLONAZEPAM DENVER FARMA;2 mg comp.x 60;Denver Farma;$ 14608.68;80%;$ 2921.74
47203;condroitín,sulfato+glucosamina;GLUCODUO;1500/1200 mg sob.x 30;Denver Farma;$ 2928.22;40%;$ 1756.93
33768;diclofenac potásico+paracetamol;PANCLOGESIC;50/300 mg comp.rec.x 10;Denver Farma;$ 7370.69;40%;$ 4422.41
33769;diclofenac potásico+paracetamol;PANCLOGESIC;50/300 mg comp.rec.x 30;Denver Farma;$ 20059.24;40%;$ 12035.54
32111;diclofenac sódico;DICLOFENAC DENVER FARMA;75 mg comp.x 15;Denver Farma;$ 578.13;40%;$ 346.88
32112;diclofenac sódico;DICLOFENAC DENVER FARMA;75 mg comp.x 30;Denver Farma;$ 909.98;40%;$ 545.99
30217;diclofenac sódico;DICLOFENAC DENVER FARMA;75 mg/3 ml a.x 6;Denver Farma;$ 14739.02;40%;$ 8843.41
35354;diclofenac+pridinol;PANCLOFLEX;comp.rec.x 10;Denver Farma;$ 7226.18;40%;$ 4335.71
35355;diclofenac+pridinol;PANCLOFLEX;comp.rec.x 20;Denver Farma;$ 14090.49;40%;$ 8454.29
40720;diclofenac+vit.b12+betametasona;PANCLO B12;comp.rec.x 20;Denver Farma;$ 28632.29;40%;$ 17179.37
41574;diclofenac+vit.b12+betametasona;PANCLO B12;iny.a.x 3 x 3 ml;Denver Farma;$ 30751.49;40%;$ 18450.89
41575;diclofenac+vit.b12+betametasona;PANCLO B12;iny.a.x 6 x 3 ml;Denver Farma;$ 50600.17;40%;$ 30360.1
30218;difenhidramina;DIFENHIDRAMINA DENVER FARMA;50 mg comp.x 20;Denver Farma;$ 8348.74;50%;$ 4174.37
20854;difenhidramina;DIFENHIDRAMINA DENVER FARMA;jbe.x 120 ml;Denver Farma;$ 9380.63;50%;$ 4690.32
50157;diosmina+hesperidina micronizada;ALIVIAFLEB;500 mg comp.rec.x 30;Denver Farma;$ 28088.05;40%;$ 16852.83
50158;diosmina+hesperidina micronizada;ALIVIAFLEB;500 mg comp.rec.x 60;Denver Farma;$ 51936.77;40%;$ 31162.06
39900;dorzolamida+timolol;ALIVIAPRES;sol.oft.x 5 ml;Denver Farma;$ 32175.96;60%;$ 12870.38
29881;espironolactona;ESPIRONOLACTONA DENVER FARMA;100 mg comp.x 30;Denver Farma;$ 19746.14;50%;$ 9873.07
36476;espironolactona;ESPIRONOLACTONA DENVER FARMA;25 mg comp.x 30;Denver Farma;$ 14636.22;50%;$ 7318.11
31702;fenilefrina+tropicamida;TROPIOFTAL F;sol.oft.x 5 ml;Denver Farma;$ 10439.03;50%;$ 5219.52
50859;fenitoína;FENITOINA DENVER FARMA;100 mg cáps.x 30;Denver Farma;$ 19869.41;80%;$ 3973.88
30221;fenitoína;FENITOINA DENVER FARMA;100 mg cáps.x 50;Denver Farma;$ 31506.24;80%;$ 6301.25
55830;fluticasona+salmeterol;ASMABRON;125/25 c/cont.dosis x120;Denver Farma;$ 39243.6;60%;$ 15697.44
49283;fluticasona+salmeterol;ASMABRON;125/25 mcg aer.x 120 ds.;Denver Farma;$ 31841.99;60%;$ 12736.8
55831;fluticasona+salmeterol;ASMABRON;250/25 c/cont.dosis x120;Denver Farma;$ 42456.7;60%;$ 16982.68
49284;fluticasona+salmeterol;ASMABRON;250/25 mcg aer.x 120 ds.;Denver Farma;$ 36549.72;60%;$ 14619.89
54211;furosemida;FUROSEMIDA DENVER FARMA;40 mg comp.x 50;Denver Farma;$ 18035.3;80%;$ 3607.06
47202;glucosamina;GLUCOSAMINA DENVER FARMA;1500 mg sobres x 30;Denver Farma;$ 935.31;40%;$ 561.19
27526;haloperidol;HALOPERIDOL DENVER FARMA DECANOATO;150 mg a.x 3 ml;Denver Farma;$ 16296;60%;$ 6518.4
40956;insulina humana;INSULINA DENSULIN N;100 UI cart.x 5 x 3 ml;Denver Farma;$ 83629.42;100%;$ 0
40957;insulina humana;INSULINA DENSULIN R;100 UI cart.x 5 x 3 ml;Denver Farma;$ 83627.22;100%;$ 0
38604;insulina humana;INSULINA DENSULIN N;100 UI fco. a. x 10ml;Denver Farma;$ 4118.96;100%;$ 0
38605;insulina humana;INSULINA DENSULIN R;100 UI fco. a. x 10ml;Denver Farma;$ 4235.66;100%;$ 0
47508;latanoprost;OFTALPRES;sol.oft.estéril x 2.5 ml;Denver Farma;$ 24196.46;60%;$ 9678.58
13204;lidocaína;LIDOCAINA DENVER FARMA;2% jalea x 25 ml;Denver Farma;$ 6761.34;50%;$ 3380.67
13205;lidocaína;LIDOCAINA DENVER FARMA;2% viscosa fco.got.x50ml;Denver Farma;$ 1409.55;50%;$ 704.78
22917;lidocaína+asoc.;ANTIHEMORROIDAL DENVER FARMA;cr.rectal x 20 g;Denver Farma;$ 8836.98;50%;$ 4418.49
44710;loratadina+ambroxol;ALIVIATOS;sol.x 120 ml;Denver Farma;$ 9641.61;40%;$ 5784.97
36358;losartán;TACICUL;50 mg comp.rec.x 30;Denver Farma;$ 22145.67;60%;$ 8858.27
52044;losartán+hidroclorotiazida;TACICUL D;50/12.5 mg comp.rec.x 30;Denver Farma;$ 25938.82;50%;$ 12969.41
46368;loteprednol+tobramicina;TOBRABIOTIC SOFT;susp.oft.x 5 ml;Denver Farma;$ 14356.05;50%;$ 7178.03
47506;meloxicam;MELOXICAM DENVER FARMA;15 mg comp.x 10;Denver Farma;$ 10517.62;40%;$ 6310.57
47507;meloxicam;MELOXICAM DENVER FARMA;15 mg comp.x 30;Denver Farma;$ 30464.76;40%;$ 18278.86
39489;metformina;GLUCOGOOD;1000 mg comp.rec.x 60;Denver Farma;$ 25326.81;100%;$ 0
39487;metformina;GLUCOGOOD;850 mg comp.rec.x 30;Denver Farma;$ 10562.29;100%;$ 0
39488;metformina;GLUCOGOOD;850 mg comp.rec.x 60;Denver Farma;$ 20780.08;100%;$ 0
22068;metronidazol;METRONIDAZOL DENVER FARMA;500 mg comp.x 20;Denver Farma;$ 10475.01;50%;$ 5237.51
53071;montelukast;DENVERKAST;10 mg comp.x 30;Denver Farma;$ 35953.66;50%;$ 17976.83
53073;montelukast;DENVERKAST;4 mg comp.mast.x 30;Denver Farma;$ 604.51;50%;$ 302.26
53072;montelukast;DENVERKAST;5 mg comp.mast.x 30;Denver Farma;$ 1313.49;50%;$ 656.75
57225;moxifloxacina;MOXIDROP;sol.oft.x 5 ml;Denver Farma;$ 34066.21;80%;$ 6813.24
56489;nebivolol;NEBIVOLOL DENVER FARMA;5 mg comp.x 28;Denver Farma;$ 16900.67;50%;$ 8450.34
31789;nistatina;NISTATINA DENVER FARMA;cr.x 30 g;Denver Farma;$ 443.92;50%;$ 221.96
31788;nistatina;NISTATINA DENVER FARMA;susp.oral x 60 ml;Denver Farma;$ 10962.4;50%;$ 5481.2
18844;nitrofurazona;NITROFURAZONA DENVER FARMA;após.x 20;Denver Farma;$ 14007.64;50%;$ 7003.82
13190;nitrofurazona;NITROFURAZONA DENVER FARMA;pda.x 35 g;Denver Farma;$ 474.5;50%;$ 237.25
42315;prednisolona+fenilefrina;OFTALDROP;susp.oft.x 10 ml;Denver Farma;$ 16498.46;80%;$ 3299.69
53933;pregabalina;GAVANEURAL;150 mg cáps.x 30;Denver Farma;$ 55822.08;50%;$ 27911.04
53931;pregabalina;GAVANEURAL;25 mg caps.x 30;Denver Farma;$ 1642.2;50%;$ 821.1
53932;pregabalina;GAVANEURAL;75 mg cáps.x 30;Denver Farma;$ 35544.94;50%;$ 17772.47
27528;rifamicina;RIFAMICINA SV DENVER FARMA;1% spray x 30 ml;Denver Farma;$ 733.04;60%;$ 293.22
29882;rifamicina;RIFAMICINA SV DENVER FARMA;pda.x 30 g;Denver Farma;$ 568.87;60%;$ 227.55
33236;rifamicina;RIFAMICINA SV DENVER FARMA;sol.uso local x 22 ml;Denver Farma;$ 440.45;60%;$ 176.18
51218;rosuvastatina;NONLIPID;10 mg comp.x 28;Denver Farma;$ 1255.73;60%;$ 502.29
51217;rosuvastatina;NONLIPID;10 mg comp.x 30;Denver Farma;$ 21529.99;60%;$ 8612
55556;rosuvastatina;NONLIPID 20 MG;20 mg comp.x 30;Denver Farma;$ 37928.55;60%;$ 15171.42
50519;salbutamol;SALBUDEN HFA CON AEROCAMARA DF 280;inh.HFA+aeroc.x 250ds.;Denver Farma;$ 13197.42;80%;$ 2639.48
45295;salbutamol;SALBUDEN;inhalador hfa x 250 ds.;Denver Farma;$ 10163.37;80%;$ 2032.67
14931;salbutamol;SALBUTAMOL DENVER FARMA;sol.p/nebul.x 20 ml;Denver Farma;$ 8227.83;80%;$ 1645.57
22935;sucralfato;SUCRALFATO DENVER FARMA;20% susp.x 200 ml;Denver Farma;$ 16734.27;50%;$ 8367.14
27819;sulfadiazina de plata+asoc.;SULFADIAZINA DE PLATA DENVER FARMA;cr.pomo x 200 g;Denver Farma;$ 28018.35;50%;$ 14009.18
53499;sulfadiazina de plata+asoc.;SULFADIAZINA DE PLATA DENVER FARMA;cr.pomo x 30 g;Denver Farma;$ 7005.52;50%;$ 3502.76
27818;sulfadiazina de plata+asoc.;SULFADIAZINA DE PLATA DENVER FARMA;cr.pomo x 50 g;Denver Farma;$ 9938.36;50%;$ 4969.18
27820;sulfadiazina de plata+asoc.;SULFADIAZINA DE PLATA DENVER FARMA;cr.pote x 400 g;Denver Farma;$ 52355.84;50%;$ 26177.92
50819;tamsulosina;DENVERPROST;0.4 mg cáps.lib.cont.x30;Denver Farma;$ 38984.16;50%;$ 19492.08
36133;tetrahidrozolina;PIAM;sol.oft.x 10 ml;Denver Farma;$ 7673.81;50%;$ 3836.91
30800;timolol,maleato;TIMOLOL DENVER FARMA;sol.oft.x 5 ml;Denver Farma;$ 10234.51;80%;$ 2046.9
30801;tobramicina;TOBRABIOTIC;sol.oft.x 5 ml;Denver Farma;$ 9636.73;60%;$ 3854.69
30802;tobramicina+dexametasona;TOBRABIOTIC D;susp.oft.x 5 ml;Denver Farma;$ 11367.77;50%;$ 5683.89
53829;dexlansoprazol;IBEPRAL 60;cáps.x 15;Dom¿nguez;$ 1426.18;40%;$ 855.71
53827;dexlansoprazol;IBEPRAL 30;cáps.x 15;Dom¿nguez;$ 1099.25;40%;$ 659.55
53828;dexlansoprazol;IBEPRAL 30;cáps.x 30;Dom¿nguez;$ 37033.07;40%;$ 22219.84
53830;dexlansoprazol;IBEPRAL 60;cáps.x 30;Dom¿nguez;$ 52895.47;40%;$ 31737.28
17992;fosfato disódico+fosfato monosód;FOSFO-DOM;env.x 45 ml;Dom¿nguez;$ 17356.37;50%;$ 8678.19
13418;fólico,ác.;ACIFOL;1 mg comp.x 30;Dom¿nguez;$ 9001.15;50%;$ 4500.58
13419;fólico,ác.;ACIFOL;1 mg comp.x 60;Dom¿nguez;$ 15300.05;50%;$ 7650.03
22693;fólico,ác.;ACIFOL 10;10 mg comp.x 30;Dom¿nguez;$ 19238.92;50%;$ 9619.46
22694;fólico,ác.;ACIFOL 10;10 mg comp.x 60;Dom¿nguez;$ 31507.8;50%;$ 15753.9
16231;fólico,ác.;ACIFOL 5;5 mg comp.x 30;Dom¿nguez;$ 11816.7;50%;$ 5908.35
16232;fólico,ác.;ACIFOL 5;5 mg comp.x 60;Dom¿nguez;$ 20119.11;50%;$ 10059.56
33442;fólico,ác.;ACIFOL GOTAS;fco.x 10 ml;Dom¿nguez;$ 12585.29;50%;$ 6292.65
33856;fólico,ác.+vit.b;ACIFOL B12;comp.x 30;Dom¿nguez;$ 17038.41;50%;$ 8519.21
33859;fólico,ác.+vit.b;ACIFOL B12;comp.x 60;Dom¿nguez;$ 29030.53;50%;$ 14515.27
2609;hidroquinona+asoc.;MELASMAX;cr.x 10 g;Dom¿nguez;$ 29843.76;50%;$ 14921.88
53540;hierro+vit.b12+fólico,ác.;ACIFOL FE;comp.x 30;Dom¿nguez;$ 29541.16;50%;$ 14770.58
53541;hierro+vit.b12+fólico,ác.;ACIFOL FE;comp.x 60;Dom¿nguez;$ 53479.4;50%;$ 26739.7
41686;hierro,sacarato;FERIVE;100 mg a.x 5;Dom¿nguez;$ 50921.14;50%;$ 25460.57
47759;itopride;AFLUSAN;50 mg comp.x 10;Dom¿nguez;$ 9370.9;50%;$ 4685.45
47103;itopride;AFLUSAN;50 mg comp.x 30;Dom¿nguez;$ 23962.93;50%;$ 11981.47
47104;itopride;AFLUSAN;50 mg comp.x 60;Dom¿nguez;$ 45538.72;50%;$ 22769.36
37101;lactasa;LACTAS;cáps.x 20;Dom¿nguez;$ 26449;50%;$ 13224.5
37102;lactasa;LACTAS;cáps.x 50;Dom¿nguez;$ 56208.35;50%;$ 28104.18
38274;lactasa;LACTAS;gts.x 3.5 ml;Dom¿nguez;$ 11853.31;50%;$ 5926.66
2607;magnesio;MAGNEBE;comp.x 24;Dom¿nguez;$ 24001.53;40%;$ 14400.92
2608;magnesio;MAGNEBE;comp.x 60;Dom¿nguez;$ 52228.8;40%;$ 31337.28
53164;mesalazina;5-ASA 1000;1 g sob.x 30;Dom¿nguez;$ 137310.13;50%;$ 68655.07
53165;mesalazina;5-ASA 2000;2 g sob.x 30;Dom¿nguez;$ 244651.19;50%;$ 122325.6
11105;mesalazina;5-ASA 400;400 mg comp.x 30;Dom¿nguez;$ 65545.18;50%;$ 32772.59
11106;mesalazina;5-ASA 400;400 mg comp.x 60;Dom¿nguez;$ 124629.16;50%;$ 62314.58
11107;mesalazina;5-ASA 400;400 mg sup.x 10;Dom¿nguez;$ 30026.47;50%;$ 15013.24
11108;mesalazina;5-ASA 400;400 mg sup.x 30;Dom¿nguez;$ 85955.48;50%;$ 42977.74
43119;mesalazina;5-ASA 500;500 mg comp.x 30;Dom¿nguez;$ 69635.32;50%;$ 34817.66
43120;mesalazina;5-ASA 500;500 mg comp.x 60;Dom¿nguez;$ 125346.98;50%;$ 62673.49
43121;mesalazina;5-ASA 800;800 mg comp.x 30;Dom¿nguez;$ 111411.18;50%;$ 55705.59
43122;mesalazina;5-ASA 800;800 mg comp.x 60;Dom¿nguez;$ 192670.21;50%;$ 96335.11
43726;midodrine;GUTRON;2.5 mg comp.x 20;Dom¿nguez;$ 26852.43;50%;$ 13426.22
43727;midodrine;GUTRON;2.5 mg comp.x 50;Dom¿nguez;$ 60412.13;50%;$ 30206.07
30539;nitroglicerina;NITRODOM;pomo x 15 g;Dom¿nguez;$ 48931.29;60%;$ 19572.52
41279;peg 3350;BAREX UNIPEG;sobres x 12;Dom¿nguez;$ 48753.62;50%;$ 24376.81
48228;peg 3350;BAREX UNIPEG;sobres x 24;Dom¿nguez;$ 87762.21;50%;$ 43881.11
50476;peg 3350;BAREX UNIPEG;sobres x 30;Dom¿nguez;$ 109703.81;50%;$ 54851.91
21690;peg 3350+asoc.;BAREX S;pvo.hidrosol.sob.x 24;Dom¿nguez;$ 23526;50%;$ 11763
21691;peg 3350+asoc.;BAREX S;pvo.hidrosol.sob.x 50;Dom¿nguez;$ 48672.22;50%;$ 24336.11
16713;peg 3350+asoc.;BAREX 70;pvo.p/sol.oral x 1 l;Dom¿nguez;$ 15880.52;50%;$ 7940.26
11456;peg 3350+asoc.;BAREX SABORIZADO;pvo.p/sol.oral x 4 l;Dom¿nguez;$ 53518.27;50%;$ 26759.14
39541;peg 3350+bisacodilo;BAREX KIT;barex70 x2+ 4c.bisacodil;Dom¿nguez;$ 57285.39;50%;$ 28642.7
44212;pinaverio,bromuro;NULITE;100 mg comp.x 10;Dom¿nguez;$ 10804.93;50%;$ 5402.47
43692;pinaverio,bromuro;NULITE;100 mg comp.x 30;Dom¿nguez;$ 29823.72;50%;$ 14911.86
43693;pinaverio,bromuro;NULITE;100 mg comp.x 60;Dom¿nguez;$ 56665.98;50%;$ 28332.99
21693;poliestiren sulfonato cálcico;R.I.C.CALCIO;pvo.x 100g(sob.x 20x 5g);Dom¿nguez;$ 37175.5;50%;$ 18587.75
15747;poliestiren sulfonato cálcico;R.I.C.CALCIO;pvo.x 400 g;Dom¿nguez;$ 119298.58;50%;$ 59649.29
51706;quinidina,sulfato;QUINIDINA;grag.x 20;Dom¿nguez;$ 7009.08;60%;$ 2803.63
49524;rifaximina;RIFADOM;200 mg comp.x 20;Dom¿nguez;$ 19787.89;50%;$ 9893.95
49525;rifaximina;RIFADOM;200 mg comp.x 40;Dom¿nguez;$ 37595.46;50%;$ 18797.73
49635;rifaximina;RIFADOM;550 mg comp.x 10;Dom¿nguez;$ 28494.61;50%;$ 14247.31
49636;rifaximina;RIFADOM;550 mg comp.x 30;Dom¿nguez;$ 72663.16;50%;$ 36331.58
49637;rifaximina;RIFADOM;550 mg comp.x 60;Dom¿nguez;$ 122241.35;50%;$ 61120.68
39802;sodio,fosfato+bisacodilo;FOSFO-DOM KIT;Fosfodom+Bisacod:4c+1sup;Dom¿nguez;$ 2243.87;50%;$ 1121.94
24282;ursodesoxicólico,ác.;DEXO;150 mg comp.x 20;Dom¿nguez;$ 20867.86;50%;$ 10433.93
24283;ursodesoxicólico,ác.;DEXO;300 mg comp.x 20;Dom¿nguez;$ 36362.93;50%;$ 18181.47
24284;ursodesoxicólico,ác.;DEXO;300 mg comp.x 50;Dom¿nguez;$ 87650.64;50%;$ 43825.32
35188;vit.b12;SL B12;comp.ran.x 15;Dom¿nguez;$ 29602.05;40%;$ 17761.23
35189;vit.b12;SL B12;comp.ran.x 30;Dom¿nguez;$ 51473.38;40%;$ 30884.03
49030;vit.d;DENURIX;gts.x 10 ml;Dom¿nguez;$ 21406.12;40%;$ 12843.67
49029;vit.d;DENURIX;gts.x 4 ml;Dom¿nguez;$ 9194.18;40%;$ 5516.51
59451;etoricoxib;SIATEX;120 mg comp. x 10;Donato Zurlo;$ 12808.12;50%;$ 6404.06
59448;etoricoxib;SIATEX;60 mg comp. x 28;Donato Zurlo;$ 24832.93;50%;$ 12416.47
59449;etoricoxib;SIATEX;90 mg comp. x 14;Donato Zurlo;$ 20157.05;50%;$ 10078.53
59450;etoricoxib;SIATEX;90 mg comp. x 28;Donato Zurlo;$ 32466.98;50%;$ 16233.49
60100;tiras reactivas;VIVACHEK INO;tiras reactivas x 50;Drog. Farmaquio;$ 61774.23;100%;$ 0
26844;azitromicina;CLEARSING;500 mg comp.x 3;Duncan;$ 9014.98;60%;$ 3605.99
2765;bromazepam;NULASTRES;3 mg comp.x 20;Duncan;$ 920.22;50%;$ 460.11
2766;bromazepam;NULASTRES;3 mg comp.x 50;Duncan;$ 1886.94;50%;$ 943.47
2767;bromazepam;NULASTRES;6 mg comp.x 20;Duncan;$ 1183.28;50%;$ 591.64
2768;bromazepam;NULASTRES;6 mg comp.x 50;Duncan;$ 2515.16;50%;$ 1257.58
14372;ciprofloxacina;CIPROFLOXACINA DUNCAN;500 mg comp.x 10;Duncan;$ 15653.31;60%;$ 6261.32
11338;diclofenac dietilamina;CURINFLAM;gel x 50 g;Duncan;$ 8740.78;40%;$ 5244.47
2752;diclofenac sódico;CURINFLAM A.P.;cáps.x 15;Duncan;$ 17459.78;40%;$ 10475.87
2754;diclofenac sódico;CURINFLAM;iny.a.x 6 x 3 ml;Duncan;$ 11874.29;40%;$ 7124.57
30248;difenhidramina;HISTALER;jbe.x 1 x 120 ml;Duncan;$ 9286.41;50%;$ 4643.21
255;enalapril;ENALDUN;10 mg comp.x 30;Duncan;$ 8579.15;80%;$ 1715.83
32527;enalapril;ENALDUN;10 mg comp.x 60;Duncan;$ 14631.67;80%;$ 2926.33
457;enalapril;ENALDUN;20 mg comp.x 30;Duncan;$ 10849.9;80%;$ 2169.98
32528;enalapril;ENALDUN;20 mg comp.x 60;Duncan;$ 4135.41;80%;$ 827.08
35593;enalapril;ENALDUN;5 mg comp.x 30;Duncan;$ 6175.79;80%;$ 1235.16
11357;gemfibrozil;GEDUN;600 mg comp.x 30;Duncan;$ 24248.9;60%;$ 9699.56
4815;sulfametoxazol+trimetoprima;NETOCUR;800/160 mg comp.x 10;Duncan;$ 10940.02;60%;$ 4376.01
4814;sulfametoxazol+trimetoprima;NETOCUR;jbe.x 100 ml;Duncan;$ 9648.6;60%;$ 3859.44
2899;sulfametoxazol+trimetoprima+asoc;NETOCUR BALSAMICO;comp.x 10;Duncan;$ 10386.77;50%;$ 5193.39
2843;sulfametoxazol+trimetoprima+asoc;NETOCUR BALSAMICO;jbe.x 100 ml;Duncan;$ 9652.97;50%;$ 4826.49
57506;bisoprolol;PROBLOCK;10 mg comp.rec.x 30;Eczane;$ 21302.86;60%;$ 8521.14
57507;bisoprolol;PROBLOCK;2.5 mg comp.rec.x 30;Eczane;$ 8052.83;60%;$ 3221.13
55671;bisoprolol;PROBLOCK;5 mg comp.rec.x 30;Eczane;$ 14239.48;60%;$ 5695.79
20363;budesonide;ENTOCORT;cáps.lib.contr.x 100;Eczane;$ 290485.84;50%;$ 145242.92
55690;diclofenac sódico;ACLOXIGENAC;50 mg comp.rec.x 10;Eczane;$ 3501.2;40%;$ 2100.72
55689;diclofenac sódico;ACLOXIGENAC;50 mg comp.rec.x 15;Eczane;$ 3790.22;40%;$ 2274.13
51511;domperidona;ESTOCALM;10 mg comp.x 20;Eczane;$ 8113.01;50%;$ 4056.51
50129;domperidona;ESTOCALM;10 mg comp.x 50;Eczane;$ 19471.22;50%;$ 9735.61
54400;etoricoxib;OXUS 90;90 mg comp.x 14;Eczane;$ 21341.2;50%;$ 10670.6
54401;etoricoxib;OXUS 90;90 mg comp.x 28;Eczane;$ 37900.17;50%;$ 18950.09
52158;fenofibrato micronizado;FENOSANE;200 mg cáps.x 30;Eczane;$ 29889.83;60%;$ 11955.93
48412;ftalilsulfatiazol+asoc.;CARBOMAX;comp.x 20;Eczane;$ 7432.47;50%;$ 3716.24
51944;itopride;ITOPLUS;50 mg comp.x 10;Eczane;$ 12703.9;50%;$ 6351.95
51945;itopride;ITOPLUS;50 mg comp.x 30;Eczane;$ 15049.5;50%;$ 7524.75
51946;itopride;ITOPLUS;50 mg comp.x 60;Eczane;$ 25760.91;50%;$ 12880.46
47217;loperamida;LOVOPREN;2 mg comp.x 10;Eczane;$ 4351.18;50%;$ 2175.59
55144;nebivolol;NEOBLOCK 5;5 mg comp.x 28;Eczane;$ 15736.91;50%;$ 7868.46
49133;otilonio,bromuro;PIOMAT;comp.rec.x 20;Eczane;$ 10058.74;50%;$ 5029.37
49134;otilonio,bromuro;PIOMAT;comp.rec.x 40;Eczane;$ 19577.69;50%;$ 9788.85
49135;otilonio,bromuro;PIOMAT;comp.rec.x 60;Eczane;$ 26654.05;50%;$ 13327.03
51947;rosuvastatina;ROVASTANE;10 mg comp.rec.x 30;Eczane;$ 14181.82;60%;$ 5672.73
51949;rosuvastatina;ROVASTANE;20 mg comp.rec.x 30;Eczane;$ 26272.29;60%;$ 10508.92
58014;telmisartán;MITEX;40 mg comp.x 28;Eczane;$ 24374.42;60%;$ 9749.77
58015;telmisartán;MITEX;80 mg comp.x 28;Eczane;$ 37965.76;60%;$ 15186.3
50268;tióctico,ác.;THIOGAMMA 600 ORAL;600 mg comp.rec.x 30;Eczane;$ 3081.13;50%;$ 1540.57
47511;trimebutina;NORMOPAX 200;comp.x 30;Eczane;$ 11995.15;50%;$ 5997.58
47597;trimebutina;NORMOPAX 200;comp.x 60;Eczane;$ 19442.32;50%;$ 9721.16
48674;ursodesoxicólico,ác.;URDECOLE;300 mg comp.x 30;Eczane;$ 30550.6;50%;$ 15275.3
48675;ursodesoxicólico,ác.;URDECOLE;300 mg comp.x 50;Eczane;$ 54674.66;50%;$ 27337.33
48676;ursodesoxicólico,ác.;URDECOLE;500 mg comp.x 30;Eczane;$ 45261.36;50%;$ 22630.68
15577;aciclovir;LISOVYR 800;comp.rec.x 20;Elea;$ 34998.71;60%;$ 13999.48
15145;aciclovir;LISOVYR 800;comp.rec.x 40;Elea;$ 59758.7;60%;$ 23903.48
15578;aciclovir;LISOVYR;cáps.x 20;Elea;$ 17293.01;60%;$ 6917.2
38449;aciclovir;LISOVYR SUSPENSION 8%;fco.x 120 ml;Elea;$ 26192.44;60%;$ 10476.98
52177;aciclovir+hidrocortisona;LISOVYR CORT;pomo x 5 g;Elea;$ 10690.04;60%;$ 4276.02
27835;alendronato;REGENESIS;70 mg comp.x 4;Elea;$ 24947.02;60%;$ 9978.81
49751;aluminio,hidr.+magn.hidr.+simet.;MYLANTA II;comp.x 30;Elea;$ 22849.13;40%;$ 13709.48
49752;aluminio,hidr.+magn.hidr.+simet.;MYLANTA II;comp.x 60;Elea;$ 42528.4;40%;$ 25517.04
52179;aluminio,hidr.+magn.hidr.+simet.;MYLANTA PLUS;liq.x 160 ml;Elea;$ 541.54;40%;$ 324.92
49851;aluminio,hidr.+magn.hidr.+simet.;MYLANTA II;líq.x 360 ml;Elea;$ 51465.91;40%;$ 30879.55
52180;aluminio,hidr.+magnesio,hidr.;MYLANTA SIMPLE;líq.x 160 ml;Elea;$ 21476.16;40%;$ 12885.7
7636;amantadina;VIROSOL;100 mg comp.x 10;Elea;$ 8788.56;80%;$ 1757.71
46782;amantadina;VIROSOL;100 mg comp.x 30;Elea;$ 24885.93;80%;$ 4977.19
47539;ambroxol;AMBRIL;jbe.x 120 ml;Elea;$ 9441.31;50%;$ 4720.66
4104;ambroxol+butetamato;BRONQUISEDAN;ad.jbe.x 150 ml;Elea;$ 10036.18;50%;$ 5018.09
45754;amlodipina+losartán,potásico;FENSARTAN UNIMAX;100/5 mg comp.x 30;Elea;$ 36572.8;50%;$ 18286.4
45753;amlodipina+losartán,potásico;FENSARTAN UNIMAX;50/5 mg comp.x 30;Elea;$ 34411.16;50%;$ 17205.58
33246;amoxicilina+clavulánico,ác.;CLAVULOX;1 g comp.x 14;Elea;$ 22238.39;60%;$ 8895.36
21185;amoxicilina+clavulánico,ác.;CLAVULOX DUO;400 mg/5 ml susp.x 70 ml;Elea;$ 13686.13;60%;$ 5474.45
23300;amoxicilina+clavulánico,ác.;CLAVULOX;500 mg comp.rec.x 14;Elea;$ 22123.09;60%;$ 8849.24
51604;amoxicilina+clavulánico,ác.;CLAVULOX XR;comp.rec.x 16;Elea;$ 517.4;60%;$ 206.96
51605;amoxicilina+clavulánico,ác.;CLAVULOX XR;comp.rec.x 28;Elea;$ 799.35;60%;$ 319.74
51606;amoxicilina+clavulánico,ác.;CLAVULOX ES;susp.x 100 ml;Elea;$ 395.52;60%;$ 158.21
15334;antígeno hepatitis b;BIOVAC HB;10 mcg f.a.x 0.5 ml;Elea;$ 15439.22;50%;$ 7719.61
15335;antígeno hepatitis b;BIOVAC HB;20 mcg f.a.x 1 ml;Elea;$ 20464.02;50%;$ 10232.01
20599;atorvastatín;ZARATOR;10 mg comp.x 30;Elea;$ 41029.89;60%;$ 16411.96
28214;atorvastatín;ZARATOR;10 mg comp.x 60;Elea;$ 68826.25;60%;$ 27530.5
20600;atorvastatín;ZARATOR;20 mg comp.x 30;Elea;$ 69475.06;60%;$ 27790.02
28215;atorvastatín;ZARATOR;20 mg comp.x 60;Elea;$ 121008.25;60%;$ 48403.3
29968;atorvastatín;ZARATOR;40 mg comp.x 30;Elea;$ 77544.76;60%;$ 31017.9
47816;atorvastatín+ezetimibe;ZARATOR PLUS;10/10mg comp.x30;Elea;$ 43320.26;50%;$ 21660.13
47817;atorvastatín+ezetimibe;ZARATOR PLUS;20/10mg comp.x30;Elea;$ 58790.42;50%;$ 29395.21
18828;azitromicina;CRONOPEN;500 mg comp.rec.x 3;Elea;$ 12952.45;60%;$ 5180.98
18829;azitromicina;CRONOPEN;500 mg comp.rec.x 5;Elea;$ 14904.12;60%;$ 5961.65
34859;azitromicina;CRONOPEN;500 mg comp.rec.x 6;Elea;$ 17812.53;60%;$ 7125.01
18830;azitromicina;CRONOPEN;susp.x 15 ml;Elea;$ 9501.59;60%;$ 3800.64
18831;azitromicina;CRONOPEN;susp.x 30 ml;Elea;$ 18186.42;60%;$ 7274.57
47976;benznidazol;ABARAX;100 mg comp.x 100;Elea;$ 103424.17;50%;$ 51712.09
47975;benznidazol;ABARAX;50 mg comp.x 100;Elea;$ 63535.7;50%;$ 31767.85
12215;bezafibrato;ELPI LIP;comp.x 30;Elea;$ 32942.75;60%;$ 13177.1
51088;bromfenac;BERLOFEN;sol.oft.x 5 ml;Elea;$ 19173.22;50%;$ 9586.61
36400;budesonide;RINO-B 100;aerosol x 100 dosis;Elea;$ 13235.5;80%;$ 2647.1
22488;budesonide;RINO-B 50;aerosol x 200 dosis;Elea;$ 10893.45;80%;$ 2178.69
45886;budesonide;NEUMOTEX NEBU;env.x 20 ml;Elea;$ 31326.34;80%;$ 6265.27
57938;budesonide+formoterol;NEUMOTEROL AEROSOL;160/4.5 x 120 dosis;Elea;$ 92566.22;60%;$ 37026.49
57937;budesonide+formoterol;NEUMOTEROL AEROSOL;80/4.5 x 120 dosis;Elea;$ 73287.79;60%;$ 29315.12
28675;budesonide+formoterol;NEUMOTEROL 200;cáps.x 120 + aplic.;Elea;$ 113738.96;60%;$ 45495.58
31034;budesonide+formoterol;NEUMOTEROL 200;cáps.x 120 s/aplicador;Elea;$ 112693.5;60%;$ 45077.4
28674;budesonide+formoterol;NEUMOTEROL 200;cáps.x 60 + aplic.;Elea;$ 82915.19;60%;$ 33166.08
36590;budesonide+formoterol;NEUMOTEROL 400;cáps.x 60 + aplic.;Elea;$ 113600.71;60%;$ 45440.28
31033;budesonide+formoterol;NEUMOTEROL 200;cáps.x 60 s/aplicador;Elea;$ 78234.13;60%;$ 31293.65
28931;candesartán cilexetil;DACTEN;16 mg comp.x 15;Elea;$ 40344.19;60%;$ 16137.68
28932;candesartán cilexetil;DACTEN;16 mg comp.x 30;Elea;$ 83518.15;60%;$ 33407.26
28929;candesartán cilexetil;DACTEN;8 mg comp.x 15;Elea;$ 27743.72;60%;$ 11097.49
28930;candesartán cilexetil;DACTEN;8 mg comp.x 30;Elea;$ 55999.27;60%;$ 22399.71
31337;candesartán+hidroclorotiazida;DACTEN D;comp.x 15;Elea;$ 40332.44;50%;$ 20166.22
31338;candesartán+hidroclorotiazida;DACTEN D;comp.x 30;Elea;$ 82716.16;50%;$ 41358.08
47729;carbomer;PH LAGRIMAS GEL;gel oft.x 10 ml;Elea;$ 20716.17;50%;$ 10358.09
52769;carvedilol;VERATEN UD;10 mg cáps.lib.ext.x 30;Elea;$ 15443.18;60%;$ 6177.27
32330;carvedilol;VERATEN;12.5 mg comp.x 28;Elea;$ 1128.1;60%;$ 451.24
52764;carvedilol;VERATEN;12.5 mg comp.x 30;Elea;$ 17052.17;60%;$ 6820.87
52770;carvedilol;VERATEN UD;20 mg cáps.lib.ext.x 30;Elea;$ 24448.07;60%;$ 9779.23
32331;carvedilol;VERATEN;25 mg comp.x 28;Elea;$ 1358.99;60%;$ 543.6
52767;carvedilol;VERATEN;25 mg comp.x 30;Elea;$ 20541.13;60%;$ 8216.45
52761;carvedilol;VERATEN;3.125 mg comp.x 30;Elea;$ 7482.78;60%;$ 2993.11
52772;carvedilol;VERATEN UD;40 mg cáps.lib.ext.x 30;Elea;$ 30592.68;60%;$ 12237.07
32329;carvedilol;VERATEN;6.25 mg comp.x 28;Elea;$ 902.43;60%;$ 360.97
52762;carvedilol;VERATEN;6.25 mg comp.x 30;Elea;$ 13642.56;60%;$ 5457.02
52775;carvedilol;VERATEN UD;80 mg cáps.lib.ext.x 30;Elea;$ 37456.14;60%;$ 14982.46
4007;ceftazidima;FORTUM;1000 mg f.a.x 1;Elea;$ 175.59;60%;$ 70.24
22709;cefuroxima;CEFUROX;250 mg comp.rec.x 14;Elea;$ 789.74;60%;$ 315.9
39527;cefuroxima;CEFUROX SABOR MEJORADO;250 mg susp.oral x 50 ml;Elea;$ 606.88;60%;$ 242.75
22710;cefuroxima;CEFUROX;500 mg comp.rec.x 14;Elea;$ 1256.14;60%;$ 502.46
1644;cefuroxima;CEFUROX;500 mg comp.rec.x 8;Elea;$ 818.99;60%;$ 327.6
3982;cefuroxima;CEFUROX;750 mg f.a.x 1;Elea;$ 68.86;60%;$ 27.54
55823;ciclosporina;INMUNOSPORIN 0.1%;sol.oft.x 5 ml;Elea;$ 36480.71;60%;$ 14592.28
35044;cilostazol;CILOSTAL;100 mg comp.x 30;Elea;$ 39179.06;60%;$ 15671.62
28386;cilostazol;TRASTOCIR;100 mg comp.x 30;Elea;$ 39247.08;60%;$ 15698.83
33609;cilostazol;LICUAGEN;100 mg comp.x 30;Elea;$ 39797.88;60%;$ 15919.15
37145;cilostazol;CILOSTAL;100 mg comp.x 60;Elea;$ 72162.18;60%;$ 28864.87
46984;cilostazol;TRASTOCIR;100 mg comp.x 60;Elea;$ 67652.2;60%;$ 27060.88
28385;cilostazol;TRASTOCIR;50 mg comp.x 30;Elea;$ 21151.82;60%;$ 8460.73
35043;cilostazol;CILOSTAL;50 mg comp.x 30;Elea;$ 20985.94;60%;$ 8394.38
33607;cilostazol;LICUAGEN;50 mg comp.x 30;Elea;$ 20594.13;60%;$ 8237.65
46983;cilostazol;TRASTOCIR;50 mg comp.x 60;Elea;$ 38680.41;60%;$ 15472.16
41538;ciprofloxacina+dexametasona;FOTAMICIN;susp.oft.x 5 ml;Elea;$ 14125.02;60%;$ 5650.01
41539;ciprofloxacina+dexametasona;FOTAMICIN;ung.oft.x 3.5 g;Elea;$ 16572.2;60%;$ 6628.88
30307;claritromicina;AEROXINA;250 mg susp.x 60 ml;Elea;$ 29307.17;60%;$ 11722.87
28047;claritromicina;AEROXINA U.D.;500 mg comp.rec.x 10;Elea;$ 19830.3;60%;$ 7932.12
28046;claritromicina;AEROXINA U.D.;500 mg comp.rec.x 5;Elea;$ 10593.6;60%;$ 4237.44
31701;claritromicina;AEROXINA U.D.;500 mg comp.rec.x 8;Elea;$ 20324.83;60%;$ 8129.93
28045;claritromicina;AEROXINA;500 mg comp.x 16;Elea;$ 35678.12;60%;$ 14271.25
55888;clindamicina+ketoconazol;OVUMIX MAX;cáps.bl.vag.x 7;Elea;$ 21522.88;60%;$ 8609.15
61503;clobazam;KARIDIUM;10 mg comp.x 15;Elea;$ 4985.41;50%;$ 2492.71
61504;clobazam;KARIDIUM;10 mg comp.x 30;Elea;$ 5896.15;50%;$ 2948.08
4306;clobazam;KARIDIUM;10 mg comp.x 60;Elea;$ 11792.19;50%;$ 5896.1
5466;clobazam;KARIDIUM;20 mg comp.x 60;Elea;$ 19941.55;50%;$ 9970.78
29123;clopidogrel;NEFAZAN;75 mg comp.x 15;Elea;$ 34847.46;50%;$ 17423.73
29124;clopidogrel;NEFAZAN;75 mg comp.x 30;Elea;$ 70658.45;50%;$ 35329.23
44497;condroitín,sulfato+glucosamina;GLUCOTRIN FORTE LIQUIDO;env.x 300 ml;Elea;$ 66745.5;40%;$ 40047.3
44496;condroitín,sulfato+glucosamina;GLUCOTRIN FORTE;sobres x 30;Elea;$ 98771.3;40%;$ 59262.78
55804;dabigatrán;DABIDANE;110 mg cáps.x 30;Elea;$ 106516.7;50%;$ 53258.35
55805;dabigatrán;DABIDANE;110 mg cáps.x 60;Elea;$ 189864.79;50%;$ 94932.4
55806;dabigatrán;DABIDANE;150 mg cáps.x 30;Elea;$ 106516.7;50%;$ 53258.35
55807;dabigatrán;DABIDANE;150 mg cáps.x 60;Elea;$ 189864.79;50%;$ 94932.4
55803;dabigatrán;DABIDANE;75 mg cáps.x 30;Elea;$ 139573.35;50%;$ 69786.68
58776;dapagliflozina;DACTILUS;10 mg comp.rec.x 28;Elea;$ 70713.43;100%;$ 0
43580;darifenacina;DARISEC;15 mg comp.x 30;Elea;$ 76997.8;50%;$ 38498.9
43577;darifenacina;DARISEC;7.5 mg comp.x 15;Elea;$ 28314.62;50%;$ 14157.31
43578;darifenacina;DARISEC;7.5 mg comp.x 30;Elea;$ 53306.14;50%;$ 26653.07
38178;desogestrel;CARMIN;comp.rec.x 28;Elea;$ 16124.05;50%;$ 8062.03
38202;dexametasona+neomicina+asoc.;POLYPLEX;susp.oft.x 5 ml;Elea;$ 13588.91;50%;$ 6794.46
47730;diacereína;ARTRICARE;50 mg cáps.x 30;Elea;$ 33324.9;50%;$ 16662.45
36472;diclofenac+vit.b,complejo;DOLO NERVOBION 10000 NF;a.x 6 pares I y II;Elea;$ 46840.98;40%;$ 28104.59
13635;diclofenac+vit.b,complejo;DOLO NERVOBION;cáps.x 20;Elea;$ 25206.92;40%;$ 15124.15
49698;difenhidramina;BENADRYL;cáps.x 30;Elea;$ 22072.78;50%;$ 11036.39
23319;difenhidramina;BENADRYL;iny.a.x 1 x 5 ml;Elea;$ 8878.38;50%;$ 4439.19
49749;difenhidramina;BENADRYL;jbe.x 240 ml;Elea;$ 27733.16;50%;$ 13866.58
49850;difenhidramina+asoc.;BENADRYL ANTITUSIVO;jbe.x 240 ml;Elea;$ 30420.94;50%;$ 15210.47
50442;difenhidramina+asoc.;BENADRYL DM COMPUESTO;jbe.x 240 ml;Elea;$ 30420.94;50%;$ 15210.47
62582;diosmina+hesperidina micronizada;FLEVOMAX;1000 mg comp.rec.x 30;Elea;$ 62348.34;40%;$ 37409
43987;diosmina+hesperidina micronizada;FLEVOMAX;500 mg comp.rec.x 30;Elea;$ 36536.22;40%;$ 21921.73
43988;diosmina+hesperidina micronizada;FLEVOMAX;500 mg comp.rec.x 60;Elea;$ 62366.98;40%;$ 37420.19
53123;donepecilo;OLDINOT;10 mg comp.x 30;Elea;$ 62142.58;50%;$ 31071.29
53122;donepecilo;OLDINOT;5 mg comp.x 30;Elea;$ 50743.91;50%;$ 25371.96
40713;dorzolamida+timolol;ZOPIROL DM;sol.oft.x 5 ml;Elea;$ 35068.1;60%;$ 14027.24
47805;dutasteride;LINUS;comp.x 30;Elea;$ 43350.69;50%;$ 21675.35
58560;dutasteride+tamsulosina;LINUS DUO;0.5/0.4 mg cáps.x 30;Elea;$ 63479.94;50%;$ 31739.97
41205;enoxaparina sódica;OMATEX;20 mg jga.prell.x 10;Elea;$ 125057.33;60%;$ 50022.93
41207;enoxaparina sódica;OMATEX;40 mg jga.prell.x 10;Elea;$ 241557.7;60%;$ 96623.08
56201;enoxaparina sódica;OMATEX;40 mg jga.prell.x 2;Elea;$ 49511.7;60%;$ 19804.68
41209;enoxaparina sódica;OMATEX;60 mg jga.prell.x 10;Elea;$ 340923.69;60%;$ 136369.48
41210;enoxaparina sódica;OMATEX;80 mg jga.prell.x 10;Elea;$ 448844.76;60%;$ 179537.9
47291;eplerenona;LANX EP 25 MG;25 mg comp.x 30;Elea;$ 28173.64;50%;$ 14086.82
47292;eplerenona;LANX EP 50 MG;50 mg comp.x 30;Elea;$ 41009.23;50%;$ 20504.62
46125;eritromicina;ERITROMICINA ELEA;gts.x 5 ml;Elea;$ 17638.65;50%;$ 8819.33
46126;eritromicina;ERITROMICINA ELEA;ung.x 3.5 g;Elea;$ 18412.21;50%;$ 9206.11
38591;escitalopram;ARAMIX;10 mg comp.rec.x 30;Elea;$ 43501.64;50%;$ 21750.82
38593;escitalopram;ARAMIX;20 mg comp.rec.x 30;Elea;$ 78129.91;50%;$ 39064.96
31634;espironolactona;LANX;100 mg comp.x 30;Elea;$ 26082.81;50%;$ 13041.41
31633;espironolactona;LANX;25 mg comp.x 30;Elea;$ 16826.76;50%;$ 8413.38
40561;eszopiclona;8 HORAS;2 mg comp.x 30;Elea;$ 19588.55;50%;$ 9794.28
40562;eszopiclona;8 HORAS;3 mg comp.x 30;Elea;$ 24483.04;50%;$ 12241.52
55887;etonogestrel+etinilestradiol;ELLERING;anillo vaginal sob.x 1;Elea;$ 41643.73;50%;$ 20821.87
6356;etosuximida;ZARONTIN;cáps.x 25;Elea;$ 22726.49;80%;$ 4545.3
6357;etosuximida;ZARONTIN;líq.x 120 ml;Elea;$ 22726.49;80%;$ 4545.3
33900;ezetimibe;TRILIP;10 mg comp.x 30;Elea;$ 17975.34;50%;$ 8987.67
30092;fenitoína;EPAMIN;cáps.x 30;Elea;$ 29452.16;80%;$ 5890.43
49509;fenitoína;EPAMIN;cáps.x 60;Elea;$ 70062.22;80%;$ 14012.44
49487;fenitoína;EPAMIN;cáps.x 90;Elea;$ 88849.66;80%;$ 17769.93
6316;fenitoína;EPAMIN;líq.x 120 ml;Elea;$ 12595.34;80%;$ 2519.07
54021;flecainida;FLENOMID XR;100 mg cáps.lib.prol.x30;Elea;$ 40963.46;60%;$ 16385.38
22808;fludrocortisona;LONIKAN;comp.x 50;Elea;$ 31480.1;50%;$ 15740.05
32430;fluticasona;RINISONA;50mcg spray nasal x120ds;Elea;$ 799.34;80%;$ 159.87
40375;fluticasona;RINISONA;50mcg spray nasal x60ds.;Elea;$ 478.64;80%;$ 95.73
56917;fluticasona;ALERNIX CORT;spray nasal x 120 ds.;Elea;$ 11874.01;80%;$ 2374.8
56915;fluticasona;ALERNIX CORT;spray nasal x 60 ds.;Elea;$ 7058.89;80%;$ 1411.78
38898;fluticasona+salmeterol;NEUMOTIDE AEROSOL;125/25 mcg x 120 dosis;Elea;$ 53129.68;60%;$ 21251.87
38901;fluticasona+salmeterol;NEUMOTIDE AEROSOL;250/25 mcg x 120 dosis;Elea;$ 73070.61;60%;$ 29228.24
55236;fluticasona+salmeterol;NEUMOTIDE POLVO 500/50;cáps.p/inh.x 60+aplic.;Elea;$ 82458.78;60%;$ 32983.51
55235;fluticasona+salmeterol;NEUMOTIDE POLVO 250/50;cáps.p/inh.x 60+aplic.;Elea;$ 81031.65;60%;$ 32412.66
61276;fluticasona,furoato+vilanterol;ALVETIDE;184/22 mcg x 30 dosis;Elea;$ 61001.91;50%;$ 30500.96
61275;fluticasona,furoato+vilanterol;ALVETIDE;92/22 mcg x 30 dosis;Elea;$ 61001.91;50%;$ 30500.96
31309;fólico,ác.;EGESTAN FOLICO;1 mg comp.x 30;Elea;$ 8347.75;50%;$ 4173.88
31310;fólico,ác.;EGESTAN FOLICO;1 mg comp.x 60;Elea;$ 12934.34;50%;$ 6467.17
61296;fólico,ác.;EGESTAN FOLICO;10 mg comp.x 30;Elea;$ 13299.83;50%;$ 6649.92
61297;fólico,ác.;EGESTAN FOLICO;10 mg comp.x 60;Elea;$ 21832.99;50%;$ 10916.5
31311;fólico,ác.;EGESTAN FOLICO;5 mg comp.x 30;Elea;$ 10560.05;50%;$ 5280.03
31312;fólico,ác.;EGESTAN FOLICO;5 mg comp.x 60;Elea;$ 17664.19;50%;$ 8832.1
48382;gatifloxacina;GATIMICIN;0.3% sol.oft.x 5 ml;Elea;$ 23416.15;80%;$ 4683.23
50575;gatifloxacina;GATIMICIN FORTE;0.5% sol.oft.x 5 ml;Elea;$ 31169.66;80%;$ 6233.93
48383;gatifloxacina+dexametasona;GATIMICIN D;susp.oftálmica x 5 ml;Elea;$ 32424.81;50%;$ 16212.41
30104;ginkgo biloba;TANAKAN FORTE;comp.x 15;Elea;$ 32470.59;40%;$ 19482.35
6523;ginkgo biloba;TANAKAN FORTE;comp.x 30;Elea;$ 58814.5;40%;$ 35288.7
6518;ginkgo biloba;TANAKAN;grag.x 30;Elea;$ 39125.48;40%;$ 23475.29
6519;ginkgo biloba;TANAKAN;grag.x 60;Elea;$ 67681.71;40%;$ 40609.03
41219;glimepiride;DIABUTIL 2 MG;2 mg comp.x 30;Elea;$ 17001.13;100%;$ 0
41222;glimepiride;DIABUTIL 4 MG;4 mg comp.x 30;Elea;$ 30044.03;100%;$ 0
49750;hedera helix;CEDRIC JARABE;jbe.x 220 ml;Elea;$ 10138.23;50%;$ 5069.12
17729;hidrocortisona;ANUSOL HC;cr.x 10 g;Elea;$ 213.6;50%;$ 106.8
17709;hidrocortisona+asoc.;ANUSOL DUO;cr.x 10 g;Elea;$ 10527.46;50%;$ 5263.73
17708;hidrocortisona+asoc.;ANUSOL HC;sup.x 12;Elea;$ 224.75;50%;$ 112.38
20880;hidrocortisona+asoc.;ANUSOL DUO S;sup.x 12;Elea;$ 9611.47;50%;$ 4805.74
47728;hidroxipropilmetilcelulosa+asoc.;PH LAGRIMAS;gtas.x 15 ml;Elea;$ 15331.13;50%;$ 7665.57
47356;hierro+vit.b12+fólico,ác.+asoc.;ANEMIDOX FERRUM;cáps.x 30;Elea;$ 40992.51;40%;$ 24595.51
44334;hierro+vit.b12+fólico,ác.+asoc.;ANEMIDOX ULTRA;cáps.x 30;Elea;$ 45004.22;40%;$ 27002.53
44335;hierro+vit.b12+fólico,ác.+asoc.;ANEMIDOX ULTRA;cáps.x 60;Elea;$ 87381.46;40%;$ 52428.88
47357;hierro+vit.b12+fólico,ác.+asoc.;ANEMIDOX FERRUM;cáps.x 60;Elea;$ 82533.05;40%;$ 49519.83
37561;ibandrónico,ác.;FEMOREL;150 mg comp.x 1;Elea;$ 42798.8;50%;$ 21399.4
41136;ibandrónico,ác.;FEMOREL;150 mg comp.x 3;Elea;$ 101954.25;50%;$ 50977.13
40013;ibandrónico,ác.;FEMOREL I.V.;jga.prell.x 1;Elea;$ 102382.72;50%;$ 51191.36
38781;ibandrónico,ác.+asoc.;FEMOREL MAX;comp.rec.x1+comp.rec.x30;Elea;$ 47014.32;50%;$ 23507.16
64123;insaponificables;AUDAX NOVO;300 mg cáps.x 30;Elea;$ 36716.15;40%;$ 22029.69
64124;insaponificables;AUDAX NOVO;300 mg cáps.x 60;Elea;$ 66088.42;40%;$ 39653.05
57280;insaponificables;AUDAX;cáps.x 30;Elea;$ 39750.93;40%;$ 23850.56
51610;ivermectina;IVER P;3 mg comp.x 6;Elea;$ 982.22;50%;$ 491.11
50342;ivermectina;IVER P;6 mg comp.x 6;Elea;$ 22458.52;50%;$ 11229.26
32335;lamotrigina;LAMIRAX;100 mg comp.dispers.x 30;Elea;$ 47756.89;60%;$ 19102.76
50171;lamotrigina;LAMIRAX;100 mg comp.dispers.x 60;Elea;$ 95515.91;60%;$ 38206.36
32336;lamotrigina;LAMIRAX;200 mg comp.dispers.x 30;Elea;$ 82213.12;60%;$ 32885.25
32333;lamotrigina;LAMIRAX;25 mg comp.dispers.x 30;Elea;$ 20442;60%;$ 8176.8
32334;lamotrigina;LAMIRAX;50 mg comp.dispers.x 30;Elea;$ 29891.87;60%;$ 11956.75
58536;levetiracetam;EQUILEA;1000 mg comp.x 30;Elea;$ 157030.49;50%;$ 78515.25
58537;levetiracetam;EQUILEA;1000 mg comp.x 60;Elea;$ 228821.65;50%;$ 114410.83
58534;levetiracetam;EQUILEA;500 mg comp.x 30;Elea;$ 75928.46;50%;$ 37964.23
58535;levetiracetam;EQUILEA;500 mg comp.x 60;Elea;$ 134902.81;50%;$ 67451.41
39016;levofloxacina;LEFLUMAX;500 mg comp.rec.x 7;Elea;$ 19908.19;60%;$ 7963.28
39965;levofloxacina;LEFLUMAX;750 mg comp.rec.x 5;Elea;$ 22643.67;60%;$ 9057.47
10107;levonorgestrel+etinilestradiol;DOS DIAS N;comp.x 2;Elea;$ 18958.2;50%;$ 9479.1
26409;levonorgestrel+etinilestradiol;FEMEXIN;comp.x 21;Elea;$ 6321.59;50%;$ 3160.8
33944;levonorgestrel+etinilestradiol;FEMEXIN 28;comp.x 28;Elea;$ 6445.09;50%;$ 3222.55
21704;levotiroxina;EUTHYROX;100 mcg comp.birran.x 50;Elea;$ 13031.91;80%;$ 2606.38
42759;levotiroxina;EUTHYROX;112 mcg comp.birran.x 50;Elea;$ 18059.07;80%;$ 3611.81
21705;levotiroxina;EUTHYROX;125 mcg comp.birran.x 50;Elea;$ 18488.54;80%;$ 3697.71
42760;levotiroxina;EUTHYROX;137 mcg comp.birran.x 50;Elea;$ 18539.74;80%;$ 3707.95
21706;levotiroxina;EUTHYROX;150 mcg comp.birran.x 50;Elea;$ 20093.66;80%;$ 4018.73
31650;levotiroxina;EUTHYROX;175 mcg comp.birran.x 50;Elea;$ 21761.87;80%;$ 4352.37
31651;levotiroxina;EUTHYROX;200 mcg comp.birran.x 50;Elea;$ 22622.9;80%;$ 4524.58
22839;levotiroxina;EUTHYROX;25 mcg comp.birran.x 50;Elea;$ 8233.39;80%;$ 1646.68
21702;levotiroxina;EUTHYROX;50 mcg comp.birran.x 50;Elea;$ 8831.31;80%;$ 1766.26
21703;levotiroxina;EUTHYROX;75 mcg comp.birran.x 50;Elea;$ 10906.37;80%;$ 2181.27
42758;levotiroxina;EUTHYROX;88 mcg comp.birran.x 50;Elea;$ 12775.95;80%;$ 2555.19
43045;lisado bacteriano;ISMIGEN;comp.subl.x 10;Elea;$ 87145.73;40%;$ 52287.44
41197;losartán;FENSARTAN;100 mg comp.x 30;Elea;$ 35304.59;60%;$ 14121.84
41196;losartán;FENSARTAN;50 mg comp.x 30;Elea;$ 28531.33;60%;$ 11412.53
51036;losartán;FENSARTAN;50 mg comp.x 60;Elea;$ 54291.75;60%;$ 21716.7
47880;losartán;FENSARTAN CRONOS;comp.lib.cont.x30;Elea;$ 49556.85;60%;$ 19822.74
41198;losartán+hidroclorotiazida;FENSARTAN D;comp.x 30;Elea;$ 34071.13;50%;$ 17035.57
48384;loteprednol+tobramicina;LOPRED BIOTIC;susp.oft.x 5 ml;Elea;$ 17719.48;50%;$ 8859.74
36156;loteprednol,etabonato;LOPRED;susp.oft.x 5 ml;Elea;$ 18819.28;50%;$ 9409.64
6475;magnesio;HOLOMAGNESIO;comp.rec.x 100;Elea;$ 142337.17;40%;$ 85402.3
8041;magnesio;HOLOMAGNESIO;comp.rec.x 20;Elea;$ 34689.41;40%;$ 20813.65
6474;magnesio;HOLOMAGNESIO;comp.rec.x 50;Elea;$ 84889.41;40%;$ 50933.65
6476;magnesio+asoc.;HOLOMAGNESIO B6;comp.x 20;Elea;$ 47135.62;40%;$ 28281.37
6477;magnesio+asoc.;HOLOMAGNESIO B6;comp.x 50;Elea;$ 102731.36;40%;$ 61638.82
3628;mefenámico,ác.;PONSTIL FORTE;comp.x 15;Elea;$ 5670.93;50%;$ 2835.47
4465;mefenámico,ác.;PONSTIL FORTE;comp.x 30;Elea;$ 10399.96;50%;$ 5199.98
54711;memantine+donepecilo;OLDINOT DUO;10/28mg comp.lib.con.x30;Elea;$ 74870.08;50%;$ 37435.04
5044;meprednisona;DELTISONA B;4 mg comp.x 20;Elea;$ 9006.15;50%;$ 4503.08
5045;meprednisona;DELTISONA B;40 mg comp.x 20;Elea;$ 52686.35;50%;$ 26343.18
5047;meprednisona;DELTISONA B;8 mg comp.x 20;Elea;$ 20714.71;50%;$ 10357.36
40006;meprednisona;DELTISONA B;gts.x 20 ml;Elea;$ 10445.4;50%;$ 5222.7
31501;metformina;GLUCOPHAGE;1000 mg comp.x 30;Elea;$ 18562.44;100%;$ 0
31502;metformina;GLUCOPHAGE;1000 mg comp.x 60;Elea;$ 33319.75;100%;$ 0
44955;metformina;GLUCOPHAGE XR 1000;1000mg comp.lib.prol.x30;Elea;$ 24201.01;100%;$ 0
44956;metformina;GLUCOPHAGE XR 1000;1000mg comp.lib.prol.x60;Elea;$ 48764.92;100%;$ 0
22235;metformina;GLUCOPHAGE;500 mg comp.x 100;Elea;$ 25877.47;100%;$ 0
22233;metformina;GLUCOPHAGE;500 mg comp.x 30;Elea;$ 8310.43;100%;$ 0
43327;metformina;GLUCOPHAGE XR 750;750 mg comp.lib.prol.x30;Elea;$ 19478.08;100%;$ 0
43328;metformina;GLUCOPHAGE XR 750;750 mg comp.lib.prol.x60;Elea;$ 36992.15;100%;$ 0
13902;metformina;GLUCOPHAGE;850 mg comp.x 30;Elea;$ 13964.61;100%;$ 0
13903;metformina;GLUCOPHAGE;850 mg comp.x 60;Elea;$ 27369.76;100%;$ 0
39508;metformina;GLUCOPHAGE XR 500;LP 500 mg comp.x 30;Elea;$ 12691.72;100%;$ 0
39509;metformina;GLUCOPHAGE XR 500;LP 500 mg comp.x 60;Elea;$ 24109.52;100%;$ 0
29855;metformina+glibenclamida;GLUCOVANCE;500 mg/2.5 mg comp.x 30;Elea;$ 9247.82;80%;$ 1849.56
29856;metformina+glibenclamida;GLUCOVANCE;500 mg/5 mg comp.x 30;Elea;$ 10500.98;80%;$ 2100.2
31503;metformina+glibenclamida;GLUCOVANCE;500 mg/5 mg comp.x 60;Elea;$ 18188.87;80%;$ 3637.77
35717;miconazol+metronidazol+asoc.;OVUMIX;óv.x 6;Elea;$ 20169.82;40%;$ 12101.89
56715;mometasona furoato;FENISONA;50mcg spray nasal x60ds.;Elea;$ 9600.81;50%;$ 4800.41
56716;mometasona furoato;FENISONA;50mcg spray nasalx120ds.;Elea;$ 16728.82;50%;$ 8364.41
39877;montelukast;ROLAST;10 mg comp.rec.x 30;Elea;$ 42684.44;50%;$ 21342.22
39878;montelukast;ROLAST;niños 4 mg comp.mast.x30;Elea;$ 40529.17;50%;$ 20264.59
39879;montelukast;ROLAST;niños 5 mg comp.mast.x30;Elea;$ 40818.52;50%;$ 20409.26
30230;mosapride;MOSAR;5 mg comp.rec.x 30;Elea;$ 21519.15;50%;$ 10759.58
30231;mosapride;MOSAR;5 mg comp.rec.x 60;Elea;$ 27800.71;50%;$ 13900.36
43809;nafazolina+feniramina;VISUCLAR;fco.gotero x 10 ml;Elea;$ 9437.41;50%;$ 4718.71
6741;neomicina+asoc.;ADERMICINA;cr.x 30 g;Elea;$ 10049.5;50%;$ 5024.75
25871;nifedipina;NIFED SOL;30 mg comp.x 30;Elea;$ 25843.2;60%;$ 10337.28
25872;nifedipina;NIFED SOL;60 mg comp.x 30;Elea;$ 27545.33;60%;$ 11018.13
45042;olanzapina;SIMINA;10 mg comp.rec.x 14;Elea;$ 97801.07;50%;$ 48900.54
45043;olanzapina;SIMINA;10 mg comp.rec.x 28;Elea;$ 195088.83;50%;$ 97544.42
45041;olanzapina;SIMINA;5 mg comp.rec.x 14;Elea;$ 50823.61;50%;$ 25411.81
49475;olanzapina;SIMINA;5 mg comp.rec.x 28;Elea;$ 98480.92;50%;$ 49240.46
41039;olopatadine;OLOPAT;0.1% sol.oft.x 5 ml;Elea;$ 26553.46;50%;$ 13276.73
50561;olopatadine;OLOPAT F;0.2% sol.oft.x 2.5 ml;Elea;$ 27579.22;50%;$ 13789.61
41191;orlistat;CRISPLUS;120 mg cáps.x 30;Elea;$ 58125.68;50%;$ 29062.84
41192;orlistat;CRISPLUS;120 mg cáps.x 60;Elea;$ 111935.88;50%;$ 55967.94
41193;orlistat;CRISPLUS;60 mg cáps.x 30;Elea;$ 34182.63;50%;$ 17091.32
41194;orlistat;CRISPLUS;60 mg cáps.x 60;Elea;$ 69483.79;50%;$ 34741.9
43802;oseltamivir;OSELTAMIVIR ELEA;75 mg cáps.x 10;Elea;$ 959.99;50%;$ 480
45070;oseltamivir;OSELTAMIVIR ELEA;pvo.p/susp.oral x 30 g;Elea;$ 1138.94;50%;$ 569.47
22519;oxibutinina;DITROPAN UD;10 mg comp.x 20;Elea;$ 49210.74;50%;$ 24605.37
46488;oxibutinina;DITROPAN UD;10 mg comp.x 30;Elea;$ 74884.67;50%;$ 37442.34
22520;oxibutinina;DITROPAN UD;15 mg comp.x 20;Elea;$ 51277.19;50%;$ 25638.6
46489;oxibutinina;DITROPAN UD;15 mg comp.x 30;Elea;$ 87875.76;50%;$ 43937.88
24602;oxibutinina;DITROPAN UD;5 mg comp.x 20;Elea;$ 39290.38;50%;$ 19645.19
46487;oxibutinina;DITROPAN UD;5 mg comp.x 30;Elea;$ 52616.79;50%;$ 26308.4
7958;oxibutinina;DITROPAN;comp.x 20;Elea;$ 18068.05;50%;$ 9034.03
46871;oxibutinina;DITROPAN;comp.x 30;Elea;$ 23504.92;50%;$ 11752.46
9494;oxibutinina;DITROPAN;comp.x 50;Elea;$ 41007.05;50%;$ 20503.53
283;oxibutinina;DITROPAN;jbe.x 200 ml;Elea;$ 31635.32;50%;$ 15817.66
58774;paracetamol;GENIOL;1g fco.comp. x 50;Elea;$ 12505.56;40%;$ 7503.34
31882;paroxetina;NEUROTROX;20 mg comp.x 30;Elea;$ 44627.57;50%;$ 22313.79
1563;plántago ovata+cassia angustif.;AGIOLAX;env.x 100 g;Elea;$ 24550.55;50%;$ 12275.28
1564;plántago ovata+cassia angustif.;AGIOLAX;env.x 250 g;Elea;$ 49756.16;50%;$ 24878.08
50635;polietilenglicol+propilenglicol+;OSIRIS;sol.oft.x 10 ml;Elea;$ 23347.4;50%;$ 11673.7
47540;potasio,cloruro;CONTROL K;cáps.x 30;Elea;$ 23936.88;50%;$ 11968.44
47541;potasio,cloruro;CONTROL K;cáps.x 60;Elea;$ 45602.14;50%;$ 22801.07
36802;prednisolona+fenilefrina;DELTAR;susp.oft.x 10 ml;Elea;$ 16689.59;80%;$ 3337.92
52629;pregabalina;PRINCIPIA;150 mg cáps.x 30;Elea;$ 74950.99;50%;$ 37475.5
52625;pregabalina;PRINCIPIA;25 mg cáps.x 30;Elea;$ 16628.34;50%;$ 8314.17
52630;pregabalina;PRINCIPIA;300 mg cáps.x 30;Elea;$ 97445.52;50%;$ 48722.76
53067;pregabalina;PRINCIPIA PRACTIDOSIS;75 mg comp.birran.x 30;Elea;$ 46335.17;50%;$ 23167.59
52627;pregabalina;PRINCIPIA;75 mg cáps.x 30;Elea;$ 51623.9;50%;$ 25811.95
52628;pregabalina;PRINCIPIA;75 mg cáps.x 60;Elea;$ 80099.31;50%;$ 40049.66
29242;progesterona;PROGEST 200;cáps.blandas x 15;Elea;$ 41555.26;50%;$ 20777.63
47275;progesterona;PROGEST 200;cáps.blandas x 30;Elea;$ 82597.47;50%;$ 41298.74
18832;progesterona;PROGEST;cáps.blandas x 30;Elea;$ 39169.6;50%;$ 19584.8
64436;quetiapina;KEMOTER 100 MG;100 mg comp.x 60;Elea;$ 118102.45;50%;$ 59051.23
64435;quetiapina;KEMOTER 200 MG;200 mg comp.x 60;Elea;$ 152150;50%;$ 76075
64434;quetiapina;KEMOTER 25 MG;25 mg comp.x 60;Elea;$ 67031.12;50%;$ 33515.56
44368;quetiapina;KEMOTER 200 MG;comp.rec.x 30;Elea;$ 123536.06;50%;$ 61768.03
49473;quetiapina;KEMOTER XR 300 MG;comp.rec.x 30;Elea;$ 166852.63;50%;$ 83426.32
44367;quetiapina;KEMOTER 100 MG;comp.rec.x 30;Elea;$ 93300.55;50%;$ 46650.28
49471;quetiapina;KEMOTER XR 50 MG;comp.rec.x 30;Elea;$ 119200.99;50%;$ 59600.5
49474;quetiapina;KEMOTER XR 400 MG;comp.rec.x 30;Elea;$ 230438.15;50%;$ 115219.08
44366;quetiapina;KEMOTER 25 MG;comp.rec.x 30;Elea;$ 56096.36;50%;$ 28048.18
49472;quetiapina;KEMOTER XR 200 MG;comp.rec.x 30;Elea;$ 122476.27;50%;$ 61238.14
31494;rabeprazol;RABEC;10 mg comp.x 14;Elea;$ 12700.32;40%;$ 7620.19
23672;rabeprazol;RABEC;10 mg comp.x 28;Elea;$ 34706.78;40%;$ 20824.07
23673;rabeprazol;RABEC;20 mg comp.x 14;Elea;$ 24923.92;40%;$ 14954.35
23674;rabeprazol;RABEC;20 mg comp.x 28;Elea;$ 56983.14;40%;$ 34189.88
31912;risperidona;RESTELEA;0.50 mg comp.x 20;Elea;$ 8709.04;50%;$ 4354.52
31811;risperidona;RESTELEA;1 mg comp.x 20;Elea;$ 14943.72;50%;$ 7471.86
31812;risperidona;RESTELEA;1 mg comp.x 60;Elea;$ 33429.56;50%;$ 16714.78
31813;risperidona;RESTELEA;2 mg comp.x 20;Elea;$ 29073.1;50%;$ 14536.55
31814;risperidona;RESTELEA;2 mg comp.x 60;Elea;$ 88380.42;50%;$ 44190.21
31815;risperidona;RESTELEA;3 mg comp.x 20;Elea;$ 28869.64;50%;$ 14434.82
31816;risperidona;RESTELEA;3 mg comp.x 60;Elea;$ 121123.94;50%;$ 60561.97
62064;rivaroxabán;REMIVOX;10 mg comp.rec.x 10;Elea;$ 47071.09;50%;$ 23535.55
62065;rivaroxabán;REMIVOX;10 mg comp.rec.x 30;Elea;$ 95689.7;50%;$ 47844.85
57976;rivaroxabán;REMIVOX;15 mg comp.rec.x 28;Elea;$ 117818.73;50%;$ 58909.37
57977;rivaroxabán;REMIVOX;20 mg comp.rec.x 28;Elea;$ 122102.05;50%;$ 61051.03
17101;rosuvastatina;LIPEX;10 mg comp.x 28;Elea;$ 25808.33;60%;$ 10323.33
49345;rosuvastatina;RABLOC;10 mg comp.x 30;Elea;$ 30943.07;60%;$ 12377.23
52702;rosuvastatina;LIPEX;10 mg comp.x 30;Elea;$ 27831.64;60%;$ 11132.66
52703;rosuvastatina;LIPEX;20 mg comp.x 30;Elea;$ 50721.22;60%;$ 20288.49
49347;rosuvastatina;RABLOC;20 mg comp.x 30;Elea;$ 48762.69;60%;$ 19505.08
52704;rosuvastatina;LIPEX;40 mg comp.x 30;Elea;$ 80630.47;60%;$ 32252.19
52701;rosuvastatina;LIPEX;5 mg comp.x 30;Elea;$ 17849.3;60%;$ 7139.72
57974;rosuvastatina+ezetimibe;LIPEX PLUS;10/10 comp.x 30;Elea;$ 34113.19;50%;$ 17056.6
57975;rosuvastatina+ezetimibe;LIPEX PLUS;20/10 comp.x 30;Elea;$ 61450.02;50%;$ 30725.01
59273;sacubitrilo+valsartán;RISTONEL;100 mg comp.rec.x 30;Elea;$ 96572.6;50%;$ 48286.3
59274;sacubitrilo+valsartán;RISTONEL;100 mg comp.rec.x 60;Elea;$ 188602.65;50%;$ 94301.33
59269;sacubitrilo+valsartán;RISTONEL;200 mg comp.rec.x 60;Elea;$ 205743.54;50%;$ 102871.77
59272;sacubitrilo+valsartán;RISTONEL;50 mg comp.rec.x 30;Elea;$ 91028.94;50%;$ 45514.47
64114;semaglutida;OBETIDE;0.25 mg jer. prell. x 4;Elea;$ 122237.02;40%;$ 73342.21
64112;semaglutida;OBETIDE;0.5 mg jer. prell. x 4;Elea;$ 140566.38;40%;$ 84339.83
64113;semaglutida;OBETIDE;1 mg jer. prell. x 4;Elea;$ 159019.58;40%;$ 95411.75
64116;semaglutida;OBETIDE;1.7 mg jer. prell. x 4;Elea;$ 210028.99;40%;$ 126017.39
64117;semaglutida;OBETIDE;2.4 mg jer. prell. x 4;Elea;$ 274258.3;40%;$ 164554.98
50765;silodosina;PETRIUM;4 mg cáps.x 30;Elea;$ 35971.11;50%;$ 17985.56
50764;silodosina;PETRIUM;8 mg cáps.x 30;Elea;$ 60659.77;50%;$ 30329.89
59919;sitagliptina;ESLIPEL;100 mg comp.x 28;Elea;$ 95584.11;100%;$ 0
59917;sitagliptina;ESLIPEL;25 mg comp.x 28;Elea;$ 75651.37;100%;$ 0
59918;sitagliptina;ESLIPEL;50 mg comp.x 28;Elea;$ 89119.34;100%;$ 0
60502;sitagliptina+metformina,clorh.;ESLIPEL MET;50/1000 mg comp.x 30;Elea;$ 63480.57;100%;$ 0
60501;sitagliptina+metformina,clorh.;ESLIPEL MET;50/1000 mg comp.x 60;Elea;$ 108067.65;100%;$ 0
60503;sitagliptina+metformina,clorh.;ESLIPEL MET;50/850 mg comp.x 60;Elea;$ 108185.04;100%;$ 0
17602;sodio,picosulfato;RAPILAX;gts.x 50 ml;Elea;$ 22036.78;50%;$ 11018.39
17250;sucralfato;NETUNAL;susp.x 200 ml;Elea;$ 19042.54;50%;$ 9521.27
53146;tadalafilo;LEVAL;20 mg comp.x 1;Elea;$ 13139.82;50%;$ 6569.91
53147;tadalafilo;LEVAL;20 mg comp.x 2;Elea;$ 25994.42;50%;$ 12997.21
60307;tadalafilo;LEVAL;20 mg comp.x 30;Elea;$ 307044.01;50%;$ 153522.01
53148;tadalafilo;LEVAL;20 mg comp.x 4;Elea;$ 51130.12;50%;$ 25565.06
60306;tadalafilo;LEVAL;20 mg comp.x 60;Elea;$ 528377.37;50%;$ 264188.69
53145;tadalafilo;LEVAL;5 mg comp.x 30;Elea;$ 113802.72;50%;$ 56901.36
53149;tamsulosina;SULOS;0.4 mg cáps.x 30;Elea;$ 45813.03;50%;$ 22906.52
55030;telmisartán;BERTEL 40 MG;40 mg comp.x 28;Elea;$ 63481.21;60%;$ 25392.48
55031;telmisartán;BERTEL 80 MG;80 mg comp.x 28;Elea;$ 89233.95;60%;$ 35693.58
55298;telmisartán+hidroclorotiazida;BERTEL D 80/12.5 MG;comp.x 28;Elea;$ 93165.84;50%;$ 46582.92
55297;telmisartán+hidroclorotiazida;BERTEL D 40/12.5 MG;comp.x 28;Elea;$ 66596.31;50%;$ 33298.16
37879;tibolona;PARACLIM 1.25;1.25 mg comp.x 30;Elea;$ 27021.74;50%;$ 13510.87
25584;tibolona;PARACLIM 2.5;2.5 mg comp.x 30;Elea;$ 36306.15;50%;$ 18153.08
57586;ticagrelor;TICAZAN;90 mg comp.x 30;Elea;$ 87683.72;50%;$ 43841.86
36159;timolol,maleato;ZOPIROL;0.50% sol.oft.x 5 ml;Elea;$ 6586.65;80%;$ 1317.33
56485;tiotropio,bromuro;NEUMOTROPIO;10 mcg cáps.p/inh.x 30;Elea;$ 112740.96;50%;$ 56370.48
41521;tióctico,ác.;TIODRIX HR;600 mg comp.x 30;Elea;$ 12213.2;50%;$ 6106.6
35300;tobramicina;FOTEX;sol.oft.x 5 ml;Elea;$ 10981.35;60%;$ 4392.54
35299;tobramicina+dexametasona;FOTADEX;sol.oft.x 5 ml;Elea;$ 13042.89;50%;$ 6521.45
38204;tobramicina+dexametasona;FOTADEX;ung.oft.x 3.5 g;Elea;$ 15168.45;50%;$ 7584.23
34844;topiramato;NEUTOP;100 mg comp.rec.x 28;Elea;$ 55418.52;80%;$ 11083.7
35645;topiramato;NEUTOP;100 mg comp.rec.x 56;Elea;$ 105254.94;80%;$ 21050.99
34842;topiramato;NEUTOP;25 mg comp.rec.x 28;Elea;$ 19617.82;80%;$ 3923.56
49359;topiramato;NEUTOP;25 mg comp.rec.x 56;Elea;$ 37182.55;80%;$ 7436.51
34843;topiramato;NEUTOP;50 mg comp.rec.x 28;Elea;$ 36024.13;80%;$ 7204.83
49360;topiramato;NEUTOP;50 mg comp.rec.x 56;Elea;$ 68888.6;80%;$ 13777.72
38893;travoprost;ARVO;sol.oft.x 2.5 ml;Elea;$ 24938.97;60%;$ 9975.59
52699;valsartán;COROSAN;160 mg comp.x 30;Elea;$ 37560.9;60%;$ 15024.36
52700;valsartán;COROSAN;320 mg comp.x 30;Elea;$ 43275.28;60%;$ 17310.11
52698;valsartán;COROSAN;80 mg comp.x 30;Elea;$ 31632;60%;$ 12652.8
56044;valsartán+hidroclorotiazida;COROSAN D;160/12.5 mg comp.x 30;Elea;$ 29082.8;50%;$ 14541.4
56043;valsartán+hidroclorotiazida;COROSAN D;80/12.5 mg comp.x 30;Elea;$ 28465.95;50%;$ 14232.98
57294;vildagliptin;ZATIUM;50 mg comp.x 30;Elea;$ 37625.36;100%;$ 0
57293;vildagliptin;ZATIUM;50 mg comp.x 60;Elea;$ 71780.46;100%;$ 0
57296;vildagliptin+metformina;ZATIUM MET;50/1000 mg comp.x 30;Elea;$ 51079.18;100%;$ 0
57295;vildagliptin+metformina;ZATIUM MET;50/1000 mg comp.x 60;Elea;$ 96564.64;100%;$ 0
57300;vildagliptin+metformina;ZATIUM MET;50/500 mg comp.x 30;Elea;$ 44030.63;100%;$ 0
57299;vildagliptin+metformina;ZATIUM MET;50/500 mg comp.x 60;Elea;$ 84001.64;100%;$ 0
57298;vildagliptin+metformina;ZATIUM MET;50/850 mg comp.x 30;Elea;$ 44030.63;100%;$ 0
57297;vildagliptin+metformina;ZATIUM MET;50/850 mg comp.x 60;Elea;$ 84001.64;100%;$ 0
3224;vit.b,complejo+asoc.;ANEMIDOX;a.x 3 x 2 ml;Elea;$ 38423.3;40%;$ 23053.98
5304;vit.b,complejo+asoc.;ANEMIDOX;a.x 6 x 2 ml;Elea;$ 75987.47;40%;$ 45592.48
30097;vit.c+citroflavonoide;CVP DUO;comp.rec.x 10;Elea;$ 21444.13;40%;$ 12866.48
8016;vit.c+citroflavonoide;CVP DUO;comp.rec.x 25;Elea;$ 38471.48;40%;$ 23082.89
6454;vit.c+citroflavonoide;CVP DUO;comp.rec.x 50;Elea;$ 64288.17;40%;$ 38572.9
14252;vit.c+vit.e+betacaroteno+asoc.;ESCLEROVITAN ANTIOXIDANTE;cáps.blandas x 30;Elea;$ 31420.97;40%;$ 18852.58
15749;vit.c+vit.e+betacaroteno+asoc.;ESCLEROVITAN ANTIOXIDANTE;cáps.blandas x 60;Elea;$ 57611.62;40%;$ 34566.97
58092;vit.d3;TESTRI CB;100.000 UI cáps. x 1;Elea;$ 14753.54;40%;$ 8852.12
58093;vit.d3;TESTRI CB;100.000 UI cáps. x 3;Elea;$ 31904.73;40%;$ 19142.84
53333;vit.d3;TESTRI;sol.oral x 2 ml;Elea;$ 11772.04;40%;$ 7063.22
11480;vit.e+vit.a+asoc.;ESCLEROVITAN E;cáps.blandas x 100;Elea;$ 59898.38;40%;$ 35939.03
11479;vit.e+vit.a+asoc.;ESCLEROVITAN E;cáps.blandas x 50;Elea;$ 34258.05;40%;$ 20554.83
38900;hierro+fólico,ác.+asoc.;VITALIX COMPLEX;comp.x 30;Ethical Nutriti;$ 17138.29;50%;$ 8569.15
38324;hierro,polimaltosato;VITALIX;100 mg comp.rec.x 30;Ethical Nutriti;$ 6889.65;50%;$ 3444.83
34282;hierro,polimaltosato;VITALIX;gts.x 20 ml;Ethical Nutriti;$ 8378.62;50%;$ 4189.31
39624;vit.a+vit.c+vit.d;OSTELIN ACD;sol.x 20 ml;Ethical Nutriti;$ 17224;40%;$ 10334.4
3113;vit.d;OSTELIN POTENCIA;gts.x 10 ml;Ethical Nutriti;$ 11696;40%;$ 7017.6
52897;alprazolam;PRINOX 0.25 MG;0.25 mg comp.x 30;Eurofarma;$ 139.95;50%;$ 69.98
52896;alprazolam;PRINOX 0.25 MG;0.25 mg comp.x 50;Eurofarma;$ 253.15;50%;$ 126.58
52892;alprazolam;PRINOX 0.5 MG;0.5 mg comp.x 30;Eurofarma;$ 5207.45;50%;$ 2603.73
52893;alprazolam;PRINOX 0.5 MG;0.5 mg comp.x 50;Eurofarma;$ 7766.09;50%;$ 3883.05
52890;alprazolam;PRINOX 1 MG;1 mg comp.x 30;Eurofarma;$ 8115.69;50%;$ 4057.85
52891;alprazolam;PRINOX 1 MG;1 mg comp.x 50;Eurofarma;$ 15197.4;50%;$ 7598.7
52895;alprazolam;PRINOX 2 MG;2 mg comp.x 30;Eurofarma;$ 12162.2;50%;$ 6081.1
52894;alprazolam;PRINOX 2 MG;2 mg comp.x 50;Eurofarma;$ 22222.22;50%;$ 11111.11
22105;amlodipina;AMLODINE;10 mg comp.x 30;Eurofarma;$ 2141.17;60%;$ 856.47
22104;amlodipina;AMLODINE;5 mg comp.x 30;Eurofarma;$ 1156.45;60%;$ 462.58
47529;amlodipina+losartán,potásico;CARTAN MAX 5/100;5/100mg comp.x60 (30+30);Eurofarma;$ 1574.45;50%;$ 787.23
47528;amlodipina+losartán,potásico;CARTAN MAX 5/50;5/50mg comp.x 60 (30+30);Eurofarma;$ 1437.59;50%;$ 718.8
27519;atorvastatín;NORMALIP;10 mg comp.rec.x 30;Eurofarma;$ 32528.12;60%;$ 13011.25
34461;atorvastatín;NORMALIP;20 mg comp.rec.x 30;Eurofarma;$ 57498.8;60%;$ 22999.52
53044;betahistina;BETINA;16 mg comp.x 30;Eurofarma;$ 4353.36;40%;$ 2612.02
53045;betahistina;BETINA;16 mg comp.x 60;Eurofarma;$ 1116.93;40%;$ 670.16
53046;betahistina;BETINA;24 mg comp.x 30;Eurofarma;$ 6523.39;40%;$ 3914.03
53047;betahistina;BETINA;24 mg comp.x 60;Eurofarma;$ 1771.36;40%;$ 1062.82
21775;budesonide;BUDESON NEBU;sol.x 20 ml;Eurofarma;$ 30788.16;80%;$ 6157.63
63725;bupropión;BUP XL;150 mg comp.rec.x 30;Eurofarma;$ 77047;40%;$ 46228.2
49601;bupropión;BUP;150mg comp.lib.prol.x 30;Eurofarma;$ 77047;40%;$ 46228.2
49602;bupropión;BUP;150mg comp.lib.prol.x 60;Eurofarma;$ 142878.78;40%;$ 85727.27
63724;bupropión;BUP XL;300 mg comp.rec.x 30;Eurofarma;$ 142878.78;40%;$ 85727.27
50873;carvedilol;RODIPAL;12.5 mg comp.x 30;Eurofarma;$ 526.29;60%;$ 210.52
50874;carvedilol;RODIPAL;12.5 mg comp.x 60;Eurofarma;$ 789.42;60%;$ 315.77
50875;carvedilol;RODIPAL;25 mg comp.x 30;Eurofarma;$ 632.66;60%;$ 253.06
50876;carvedilol;RODIPAL;25 mg comp.x 60;Eurofarma;$ 946.2;60%;$ 378.48
50872;carvedilol;RODIPAL;6.25 mg comp.x 60;Eurofarma;$ 587.87;60%;$ 235.15
51102;citalopram;CITTA;20 mg comp.x 14;Eurofarma;$ 463.48;50%;$ 231.74
51103;citalopram;CITTA;20 mg comp.x 28;Eurofarma;$ 1359.38;50%;$ 679.69
37774;clebopride+simeticona+asoc.;SOMASEDAN;comp.rec.x 30;Eurofarma;$ 914.61;50%;$ 457.31
35736;clebopride+simeticona+asoc.;SOMASEDAN;comp.rec.x 60;Eurofarma;$ 1607.51;50%;$ 803.76
40434;clonazepam;CLONASEDAN;2 mg comp.x 30;Eurofarma;$ 437.95;80%;$ 87.59
62684;dexlansoprazol;DECNOV;30 mg cáps.lib.prol.x 30;Eurofarma;$ 38618.17;40%;$ 23170.9
62685;dexlansoprazol;DECNOV;60 mg cáps.lib.prol.x 30;Eurofarma;$ 55352.68;40%;$ 33211.61
53312;domperidona;DOMPERIX;10 mg comp.x 30;Eurofarma;$ 740.54;50%;$ 370.27
52739;duloxetina;DULOXIN;30 mg caps.x 10;Eurofarma;$ 839.47;50%;$ 419.74
52740;duloxetina;DULOXIN;30 mg cáps.x 30;Eurofarma;$ 57058.56;50%;$ 28529.28
52741;duloxetina;DULOXIN;60 mg cáps.x 30;Eurofarma;$ 57503.81;50%;$ 28751.91
62682;empagliflozina;DEMPI;10 mg comp.rec.x 30;Eurofarma;$ 93059.91;100%;$ 0
62683;empagliflozina;DEMPI;25 mg comp.rec.x 30;Eurofarma;$ 98876.14;100%;$ 0
44197;fólico,ác.;NEXOVITAL FOLICO;1 mg comp.x 30;Eurofarma;$ 453.25;50%;$ 226.63
44198;fólico,ác.;NEXOVITAL FOLICO;1 mg comp.x 60;Eurofarma;$ 769.17;50%;$ 384.59
44199;fólico,ác.;NEXOVITAL FOLICO;5 mg comp.x 30;Eurofarma;$ 597.45;50%;$ 298.73
44200;fólico,ác.;NEXOVITAL FOLICO;5 mg comp.x 60;Eurofarma;$ 1009.51;50%;$ 504.76
652;hierro,succinato;FERDROMACO;comp.rec.x 30;Eurofarma;$ 1184.67;50%;$ 592.34
40273;hierro,sulfato;FERDROMACO PEDIATRICO;gts.x 20 ml;Eurofarma;$ 981.95;50%;$ 490.98
40432;itopride;ITOPRID;50 mg comp.x 30;Eurofarma;$ 22316.66;50%;$ 11158.33
40987;itopride;ITOPRID;50 mg comp.x 60;Eurofarma;$ 42508.75;50%;$ 21254.38
33168;leflunomida;AFIANCEN;20 mg comp.rec.x 30;Eurofarma;$ 29651.97;50%;$ 14825.99
51108;levocetirizina;TIRIZ;5 mg comp.rec.x 10;Eurofarma;$ 8237.2;50%;$ 4118.6
17600;loperamida;COLIFILM;comp.x 10;Eurofarma;$ 5970.15;50%;$ 2985.08
34459;loperamida;COLIFILM;comp.x 50;Eurofarma;$ 20896.23;50%;$ 10448.12
10875;loratadina;BILOINA;comp.x 10;Eurofarma;$ 444.5;40%;$ 266.7
10876;loratadina;BILOINA;comp.x 30;Eurofarma;$ 1070.84;40%;$ 642.5
10877;loratadina;BILOINA;jbe.x 60 ml;Eurofarma;$ 336.55;40%;$ 201.93
40001;losartán;CARTAN;100 mg comp.x 30;Eurofarma;$ 22276.8;60%;$ 8910.72
28100;losartán;CARTAN;50 mg comp.x 30;Eurofarma;$ 25833.02;60%;$ 10333.21
40621;losartán+hidroclorotiazida;CARTAN D 100;100/25 mg comp.rec.x 30;Eurofarma;$ 7009;50%;$ 3504.5
40620;losartán+hidroclorotiazida;CARTAN D;50/12.5 mg comp.rec.x 30;Eurofarma;$ 6335.41;50%;$ 3167.71
50919;mazindol;MZ1;1 mg comp.rec.x 30;Eurofarma;$ 2747.97;50%;$ 1373.99
50920;mazindol;MZ2;2 mg comp.rec.x 30;Eurofarma;$ 3046.06;50%;$ 1523.03
37452;mosapride;LEVUSID;5 mg comp.x 20;Eurofarma;$ 521.92;50%;$ 260.96
37453;mosapride;LEVUSID;5 mg comp.x 30;Eurofarma;$ 755.44;50%;$ 377.72
39712;otilonio,bromuro;MOTID;40 mg comp.x 20;Eurofarma;$ 17472.5;50%;$ 8736.25
39713;otilonio,bromuro;MOTID;40 mg comp.x 40;Eurofarma;$ 23980.35;50%;$ 11990.18
52032;paracetamol+pseudoefedrina+asoc.;PREDUAL;comp.rec.x 20;Eurofarma;$ 9969.24;40%;$ 5981.54
46838;paracetamol+pseudoefedrina+asoc.;PREDUAL;jbe.x 100 ml;Eurofarma;$ 10437.08;40%;$ 6262.25
51764;paroxetina;PONDERA 10;10 mg comp.rec.x 30;Eurofarma;$ 851;50%;$ 425.5
51765;paroxetina;PONDERA 20;20 mg comp.rec.x 30;Eurofarma;$ 1990.25;50%;$ 995.13
43299;peg 3350;TRACTOLAX;sobres x 14;Eurofarma;$ 39896.05;50%;$ 19948.03
43300;peg 3350;TRACTOLAX;sobres x 28;Eurofarma;$ 70925.65;50%;$ 35462.83
40622;rifaximina;COLOXIMINA;200 mg comp.rec.x 10;Eurofarma;$ 12573.02;50%;$ 6286.51
40623;rifaximina;COLOXIMINA;200 mg comp.rec.x 20;Eurofarma;$ 20919.66;50%;$ 10459.83
48377;rifaximina;COLOXIMINA;400 mg comp.rec.ran.x 10;Eurofarma;$ 23076.56;50%;$ 11538.28
48378;rifaximina;COLOXIMINA;400 mg comp.rec.ran.x 30;Eurofarma;$ 57010.27;50%;$ 28505.14
57814;rivaroxabán;RIBEX;10 mg comp. x 15;Eurofarma;$ 85498.91;50%;$ 42749.46
57817;rivaroxabán;RIBEX;15 mg comp. x 30;Eurofarma;$ 115084.92;50%;$ 57542.46
57819;rivaroxabán;RIBEX;20 mg comp. x 30;Eurofarma;$ 115659.08;50%;$ 57829.54
49966;rosuvastatina;ROSULIP;10 mg comp.x 30;Eurofarma;$ 26220.15;60%;$ 10488.06
49967;rosuvastatina;ROSULIP;20 mg comp.x 30;Eurofarma;$ 46122.17;60%;$ 18448.87
51305;sertralina;ERTA;100 mg comp.rec.x 10;Eurofarma;$ 762.83;50%;$ 381.42
51306;sertralina;ERTA;100 mg comp.rec.x 30;Eurofarma;$ 2164.88;50%;$ 1082.44
51301;sertralina;ERTA;25 mg comp.rec.x 10;Eurofarma;$ 303.13;50%;$ 151.57
51302;sertralina;ERTA;25 mg comp.rec.x 30;Eurofarma;$ 469.82;50%;$ 234.91
51303;sertralina;ERTA;50 mg comp.rec.x 10;Eurofarma;$ 418.59;50%;$ 209.3
51304;sertralina;ERTA;50 mg comp.rec.x 30;Eurofarma;$ 1269.15;50%;$ 634.58
35589;sodio,fosfato;COLONIL;sol.oral x 45 ml;Eurofarma;$ 3246.59;50%;$ 1623.3
17343;sucralfato;SUCRALMAX;susp.x 200 ml;Eurofarma;$ 18480.53;50%;$ 9240.27
24731;tamsulosina;ACLOSAN;0.4 mg cáps.x 30;Eurofarma;$ 44693.05;50%;$ 22346.53
46476;trimebutina;PROCINET NF;200 mg comp.x 30;Eurofarma;$ 696.52;50%;$ 348.26
37454;ursodesoxicólico,ác.;URZAC;150 mg comp.x 20;Eurofarma;$ 20295.83;50%;$ 10147.92
27520;ursodesoxicólico,ác.;URZAC;300 mg comp.x 30;Eurofarma;$ 39909.97;50%;$ 19954.99
33430;ursodesoxicólico,ác.;URZAC;300 mg comp.x 50;Eurofarma;$ 79586.32;50%;$ 39793.16
41687;ursodesoxicólico,ác.;URZAC FORTE;500 mg comp.x 30;Eurofarma;$ 76089.33;50%;$ 38044.67
51768;venlafaxina;PSISEVEN;150 mg caps.lib.prol.x28;Eurofarma;$ 1689.35;50%;$ 844.68
51766;venlafaxina;PSISEVEN;37.5mg caps.lib.prol.x28;Eurofarma;$ 1108.63;50%;$ 554.32
51767;venlafaxina;PSISEVEN;75 mg caps.lib.prol.x 28;Eurofarma;$ 1227.43;50%;$ 613.72
9067;vincamina+cinarizina;EUROLAND;comp.x 50;Eurofarma;$ 378.27;50%;$ 189.14
37220;ciprofloxacina;MEDAFLOX;500 mg comp.rec.x 10;Eurolab;$ 13950;60%;$ 5580
38325;ciprofloxacina;MEDAFLOX;500 mg comp.rec.x 20;Eurolab;$ 25980;60%;$ 10392
37687;dimenhidrinato;DR. AMIN;50 mg comp.rec.x 12;Eurolab;$ 9185.24;50%;$ 4592.62
37686;dimenhidrinato;DR. AMIN;50 mg comp.rec.x 6;Eurolab;$ 5600.33;50%;$ 2800.17
45628;dimenhidrinato;DR. AMIN;50 mg comp.rec.x 60;Eurolab;$ 675;50%;$ 337.5
39716;doxilamina+piridoxina;EPIDAC;cáps.x 24;Eurolab;$ 741;50%;$ 370.5
48838;dutasteride;DECITON;0.5 mg comp.x 30;Eurolab;$ 42118.64;50%;$ 21059.32
39715;finasteride;FINTERAC;5 mg comp.rec.x 30;Eurolab;$ 36100;50%;$ 18050
47756;lisado bacteriano;UROVAXOM;caps.x 30;Eurolab;$ 3295;40%;$ 1977
40036;nitrofurantoína;UROFURAN;100 mg cáps.x 30;Eurolab;$ 33605.19;50%;$ 16802.6
28158;retinoico,ác.+asoc.;PURALOE;0.005% cr.x 30 g;Eurolab;$ 580;50%;$ 290
14693;retinoico,ác.+asoc.;PURALOE;0.025% cr.x 30 g;Eurolab;$ 2650;50%;$ 1325
28555;retinoico,ác.+asoc.;PURALOE;0.025% gel x 30 g;Eurolab;$ 895;50%;$ 447.5
14694;retinoico,ác.+asoc.;PURALOE;0.05% cr.x 30 g;Eurolab;$ 2650;50%;$ 1325
28556;retinoico,ác.+asoc.;PURALOE;0.05% gel x 30 g;Eurolab;$ 895;50%;$ 447.5
48416;tamsulosina;UROCETINA;0.4 mg cáps.lib.prol.x30;Eurolab;$ 40695.26;50%;$ 20347.63
59786;rivaroxabán;RIVAREX;10 mg comp.rec.x 30;Everex;$ 109139.14;50%;$ 54569.57
59785;rivaroxabán;RIVAREX;15 mg comp.rec. x 30;Everex;$ 44344.34;50%;$ 22172.17
59787;rivaroxabán;RIVAREX;20 mg comp.rec. x 30;Everex;$ 44862.16;50%;$ 22431.08
20409;allopurinol;ALLOPURINOL FABRA 300;comp.x 20;Fabra;$ 9094.9;60%;$ 3637.96
27355;amlodipina;ANGIOFILINA;10 mg comp.x 30;Fabra;$ 32205;60%;$ 12882
27354;amlodipina;ANGIOFILINA;5 mg comp.x 30;Fabra;$ 17028;60%;$ 6811.2
38102;amoxicilina;DARZITIL;1000 mg comp.x 16;Fabra;$ 23999;60%;$ 9599.6
38101;amoxicilina;DARZITIL;1000 mg comp.x 8;Fabra;$ 10512;60%;$ 4204.8
15792;amoxicilina;DARZITIL;250 mg jbe.x 90 ml;Fabra;$ 9390.5;60%;$ 3756.2
9869;amoxicilina;DARZITIL;500 mg comp.x 16;Fabra;$ 7899.38;60%;$ 3159.75
37114;amoxicilina;DARZITIL;500 mg comp.x 21;Fabra;$ 10015.37;60%;$ 4006.15
27126;amoxicilina;DARZITIL;500 mg comp.x 8;Fabra;$ 3993.66;60%;$ 1597.46
19845;amoxicilina;DARZITIL;500 mg jbe.x 120 ml;Fabra;$ 14318.73;60%;$ 5727.49
15794;amoxicilina;DARZITIL;500 mg jbe.x 60 ml;Fabra;$ 9848.8;60%;$ 3939.52
15795;amoxicilina;DARZITIL;500 mg jbe.x 90 ml;Fabra;$ 10065.59;60%;$ 4026.24
47423;amoxicilina;DARZITIL DUO;750 mg susp.x 70 ml;Fabra;$ 12056.66;60%;$ 4822.66
47422;amoxicilina;DARZITIL DUO;875 mg comp.x 14;Fabra;$ 11927.77;60%;$ 4771.11
42991;amoxicilina+clavulánico,ác.;DARZITIL PLUS 1000 MG;comp.x 14;Fabra;$ 23999.51;60%;$ 9599.8
21335;amoxicilina+clavulánico,ác.;DARZITIL PLUS;comp.x 16;Fabra;$ 22314.36;60%;$ 8925.74
42990;amoxicilina+clavulánico,ác.;DARZITIL PLUS 1000 MG;comp.x 7;Fabra;$ 12716.13;60%;$ 5086.45
21014;amoxicilina+clavulánico,ác.;DARZITIL PLUS;comp.x 8;Fabra;$ 12008.3;60%;$ 4803.32
42992;amoxicilina+clavulánico,ác.;DARZITIL PLUS DUO;jbe.x 70 ml;Fabra;$ 14374.08;60%;$ 5749.63
21015;amoxicilina+clavulánico,ác.;DARZITIL PLUS;susp.x 60 ml;Fabra;$ 9654.26;60%;$ 3861.7
21016;amoxicilina+clavulánico,ác.;DARZITIL PLUS;susp.x 90 ml;Fabra;$ 13351.61;60%;$ 5340.64
27558;ampicilina;AMPIGEN;1000 mg comp.x 8;Fabra;$ 11588.07;60%;$ 4635.23
29704;ampicilina;AMPIGEN;500 mg comp.x 16;Fabra;$ 15681.77;60%;$ 6272.71
2920;ampicilina;AMPIGEN;500 mg comp.x 8;Fabra;$ 6994.01;60%;$ 2797.6
14403;ampicilina+sulbactam;AMPIGEN SB;1.5 g iny.x 1;Fabra;$ 10246.38;60%;$ 4098.55
44302;atorvastatín;ATORVASTATINA FABRA;10 mg comp.x 30;Fabra;$ 38193.35;60%;$ 15277.34
44303;atorvastatín;ATORVASTATINA FABRA;20 mg comp.x 30;Fabra;$ 65096.5;60%;$ 26038.6
26237;azitromicina;FABRAMICINA;200 mg/5ml jbe.x 15 ml;Fabra;$ 14531;60%;$ 5812.4
26236;azitromicina;FABRAMICINA;500 mg comp.x 3;Fabra;$ 12861.41;60%;$ 5144.56
3311;betametasona;BUTASONA FABRA;comp.x 20;Fabra;$ 7968.8;50%;$ 3984.4
3313;betametasona;BUTASONA FABRA;cr.x 15 g;Fabra;$ 9325.69;50%;$ 4662.85
49760;betametasona (acet.y fosf.disod);BUTASONA FABRA RL;a.x 1 + jga.desc.;Fabra;$ 13886;50%;$ 6943
19827;bromazepam;ESTOMINA;3 mg comp.x 30;Fabra;$ 5937.87;50%;$ 2968.94
19828;bromazepam;ESTOMINA;6 mg comp.x 30;Fabra;$ 9391.71;50%;$ 4695.86
15837;carbamazepina;CARBAMAZEPINA FABRA;200 mg comp.x 30;Fabra;$ 17989.76;80%;$ 3597.95
49105;cefadroxilo;CEFADROXILO FABRA;250 mg susp.x 90 ml;Fabra;$ 9540.65;60%;$ 3816.26
49107;cefadroxilo;CEFADROXILO FABRA;500 mg comp.x 16;Fabra;$ 21321.59;60%;$ 8528.64
49106;cefadroxilo;CEFADROXILO FABRA;500 mg comp.x 8;Fabra;$ 11367.74;60%;$ 4547.1
46360;cefalexina;CEFALEXINA FABRA;1000 mg comp.x 16;Fabra;$ 24368;60%;$ 9747.2
26239;cefalexina;CEFALEXINA FABRA;1000 mg comp.x 8;Fabra;$ 12352;60%;$ 4940.8
9871;cefalexina;CEFALEXINA FABRA;250 mg jbe.x 60 ml;Fabra;$ 5588.65;60%;$ 2235.46
15805;cefalexina;CEFALEXINA FABRA;250 mg jbe.x 90 ml;Fabra;$ 7935;60%;$ 3174
9872;cefalexina;CEFALEXINA FABRA;500 mg comp.x 16;Fabra;$ 12716.75;60%;$ 5086.7
27125;cefalexina;CEFALEXINA FABRA;500 mg comp.x 8;Fabra;$ 7300.08;60%;$ 2920.03
40096;cefalexina;CEFALEXINA FABRA;500 mg jbe.x 120 ml;Fabra;$ 15906;60%;$ 6362.4
15806;cefalexina;CEFALEXINA FABRA;500 mg jbe.x 60 ml;Fabra;$ 12595;60%;$ 5038
15807;cefalexina;CEFALEXINA FABRA;500 mg jbe.x 90 ml;Fabra;$ 13049;60%;$ 5219.6
13807;ceftriaxona;CEFTRIAXONA FABRA;1 g f.a.x 1;Fabra;$ 24391.46;60%;$ 9756.58
13675;ciprofloxacina;CIPROFLOXACINA FABRA;500 mg comp.x 10;Fabra;$ 17550;60%;$ 7020
27360;claritromicina;CLARITROMICINA FABRA;500 mg comp.x 16;Fabra;$ 32287;60%;$ 12914.8
15812;clindamicina;CLINDAMICINA FABRA;600 mg a.x 1;Fabra;$ 5888.04;60%;$ 2355.22
50939;clozapina;CLOZAPINA FABRA;100 mg comp.x 20;Fabra;$ 45421.98;100%;$ 0
49763;clozapina;CLOZAPINA FABRA;100 mg comp.x 90;Fabra;$ 186003.33;100%;$ 0
51497;clozapina;CLOZAPINA FABRA;25 mg comp.x 90;Fabra;$ 66367.73;100%;$ 0
49762;dexametasona;DEXAMETASONA FABRA;8 mg iny.x 1 + jga.;Fabra;$ 16119;50%;$ 8059.5
3319;diazepam;DIAZEPAM FABRA;10 mg comp.x 50;Fabra;$ 15199.3;50%;$ 7599.65
19844;diclofenac potásico;VIMULTISA P;comp.x 20;Fabra;$ 14396;40%;$ 8637.6
45517;diclofenac+pridinol;VIMULTISA FLEX;comp.x 15;Fabra;$ 16965;40%;$ 10179
20425;enalapril;PRESI REGUL;10 mg comp.x 20;Fabra;$ 7598.7;80%;$ 1519.74
45520;enalapril;PRESI REGUL;10 mg comp.x 30;Fabra;$ 10992;80%;$ 2198.4
20424;enalapril;PRESI REGUL;10 mg comp.x 50;Fabra;$ 17061;80%;$ 3412.2
45521;enalapril;PRESI REGUL;10 mg comp.x 60;Fabra;$ 21015;80%;$ 4203
45522;enalapril;PRESI REGUL;20 mg comp.x 30;Fabra;$ 13725;80%;$ 2745
20427;enalapril;PRESI REGUL;20 mg comp.x 50;Fabra;$ 20689.15;80%;$ 4137.83
45523;enalapril;PRESI REGUL;20 mg comp.x 60;Fabra;$ 24467;80%;$ 4893.4
9874;enalapril+hidroclorotiazida;PRESI REGUL D;10 mg comp.x 20;Fabra;$ 12096;80%;$ 2419.2
45524;enalapril+hidroclorotiazida;PRESI REGUL D;10 mg comp.x 30;Fabra;$ 15954;80%;$ 3190.8
20407;eritromicina;ERITROMICINA FABRA;comp.x 16;Fabra;$ 14615.97;50%;$ 7307.99
19829;fenoximetilpenicilina;FENOXIMETILPENICILINA FABRA;1000000 UI comp.x 12;Fabra;$ 8398.5;60%;$ 3359.4
19830;fenoximetilpenicilina;FENOXIMETILPENICILINA FABRA;1500000 UI comp.x 12;Fabra;$ 13374.6;60%;$ 5349.84
13662;fenoximetilpenicilina;FENOXIMETILPENICILINA FABRA;300000 UI/5ml jbe.x100ml;Fabra;$ 14794.6;60%;$ 5917.84
20417;fluconazol;FLUCONAZOL FABRA 150;comp.x 2;Fabra;$ 16285;50%;$ 8142.5
15840;fluoxetina;FLUOXETINA FABRA;comp.x 20;Fabra;$ 14842;50%;$ 7421
19832;gentamicina;GENTAMICINA FABRA;cr.x 15 g;Fabra;$ 10473.53;50%;$ 5236.77
50934;hierro,sulfato;HIERRO FABRA;comp.x 20;Fabra;$ 10543;50%;$ 5271.5
49759;hierro,sulfato;HIERRO FABRA;comp.x 30;Fabra;$ 16163;50%;$ 8081.5
19834;hierro,sulfato;HIERRO FABRA;gts.x 20 ml;Fabra;$ 11386;50%;$ 5693
19837;ibuprofeno;IBUFABRA;400 mg comp.x 10;Fabra;$ 4500;40%;$ 2700
36612;ibuprofeno;IBUFABRA;400 mg comp.x 20;Fabra;$ 8170;40%;$ 4902
19838;ibuprofeno;IBUFABRA;400 mg iny.x 3;Fabra;$ 15878;40%;$ 9526.8
28041;ibuprofeno;IBUFABRA;600 mg comp.x 10;Fabra;$ 9272;40%;$ 5563.2
28042;ibuprofeno;IBUFABRA;600 mg comp.x 20;Fabra;$ 16165;40%;$ 9699
46780;ibuprofeno;IBUFABRA 4%;susp.x 90 ml;Fabra;$ 9848;40%;$ 5908.8
19835;ibuprofeno;IBUFABRA;susp.x 90 ml;Fabra;$ 5816;40%;$ 3489.6
38546;imipenem+cilastatín;IMIPENEM FABRA;500 mg IV pvo.p/iny.x 1;Fabra;$ 63324.33;50%;$ 31662.17
13781;isoxsuprina;ISOXSUPRINA FABRA;10 mg comp.x 20;Fabra;$ 23771.22;50%;$ 11885.61
13782;isoxsuprina;ISOXSUPRINA FABRA;20 mg comp.x 20;Fabra;$ 37613.74;50%;$ 18806.87
15822;ketoconazol;KETOCONAZOL FABRA;200 mg comp.x 20;Fabra;$ 24918;40%;$ 14950.8
20202;ketorolac;KETOROLAC FABRA;10 mg comp.x 20;Fabra;$ 10122.07;50%;$ 5061.04
20203;ketorolac;KETOROLAC FABRA;20 mg comp.x 20;Fabra;$ 18948;50%;$ 9474
28040;levotiroxina;LEVOTIROXINA FABRA 100;0.10 mg comp.x 50;Fabra;$ 12206.59;80%;$ 2441.32
20401;loperamida;LOPERAMIDA FABRA;comp.x 10;Fabra;$ 6252;50%;$ 3126
42993;losartán;CORTICOSAN;50 mg comp.x 30;Fabra;$ 25777;60%;$ 10310.8
15823;mebendazol;MEBENDAZOL FABRA;100 mg comp.x 6;Fabra;$ 6125.21;50%;$ 3062.61
30667;mebendazol;MEBENDAZOL FABRA;500 mg comp.x 6;Fabra;$ 10840.79;50%;$ 5420.4
27361;metoclopramida;PRIMAVERA-N;ad.gts.x 20 ml;Fabra;$ 8648.78;50%;$ 4324.39
24443;metronidazol;METRONIDAZOL FABRA;125 mg/5 ml susp.x 120ml;Fabra;$ 11321.5;50%;$ 5660.75
14653;metronidazol;METRONIDAZOL FABRA;500 mg comp.x 20;Fabra;$ 18238.78;50%;$ 9119.39
15350;norfloxacina;NORFLOXACINA FABRA;400 mg comp.x 20;Fabra;$ 24850.28;60%;$ 9940.11
20153;penicilina g benzatínica;PENICILINA G BENZATINICA;1200000 UI f.a.x 1;Fabra;$ 12036.7;60%;$ 4814.68
20152;penicilina g benzatínica;PENICILINA G BENZATINICA;2400000 UI f.a.x 1;Fabra;$ 19925.25;60%;$ 7970.1
3308;piroxicam;BENISAN;comp.x 20;Fabra;$ 9025.22;50%;$ 4512.61
3310;piroxicam+vit.b12;BUTA RUT B12;comp.x 20;Fabra;$ 25252.4;50%;$ 12626.2
35307;risperidona;RISPERIDONA FABRA;1 mg comp.x 20;Fabra;$ 14277;50%;$ 7138.5
35309;risperidona;RISPERIDONA FABRA;2 mg comp.x 20;Fabra;$ 29759.79;50%;$ 14879.9
19840;salbutamol;SALBUTAMOL FABRA;0.5% gts.x 20 ml;Fabra;$ 10044.14;80%;$ 2008.83
43837;simvastatin;SIMVASTATINA FABRA;10 mg comp.x 30;Fabra;$ 21032;60%;$ 8412.8
43838;simvastatin;SIMVASTATINA FABRA;20 mg comp.x 30;Fabra;$ 26948;60%;$ 10779.2
14645;sulfametoxazol+trimetoprima;ADRENOL;comp.x 10;Fabra;$ 14050.54;60%;$ 5620.22
14647;sulfametoxazol+trimetoprima;ADRENOL;jbe.x 100 ml;Fabra;$ 14412;60%;$ 5764.8
14402;sultamicilina;AMPIGEN SB;375 mg comp.x 8;Fabra;$ 653.7;60%;$ 261.48
15836;vancomicina;VANCOMICINA FABRA;1000 mg iny.f.a.x 1;Fabra;$ 40649;60%;$ 16259.6
15835;vancomicina;VANCOMICINA FABRA;500 mg iny.f.a.x 1;Fabra;$ 22666.47;60%;$ 9066.59
49757;vit.b,complejo;LISINFOS;comp.x 30;Fabra;$ 23312;40%;$ 13987.2
18919;clorhexidina;FADA CLORHEXIDINA;jab.liq.x12x500ml c/dsif;Fada Pharma;$ 5426.11;50%;$ 2713.06
52011;amlodipina;BRANCILINA;10 mg comp.x 30;Fecofar;$ 22155.42;60%;$ 8862.17
52012;amlodipina;BRANCILINA;5 mg comp.x 30;Fecofar;$ 12272.75;60%;$ 4909.1
43508;amoxicilina;AMOXICILINA FECOFAR;250 mg jbe.x 120 ml;Fecofar;$ 138.59;50%;$ 69.3
14156;amoxicilina;AMOXICILINA FECOFAR;250 mg jbe.x 60 ml;Fecofar;$ 354.15;60%;$ 141.66
15586;amoxicilina;AMOXICILINA FECOFAR;250 mg jbe.x 90 ml;Fecofar;$ 7983.27;60%;$ 3193.31
14155;amoxicilina;AMOXICILINA FECOFAR;500 mg comp.x 16;Fecofar;$ 5874.22;60%;$ 2349.69
14154;amoxicilina;AMOXICILINA FECOFAR;500 mg comp.x 8;Fecofar;$ 3382.16;60%;$ 1352.86
42582;amoxicilina;AMOXICILINA FECOFAR;500 mg jbe.x 120 ml;Fecofar;$ 12055.36;60%;$ 4822.14
15587;amoxicilina;AMOXICILINA FECOFAR;500 mg jbe.x 60 ml;Fecofar;$ 6102.77;60%;$ 2441.11
15588;amoxicilina;AMOXICILINA FECOFAR;500 mg jbe.x 90 ml;Fecofar;$ 9680.41;60%;$ 3872.16
42566;amoxicilina;AMOXICILINA FECOFAR DUO;750 mg jbe.x 70 ml;Fecofar;$ 11258.51;60%;$ 4503.4
43507;amoxicilina;AMOXICILINA FECOFAR DUO;875 mg comp.x 14;Fecofar;$ 9916.76;60%;$ 3966.7
45795;amoxicilina+clavulánico,ác.;PLENOBIOTIC DUO;comp.x 14;Fecofar;$ 22212.8;60%;$ 8885.12
45794;amoxicilina+clavulánico,ác.;PLENOBIOTIC DUO;susp.x 70 ml;Fecofar;$ 400;60%;$ 160
44745;atorvastatín;LIPOKEMIA 10;10 mg comp.x 30;Fecofar;$ 30133.12;60%;$ 12053.25
44746;atorvastatín;LIPOKEMIA 20;20 mg comp.x 30;Fecofar;$ 51643.48;60%;$ 20657.39
54526;atorvastatín+ezetimibe;LIPOKEMIA PLUS 10/10;10/10 mg comp.x 30;Fecofar;$ 35394.38;50%;$ 17697.19
54527;atorvastatín+ezetimibe;LIPOKEMIA PLUS 20/10;20/10 mg comp.x 30;Fecofar;$ 49846;50%;$ 24923
14157;betametasona+gentamic.+miconazol;DERMOSONA FECOFAR;cr.x 20 g;Fecofar;$ 11544.91;40%;$ 6926.95
56570;bisoprolol;BISOFEC 10;10 mg comp.x 30;Fecofar;$ 18748.45;60%;$ 7499.38
56568;bisoprolol;BISOFEC 2.5;2.5 mg comp.x 30;Fecofar;$ 8001.58;60%;$ 3200.63
56569;bisoprolol;BISOFEC 5;5 mg comp.x 30;Fecofar;$ 14644.35;60%;$ 5857.74
57801;bisoprolol+hidroclorotiazida;BISOFEC D;comp.x 30;Fecofar;$ 18061.14;50%;$ 9030.57
49989;bromhexina+asoc.;DUFLEGRIP PLUS;comp.x 20;Fecofar;$ 7379.05;50%;$ 3689.53
33488;cefalexina;CEFALEXINA FECOFAR;500 mg comp.x 16;Fecofar;$ 10908.07;60%;$ 4363.23
33487;cefalexina;CEFALEXINA FECOFAR;500 mg comp.x 8;Fecofar;$ 5770.19;60%;$ 2308.08
33485;cefalexina;CEFALEXINA FECOFAR;500 mg susp.x 60 ml;Fecofar;$ 8818.63;60%;$ 3527.45
33486;cefalexina;CEFALEXINA FECOFAR;500 mg susp.x 90 ml;Fecofar;$ 12002.08;60%;$ 4800.83
46277;ciprofloxacina;SEPTOCORT;500 mg comp.x 10;Fecofar;$ 16814.47;60%;$ 6725.79
56680;claritromicina;NEUMODRYL;500 mg comp.x 16;Fecofar;$ 26562.88;60%;$ 10625.15
35669;clofedianol+bromhexina;PECTORAL HEBERT N.F.;jbe.x 100 ml;Fecofar;$ 8998.97;50%;$ 4499.49
13429;clofedianol+bromhexina;PECTORAL HEBERT PEDIATRICO;jbe.x 100 ml;Fecofar;$ 8998.97;50%;$ 4499.49
50444;clopidogrel;TRIUROL;75 mg comp.x 30;Fecofar;$ 49979.99;50%;$ 24990
3524;clorfeniramina;ALERGITRAT;comp.x 20;Fecofar;$ 7009.08;50%;$ 3504.54
3525;clorfeniramina;ALERGITRAT;jbe.x 120 ml;Fecofar;$ 7009.08;50%;$ 3504.54
3539;dexametasona;DEXAMETASONA FECOFAR;comp.x 20;Fecofar;$ 7092.82;50%;$ 3546.41
53342;dexametasona;DEXAMETASONA FECOFAR;comp.x 30;Fecofar;$ 9808.33;50%;$ 4904.17
38098;diclofenac dietilamina;IGLODINE GEL;gel x 50 g;Fecofar;$ 9003.78;40%;$ 5402.27
52671;diclofenac sódico;IGLODINE 75;75 mg comp.rec.x 15;Fecofar;$ 10358.09;40%;$ 6214.85
38097;diclofenac sódico;IGLODINE 75;75 mg comp.rec.x 30;Fecofar;$ 17828.86;40%;$ 10697.32
52670;diclofenac+pridinol;IGLODINE FLEX;comp.x 15;Fecofar;$ 8526.61;40%;$ 5115.97
38100;diclofenac+pridinol;IGLODINE FLEX;comp.x 30;Fecofar;$ 14229.51;40%;$ 8537.71
47402;ftalilsulfatiazol+asoc.;LEFANTERIL;comp.x 20;Fecofar;$ 7929.99;50%;$ 3965
3546;furosemida;FUROSEMIDA FECOFAR;comp.x 30;Fecofar;$ 12526.43;80%;$ 2505.29
45392;furosemida;FUROSEMIDA FECOFAR;comp.x 50;Fecofar;$ 17684.93;80%;$ 3536.99
12833;ibuprofeno;IBUPROFENO FECOFAR;400 mg comp.x 20;Fecofar;$ 621.61;40%;$ 372.97
60719;ibuprofeno;IBUFEC 600;600 mg comp. x 10;Fecofar;$ 5164.79;40%;$ 3098.87
60720;ibuprofeno;IBUFEC 600;600 mg comp. x 20;Fecofar;$ 9807.08;40%;$ 5884.25
40445;ibuprofeno;IBUPROFENO 600 FECOFAR;600 mg comp.x 10;Fecofar;$ 788.39;40%;$ 473.03
40444;ibuprofeno;IBUPROFENO 600 FECOFAR;600 mg comp.x 20;Fecofar;$ 2174.59;40%;$ 1304.75
49036;ibuprofeno;IBUPROFENO FECOFAR 4%;susp.oral x 90 ml;Fecofar;$ 603.06;40%;$ 361.84
39131;ibuprofeno;IBUPROFENO FECOFAR;susp.oral x 90 ml;Fecofar;$ 615.55;40%;$ 369.33
43255;lidocaína+hidrocortisona;MAGNAL;pda.x 20 g;Fecofar;$ 8100.2;50%;$ 4050.1
45797;losartán;ANTIPRESOL;100 mg comp.x 30;Fecofar;$ 26930.3;60%;$ 10772.12
45796;losartán;ANTIPRESOL;50 mg comp.x 30;Fecofar;$ 21972.2;60%;$ 8788.88
54605;losartán+hidroclorotiazida;ANTIPRESOL D;100/25 mg comp.x 30;Fecofar;$ 28628.13;50%;$ 14314.07
54604;losartán+hidroclorotiazida;ANTIPRESOL D;50/12.5 mg comp.x 30;Fecofar;$ 25786.36;50%;$ 12893.18
49461;miconazol+metronidazol+asoc.;FENOGYNOL;óv.x 12;Fecofar;$ 28551.02;40%;$ 17130.61
49460;miconazol+metronidazol+asoc.;FENOGYNOL;óv.x 6;Fecofar;$ 15729.34;40%;$ 9437.6
3542;nafazolina+asoc.;DRYNISAN;sol.x 15 ml;Fecofar;$ 4797.06;50%;$ 2398.53
13430;paracetamol;PARACETAMOL FECOFAR;gts.x 20 ml;Fecofar;$ 5425.59;40%;$ 3255.35
14158;paracetamol+clorfeniramina+asoc.;DUFLEGRIP;comp.x 20;Fecofar;$ 8498.58;40%;$ 5099.15
46978;paracetamol+clorfeniramina+asoc.;DUFLEGRIP;jbe.x 100 ml;Fecofar;$ 9251.07;40%;$ 5550.64
54606;rosuvastatina;ROSUFEC 10;10 mg comp.x 30;Fecofar;$ 19351.33;60%;$ 7740.53
54607;rosuvastatina;ROSUFEC 20;20 mg comp.x 30;Fecofar;$ 34091.5;60%;$ 13636.6
60718;rosuvastatina;ROSUFEC 40;40 mg comp.x 30;Fecofar;$ 57990.64;60%;$ 23196.26
53770;tadalafilo;EQUITONE;20 mg comp.x 2;Fecofar;$ 18459.85;50%;$ 9229.93
53769;tadalafilo;EQUITONE;5 mg comp.x 30;Fecofar;$ 79857.78;50%;$ 39928.89
54528;tirotricina+benzocaína;BUCASMOL A SPRAY BUCAL;env.x 45 ml;Fecofar;$ 5565.67;50%;$ 2782.84
40932;tobramicina;BIDEON BIOTIC;colirio x 5 ml;Fecofar;$ 8374.55;60%;$ 3349.82
40933;tobramicina+dexametasona;BIDEON BIOTIC PLUS;colirio x 5 ml;Fecofar;$ 9195.66;50%;$ 4597.83
59384;valsartán;VALSARFEC;160 mg comp.x 28;Fecofar;$ 30316.71;60%;$ 12126.68
59385;valsartán;VALSARFEC;320 mg comp.x 28;Fecofar;$ 32591.47;60%;$ 13036.59
59383;valsartán;VALSARFEC;80 mg comp.x 28;Fecofar;$ 23479.19;60%;$ 9391.68
59422;valsartán+hidroclorotiazida;VALSARFEC D;160/12.5 mg comp.x 28;Fecofar;$ 29082.8;50%;$ 14541.4
59423;valsartán+hidroclorotiazida;VALSARFEC D;160/25mg comp.x 28;Fecofar;$ 34044.14;50%;$ 17022.07
59421;valsartán+hidroclorotiazida;VALSARFEC D;80/12.5 mg comp.x 28;Fecofar;$ 25245.79;50%;$ 12622.9
12634;estradiol;RONTAGEL;env.x 80 g;Ferring;$ 66276.72;50%;$ 33138.36
9022;gonadotrofina coriónica;GONACOR 5000;IM liof.f.a.x 1 +a.solv.;Ferring;$ 48972.17;50%;$ 24486.09
47675;mesalazina;PENTASA;1 g comp.x 30;Ferring;$ 156063.93;50%;$ 78031.97
47676;mesalazina;PENTASA;1 g comp.x 60;Ferring;$ 293572.85;50%;$ 146786.43
23525;mesalazina;PENTASA ENEMA;1 g pomos x 7 x 100 ml;Ferring;$ 122551.87;50%;$ 61275.94
34045;mesalazina;PENTASA;1 g sob.x 50;Ferring;$ 247211.93;50%;$ 123605.97
18876;mesalazina;PENTASA;1 g sup.x 28;Ferring;$ 213287.13;50%;$ 106643.57
43518;mesalazina;PENTASA;2 g sob.x 30;Ferring;$ 294740.29;50%;$ 147370.15
55961;mesalazina;PENTASA;4 g sob.x 30;Ferring;$ 545918.05;50%;$ 272959.03
18875;mesalazina;PENTASA;500 mg comp.x 100;Ferring;$ 246721.1;50%;$ 123360.55
18874;mesalazina;PENTASA;500 mg comp.x 50;Ferring;$ 129179.59;50%;$ 64589.8
22174;oxibutinina;OXIBUTININA FERRING;1 mg/ml jbe.x 200 ml;Ferring;$ 7622.82;50%;$ 3811.41
22173;oxibutinina;OXIBUTININA FERRING;5 mg comp.x 20;Ferring;$ 3832.21;50%;$ 1916.11
22159;oxibutinina;OXIBUTININA FERRING;5 mg comp.x 50;Ferring;$ 9156.88;50%;$ 4578.44
14192;progesterona;UTROGESTAN;100 mg cáps.x 30;Ferring;$ 41856.53;50%;$ 20928.27
30542;progesterona;UTROGESTAN;200 mg cáps.x 14;Ferring;$ 43901.91;50%;$ 21950.96
44773;progesterona;UTROGESTAN;200 mg cáps.x 28;Ferring;$ 85610.37;50%;$ 42805.19
45216;progesterona;UTROGESTAN;200 mg cáps.x 42;Ferring;$ 125427.52;50%;$ 62713.76
20963;trh;TRH FERRING;200 mcg a.x 1 x 1 ml;Ferring;$ 29998.91;50%;$ 14999.46
20305;aciclovir;ACICLOVIR FILAXIS;800 mg comp.x 20;Filaxis Farmac¿;$ 1274.56;60%;$ 509.82
49456;acth;ACTHEL;200 UI iny.gel.f.a.;Filaxis Farmac¿;$ 155370.43;50%;$ 77685.22
49455;acth;ACTHEL;25 UI f.a+jga.+ag+solv.;Filaxis Farmac¿;$ 87903.36;50%;$ 43951.68
49454;acth;ACTHEL;40 UI gel f.a.+jga.+ag.;Filaxis Farmac¿;$ 98176.43;50%;$ 49088.22
21123;ganciclovir;GRINEVEL;500 mg a.x 1;Filaxis Farmac¿;$ 895.92;60%;$ 358.37
33612;alendronato;FINDECLIN;70 mg comp.x 4;Finadiet;$ 19076.49;60%;$ 7630.6
33613;alendronato;FINDECLIN;70 mg comp.x 8;Finadiet;$ 29088.04;60%;$ 11635.22
10185;ambroxol+paracetamol+asoc.;LETONDAL;comp.x 10;Finadiet;$ 9183.83;40%;$ 5510.3
34387;amlodipina;HIPERTENSAL;10 mg comp.x 30;Finadiet;$ 16223.33;60%;$ 6489.33
34386;amlodipina;HIPERTENSAL;5 mg comp.x 30;Finadiet;$ 11470.1;60%;$ 4588.04
30916;atorvastatín;LIPAREX;10 mg comp.rec.x 30;Finadiet;$ 36574.68;60%;$ 14629.87
31795;atorvastatín;LIPAREX;10 mg comp.rec.x 60;Finadiet;$ 61966.8;60%;$ 24786.72
30917;atorvastatín;LIPAREX;20 mg comp.rec.x 30;Finadiet;$ 59951.21;60%;$ 23980.48
31796;atorvastatín;LIPAREX;20 mg comp.rec.x 60;Finadiet;$ 104430.35;60%;$ 41772.14
35912;atorvastatín;LIPAREX;40 mg comp.rec.x 30;Finadiet;$ 65784.37;60%;$ 26313.75
41557;atorvastatín+ezetimibe;LIPAREX PLUS 10;10/10 mg comp.rec.x 30;Finadiet;$ 31626.77;50%;$ 15813.39
41558;atorvastatín+ezetimibe;LIPAREX PLUS 20;20/10 mg comp.rec.x 30;Finadiet;$ 44091.05;50%;$ 22045.53
23427;beta-alanina+oxazepam;PAUSAFREN T;comp.x 40;Finadiet;$ 20702.54;50%;$ 10351.27
3646;beta-sitosterol;PROSTACUR;comp.x 100;Finadiet;$ 32207.71;50%;$ 16103.86
3645;beta-sitosterol;PROSTACUR;comp.x 50;Finadiet;$ 18370.42;50%;$ 9185.21
15750;carisoprodol;LISTAFLEX;comp.x 20;Finadiet;$ 15614.89;50%;$ 7807.45
49423;carisoprodol;LISTAFLEX;comp.x 30;Finadiet;$ 20965.19;50%;$ 10482.6
39801;carisoprolol+paracetamol;LISTAFLEX FORTE;comp.x 20;Finadiet;$ 24739.41;40%;$ 14843.65
49425;carisoprolol+paracetamol;LISTAFLEX FORTE;comp.x 30;Finadiet;$ 36105.88;40%;$ 21663.53
3641;cinarizina;NATROPAS;75 mg comp.x 100;Finadiet;$ 12591.73;50%;$ 6295.87
63011;cinarizina;NATROPAS;75 mg comp.x 60;Finadiet;$ 11573.47;50%;$ 5786.74
53418;ciprofloxacina;SELKET 500;500 mg comp.x 10;Finadiet;$ 17404.37;60%;$ 6961.75
53419;ciprofloxacina;SELKET 500;500 mg comp.x 14;Finadiet;$ 23436.26;60%;$ 9374.5
53420;ciprofloxacina;SELKET 500;500 mg comp.x 20;Finadiet;$ 31578.43;60%;$ 12631.37
31818;clonazepam;INDUZEPAM;0.25 mg comp.x 30;Finadiet;$ 4253.76;50%;$ 2126.88
31823;clonazepam;INDUZEPAM;0.25% sol.oral x 20 ml;Finadiet;$ 143.31;50%;$ 71.66
31819;clonazepam;INDUZEPAM;0.50 mg comp.x 30;Finadiet;$ 6649.18;50%;$ 3324.59
31820;clonazepam;INDUZEPAM;0.50 mg comp.x 50;Finadiet;$ 10084.87;50%;$ 5042.44
31821;clonazepam;INDUZEPAM;2 mg comp.x 30;Finadiet;$ 8452.54;80%;$ 1690.51
31822;clonazepam;INDUZEPAM;2 mg comp.x 50;Finadiet;$ 12470.73;80%;$ 2494.15
3661;clorazepato dipotásico;TENCILAN;10 mg comp.x 50;Finadiet;$ 10883.14;50%;$ 5441.57
3659;clorazepato dipotásico;TENCILAN;5 mg comp.x 50;Finadiet;$ 9368.97;50%;$ 4684.49
54654;darifenacina;DARIFIN 15;15 mg comp.lib.prol.x 30;Finadiet;$ 59054.79;50%;$ 29527.4
54653;darifenacina;DARIFIN 7.5;7.5 mg comp.lib.prol.x30;Finadiet;$ 42429.62;50%;$ 21214.81
47722;dutasteride;LUDASTERIN;0.5 mg comp.x 30;Finadiet;$ 42531.93;50%;$ 21265.97
57756;dutasteride;LUDASTERIN;0.5 mg comp.x 60;Finadiet;$ 76557.22;50%;$ 38278.61
50138;dutasteride+tamsulosina;TANSILOPROST DUO;0.5/0.4 mg cáps.x 30;Finadiet;$ 70262.85;50%;$ 35131.43
58327;dutasteride+tamsulosina;TANSILOPROST DUO;0.5/0.4 mg cáps.x 60;Finadiet;$ 126472.7;50%;$ 63236.35
53836;etoricoxib;COX-QUIN;120 mg comp.rec.x 7;Finadiet;$ 13759.03;50%;$ 6879.52
61145;etoricoxib;COX-QUIN;60 mg comp.rec.x 14;Finadiet;$ 17570.21;50%;$ 8785.11
61146;etoricoxib;COX-QUIN;60 mg comp.rec.x 28;Finadiet;$ 33324.69;50%;$ 16662.35
53833;etoricoxib;COX-QUIN;60 mg comp.rec.x 30;Finadiet;$ 31471.55;50%;$ 15735.78
61147;etoricoxib;COX-QUIN;90 mg comp.rec.x 14;Finadiet;$ 26805.66;50%;$ 13402.83
53834;etoricoxib;COX-QUIN;90 mg comp.rec.x 15;Finadiet;$ 26784.24;50%;$ 13392.12
61148;etoricoxib;COX-QUIN;90 mg comp.rec.x 28;Finadiet;$ 42598.11;50%;$ 21299.06
53835;etoricoxib;COX-QUIN;90 mg comp.rec.x 30;Finadiet;$ 43457.1;50%;$ 21728.55
53421;fexofenadina;VAGRAN 120;120 mg comp.x 10;Finadiet;$ 10635.44;50%;$ 5317.72
53422;fexofenadina;VAGRAN 120;120 mg comp.x 30;Finadiet;$ 26864.44;50%;$ 13432.22
53423;fexofenadina;VAGRAN 180;180 mg comp.x 10;Finadiet;$ 19458.85;50%;$ 9729.43
23124;finasteride;CAPILFOR;1 mg comp.x 30;Finadiet;$ 18965.27;50%;$ 9482.64
14398;finasteride;FINASTERIN;comp.rec.x 30;Finadiet;$ 38750.79;50%;$ 19375.4
57755;finasteride;FINASTERIN;comp.rec.x 60;Finadiet;$ 75420.55;50%;$ 37710.28
45132;glicéridos nat.+vit.a+vit.d;LUPAN;pomada dérm.x 50 g;Finadiet;$ 31906.05;40%;$ 19143.63
44895;glicéridos nat.+vit.a+vit.d;LUPAN;proctol.x 50 g (10 canu);Finadiet;$ 40966.38;40%;$ 24579.83
49411;hialuronato sódico;CRUZAL 40;jga.prell.x 2 ml+aguja;Finadiet;$ 126943.62;50%;$ 63471.81
49410;hialuronato sódico;CRUZAL 20;jga.prell.x 2 ml+aguja;Finadiet;$ 80229.56;50%;$ 40114.78
52618;hialuronato sódico+asoc.;CRUZAL L 20;jga.prell.+f.a.+adapt.;Finadiet;$ 10291.36;50%;$ 5145.68
43994;ibandrónico,ác.;MESEL;150 mg comp.rec.x 1;Finadiet;$ 32981.86;50%;$ 16490.93
43995;ibandrónico,ác.;MESEL;150 mg comp.rec.x 2;Finadiet;$ 53597.32;50%;$ 26798.66
18783;insaponificables;DERRUMAL 300;cáps.x 30;Finadiet;$ 43720.05;40%;$ 26232.03
47685;ketorolac;KERAMIX;10 mg comp.x 10;Finadiet;$ 240.41;50%;$ 120.21
47686;ketorolac;KERAMIX;20 mg comp.rec.x 10;Finadiet;$ 1283.6;50%;$ 641.8
3650;loperamida;REGULANE;comp.x 10;Finadiet;$ 6883.91;50%;$ 3441.96
20703;loperamida;REGULANE;comp.x 20;Finadiet;$ 11352.06;50%;$ 5676.03
55213;loperamida;REGULANE;comp.x 30;Finadiet;$ 14838.9;50%;$ 7419.45
53060;loperamida;REGULANE CB;cáps.bl.x 10;Finadiet;$ 6890.81;50%;$ 3445.41
53061;loperamida;REGULANE CB;cáps.bl.x 20;Finadiet;$ 11707.82;50%;$ 5853.91
20842;loperamida;REGULANE SOLUCION;sol.x 60 ml;Finadiet;$ 7794.04;50%;$ 3897.02
22261;loperamida+simeticona;REGULANE AF;comp.mast.x 10;Finadiet;$ 256.26;50%;$ 128.13
54068;naproxeno+esomeprazol;XINA;comp.lib.modif.x 30;Finadiet;$ 41811.01;40%;$ 25086.61
54066;potasio,citrato;FINALIT;comp.lib.prol.x 30;Finadiet;$ 18772.48;50%;$ 9386.24
54067;potasio,citrato;FINALIT;comp.lib.prol.x 60;Finadiet;$ 36102.21;50%;$ 18051.11
54065;potasio,citrato;FINALIT;sob.x 60;Finadiet;$ 36102.21;50%;$ 18051.11
46305;rosuvastatina;MESOTEROL 10;10 mg comp.rec.x 30;Finadiet;$ 22647.28;60%;$ 9058.91
46306;rosuvastatina;MESOTEROL 20;20 mg comp.rec.x 30;Finadiet;$ 40022.07;60%;$ 16008.83
46304;rosuvastatina;MESOTEROL 5;5 mg comp.rec.x 30;Finadiet;$ 14671.22;60%;$ 5868.49
28868;sildenafil;BIFORT;100 mg comp.rec.x 10;Finadiet;$ 26384.53;50%;$ 13192.27
22005;sildenafil;BIFORT;100 mg comp.rec.x 4;Finadiet;$ 10700.92;50%;$ 5350.46
22006;sildenafil;BIFORT;100 mg comp.rec.x 6;Finadiet;$ 731.88;50%;$ 365.94
28866;sildenafil;BIFORT;25 mg comp.rec.x 10;Finadiet;$ 13760.79;50%;$ 6880.4
34906;sildenafil;BIFORT-M;50 mg comp.mast.x 1;Finadiet;$ 186.4;50%;$ 93.2
34908;sildenafil;BIFORT-M;50 mg comp.mast.x 20;Finadiet;$ 32224.1;50%;$ 16112.05
35116;sildenafil;BIFORT-M;50 mg comp.mast.x 30;Finadiet;$ 2893.54;50%;$ 1446.77
35911;sildenafil;BIFORT-M;50 mg comp.mast.x 60;Finadiet;$ 5611.27;50%;$ 2805.64
22003;sildenafil;BIFORT;50 mg comp.rec.x 10;Finadiet;$ 17957.31;50%;$ 8978.66
31787;sildenafil;BIFORT;50 mg comp.rec.x 20;Finadiet;$ 35227.09;50%;$ 17613.55
22001;sildenafil;BIFORT;50 mg comp.rec.x 4;Finadiet;$ 7365.26;50%;$ 3682.63
39033;sildenafil;BIFORT-M;frut.50 mg comp.mast.x20;Finadiet;$ 32224.1;50%;$ 16112.05
44508;solifenacina;PISONO;10 mg comp.rec.x 20;Finadiet;$ 37928.02;50%;$ 18964.01
48294;solifenacina;PISONO;10 mg comp.rec.x 30;Finadiet;$ 55619.98;50%;$ 27809.99
44507;solifenacina;PISONO;5 mg comp.rec.x 20;Finadiet;$ 34372.62;50%;$ 17186.31
48293;solifenacina;PISONO;5 mg comp.rec.x 30;Finadiet;$ 49219.78;50%;$ 24609.89
57282;solifenacina+tamsulosina;TANSILOPROST SEC;6mg/0.4mg comp.x30;Finadiet;$ 49205.82;50%;$ 24602.91
52110;tadalafilo;TADAL 20;20 mg comp.rec.x 2;Finadiet;$ 19990.96;50%;$ 9995.48
60708;tadalafilo;TADAL HAP;20 mg comp.rec.x 30;Finadiet;$ 307044;50%;$ 153522
52111;tadalafilo;TADAL 20;20 mg comp.rec.x 4;Finadiet;$ 38988.69;50%;$ 19494.35
62281;tadalafilo;TADAL 20;20 mg comp.rec.x 8;Finadiet;$ 54886.53;50%;$ 27443.27
52112;tadalafilo;TADAL 5;5 mg comp.rec.x 28;Finadiet;$ 95897.36;50%;$ 47948.68
50295;tamsulosina;TANSILOPROST RETARD;0.4 mg comp.lib.prol.x30;Finadiet;$ 44120.94;50%;$ 22060.47
50296;tamsulosina;TANSILOPROST RETARD;0.4 mg comp.lib.prol.x60;Finadiet;$ 73566.3;50%;$ 36783.15
37808;tamsulosina;TANSILOPROST;0.4 mg cáps.x 30;Finadiet;$ 44124.53;50%;$ 22062.27
46542;tamsulosina;TANSILOPROST;0.4 mg cáps.x 60;Finadiet;$ 73566.3;50%;$ 36783.15
31286;terazosina;FOSFOMIK;2 mg comp.ran.x 30;Finadiet;$ 16795.49;50%;$ 8397.75
16334;terazosina;FOSFOMIK;5 mg comp.birran.x 20;Finadiet;$ 14350.17;50%;$ 7175.09
31287;terazosina;FOSFOMIK;5 mg comp.birran.x 30;Finadiet;$ 20193.41;50%;$ 10096.71
3657;tetraciclina+papaína;SOLUSTRES;grag.x 16;Finadiet;$ 166.84;50%;$ 83.42
45510;tiocolchicosido;MOLAGAR;4 mg a.x 6;Finadiet;$ 964.37;50%;$ 482.19
45397;tiocolchicosido;MOLAGAR;4 mg comp.x 20;Finadiet;$ 19782.81;50%;$ 9891.41
37623;tramadol;CALMADOR;100 mg a.x 6;Finadiet;$ 18935.02;50%;$ 9467.51
25392;tramadol;CALMADOR RETARD;100 mg comp.lib.prol.x10;Finadiet;$ 17505.8;50%;$ 8752.9
54934;tramadol;CALMADOR 100;100 mg/ml gts.x 10 ml;Finadiet;$ 21063.73;50%;$ 10531.87
54935;tramadol;CALMADOR 100;100 mg/ml gts.x 20 ml;Finadiet;$ 31611.58;50%;$ 15805.79
3664;tramadol;CALMADOR;50 mg comp.x 10;Finadiet;$ 8385.21;50%;$ 4192.61
23120;tramadol;CALMADOR;50 mg comp.x 20;Finadiet;$ 18218.35;50%;$ 9109.18
46848;tramadol;CALMADOR;50 mg comp.x 30;Finadiet;$ 25052.22;50%;$ 12526.11
42975;tramadol;CALMADOR;50 mg comp.x 6;Finadiet;$ 253.37;50%;$ 126.69
53920;tramadol;CALMADOR CB;50 mg cáps.x 10;Finadiet;$ 8143.75;50%;$ 4071.88
53537;tramadol;CALMADOR CB;50 mg cáps.x 20;Finadiet;$ 18109.99;50%;$ 9055
53538;tramadol;CALMADOR CB;50 mg cáps.x 30;Finadiet;$ 24686.12;50%;$ 12343.06
23121;tramadol;CALMADOR;50 mg/ml gts.x 10 ml;Finadiet;$ 14609.45;50%;$ 7304.73
23643;tramadol;CALMADOR;50 mg/ml gts.x 20 ml;Finadiet;$ 24412.28;50%;$ 12206.14
38332;tramadol+paracetamol;CALMADOR PLUS;comp.x 20;Finadiet;$ 29167.2;40%;$ 17500.32
46849;tramadol+paracetamol;CALMADOR PLUS;comp.x 30;Finadiet;$ 36718.04;40%;$ 22030.82
23085;azitromicina;OROBIOTIC;500 mg comp.x 12;Fortbenton;$ 890.36;60%;$ 356.14
22250;azitromicina;OROBIOTIC;500 mg comp.x 3;Fortbenton;$ 9686.03;60%;$ 3874.41
23083;azitromicina;OROBIOTIC;500 mg comp.x 6;Fortbenton;$ 15205.11;60%;$ 6082.04
23084;azitromicina;OROBIOTIC;500 mg comp.x 9;Fortbenton;$ 838.65;60%;$ 335.46
36695;betahistina;MENIEX;16 mg comp.x 30;Fortbenton;$ 21045.4;40%;$ 12627.24
36696;betahistina;MENIEX;16 mg comp.x 60;Fortbenton;$ 36298.9;40%;$ 21779.34
36697;betahistina;MENIEX;24 mg comp.x 30;Fortbenton;$ 31520.59;40%;$ 18912.35
45800;betahistina;MENIEX;24 mg comp.x 60;Fortbenton;$ 57709.86;40%;$ 34625.92
28303;betahistina;MENIEX;8 mg comp.x 30;Fortbenton;$ 18180.11;40%;$ 10908.07
28304;betahistina;MENIEX;8 mg comp.x 60;Fortbenton;$ 29289.17;40%;$ 17573.5
34588;betametasona+gentamic.+miconazol;CUTA;cr.x 20 g;Fortbenton;$ 17784.28;40%;$ 10670.57
26063;betametasona+salicílico,ác.+asoc;SORSIS BETA;loc.x 60 ml c/bomb.pulv.;Fortbenton;$ 15245.6;40%;$ 9147.36
17418;betanechol,cloruro;MIOTONACHOL;25 mg comp.x 100;Fortbenton;$ 55661.69;50%;$ 27830.85
17417;betanechol,cloruro;MIOTONACHOL;25 mg comp.x 30;Fortbenton;$ 26546.6;50%;$ 13273.3
17420;betanechol,cloruro;MIOTONACHOL;50 mg comp.x 100;Fortbenton;$ 75155.52;50%;$ 37577.76
17419;betanechol,cloruro;MIOTONACHOL;50 mg comp.x 30;Fortbenton;$ 42872.31;50%;$ 21436.16
38360;clindamicina+benzoílo,peróxido;PERCLIN;cr.x 30 g;Fortbenton;$ 1376.16;50%;$ 688.08
38363;clobetasol;PERFRACORT;0.05% cr.x 30 g;Fortbenton;$ 14873.58;40%;$ 8924.15
38362;clobetasol;PERFRACORT;0.05% ung.x 30 g;Fortbenton;$ 14826.12;40%;$ 8895.67
30467;coaltar+asoc.;SORSIS;shamp.x 120 ml;Fortbenton;$ 15437.8;50%;$ 7718.9
18536;coaltar+asoc.;SORSIS;shamp.x 200 ml;Fortbenton;$ 20895.39;50%;$ 10447.7
41630;desloratadina;DESALER;5 mg comp.x 10;Fortbenton;$ 12147.07;40%;$ 7288.24
41631;desloratadina;DESALER;5 mg comp.x 30;Fortbenton;$ 34321.21;40%;$ 20592.73
44970;desloratadina+betametasona;DESALER CORT;comp.x 10;Fortbenton;$ 13870.83;40%;$ 8322.5
44971;desloratadina+betametasona;DESALER CORT;comp.x 30;Fortbenton;$ 36331.38;40%;$ 21798.83
23080;doxazosina;DOXASIN;4 mg comp.x 30;Fortbenton;$ 478.96;50%;$ 239.48
18685;eritromicina;KITACNE;pomo x 30 g;Fortbenton;$ 468.03;50%;$ 234.02
24520;finasteride;ANDROPEL;1 mg comp.rec.x 30;Fortbenton;$ 25661.51;50%;$ 12830.76
38527;finasteride;UROTOTAL;comp.x 30;Fortbenton;$ 21118.96;50%;$ 10559.48
17135;fluconazol;PERIPLUM;150 mg cáps.x 2;Fortbenton;$ 8648.1;50%;$ 4324.05
17136;fluconazol;PERIPLUM;150 mg cáps.x 4;Fortbenton;$ 20623.22;50%;$ 10311.61
22587;fluconazol;PERIPLUM;150 mg cáps.x 8;Fortbenton;$ 34949.18;50%;$ 17474.59
15869;hidrocortisona;MEDROCIL;1% pomo x 30 g;Fortbenton;$ 10439.88;50%;$ 5219.94
15870;hidrocortisona;MEDROCIL;2% pomo x 30 g;Fortbenton;$ 464.84;50%;$ 232.42
34;hierro,sulfato;IBEROL;gts.x 45 ml;Fortbenton;$ 1524.86;50%;$ 762.43
20455;hierro,sulfato+asoc.;IBEROL;Gradumet 500 mg comp.x20;Fortbenton;$ 2160.95;50%;$ 1080.48
31;hierro,sulfato+asoc.;IBEROL;Gradumet 500 mg comp.x40;Fortbenton;$ 3449.59;50%;$ 1724.8
20456;hierro,sulfato+asoc.;FERRO FOLIC;comp.x 20;Fortbenton;$ 2078.25;50%;$ 1039.13
325;hierro,sulfato+asoc.;FERRO FOLIC;comp.x 60;Fortbenton;$ 3320.93;50%;$ 1660.47
30663;ketoconazol;QUADION;cr.x 15 g;Fortbenton;$ 8338.42;40%;$ 5003.05
27577;ketoconazol;QUADION;shamp.x 250 g;Fortbenton;$ 18740.83;40%;$ 11244.5
20213;loratadina;LISALER;comp.x 10;Fortbenton;$ 6010.51;40%;$ 3606.31
20214;loratadina;LISALER;comp.x 30;Fortbenton;$ 16177.19;40%;$ 9706.31
41632;loratadina+ambroxol;LORABROX;jbe.x 60 ml;Fortbenton;$ 11179.2;40%;$ 6707.52
20348;loratadina+betametasona;LISALER ß;comp.x 10;Fortbenton;$ 10804.26;40%;$ 6482.56
20349;loratadina+betametasona;LISALER ß;comp.x 30;Fortbenton;$ 24319.42;40%;$ 14591.65
1023;minoxidil;YLOX;loc.x 100 ml;Fortbenton;$ 19700.77;40%;$ 11820.46
24664;minoxidil;YLOX 5;loc.x 100 ml;Fortbenton;$ 21601.25;40%;$ 12960.75
24238;mometasona furoato;METASON;cr.x 20 g;Fortbenton;$ 12578.68;50%;$ 6289.34
28299;mometasona furoato;METASON;loc.x 30 ml;Fortbenton;$ 12433.4;50%;$ 6216.7
28300;mometasona furoato;METASON NASAL;spray nasal x 120 dosis;Fortbenton;$ 18663.68;50%;$ 9331.84
36022;mometasona furoato;METASON NASAL MINI;spray nasal x 60 dosis;Fortbenton;$ 13361.69;50%;$ 6680.85
46454;montelukast;LUKASMA;10 mg comp.x 30;Fortbenton;$ 40404.98;50%;$ 20202.49
46455;montelukast;LUKASMA;5 mg comp.mast.x 30;Fortbenton;$ 36152.7;50%;$ 18076.35
30464;mupirocina;MUPIROX;2% ung.x 15 g;Fortbenton;$ 14796.66;50%;$ 7398.33
21028;mupirocina;MUPIROX;2% ung.x 20 g;Fortbenton;$ 437.28;50%;$ 218.64
28302;mupirocina;MUPIROX NASAL;2% ung.x 5 g;Fortbenton;$ 10927.8;50%;$ 5463.9
37068;neomicina+asoc.;NEOBITIOL PIE;env.x 60 ml;Fortbenton;$ 13360.46;50%;$ 6680.23
24667;neomicina+asoc.;NEOBITIOL;spray sol.x 120 ml;Fortbenton;$ 20265.12;50%;$ 10132.56
7276;neomicina+asoc.;NEOBITIOL;spray sol.x 60 ml;Fortbenton;$ 12547.18;50%;$ 6273.59
49307;cilostazol;NOVAMAS;100 mg comp.x 30;Francelab;$ 33272.93;60%;$ 13309.17
49308;cilostazol;NOVAMAS;100 mg comp.x 60;Francelab;$ 60840.94;60%;$ 24336.38
49305;cilostazol;NOVAMAS;50 mg comp.x 30;Francelab;$ 17401.5;60%;$ 6960.6
49306;cilostazol;NOVAMAS;50 mg comp.x 60;Francelab;$ 35328.02;60%;$ 14131.21
49267;fenofibrato micronizado;TEMPLARIS;200 mg cáps.x 30;Francelab;$ 38847.86;60%;$ 15539.14
49268;fenofibrato micronizado;TEMPLARIS;200 mg cáps.x 60;Francelab;$ 61759.01;60%;$ 24703.6
42905;glibenclamida;DIABE PASS 5;5 mg comp.x 30;Francelab;$ 4955.69;100%;$ 0
38769;glibenclamida;DIABE PASS 5;5 mg comp.x 60;Francelab;$ 8909.82;100%;$ 0
38770;glimepiride;NEXT STEP 2;2 mg comp.x 30;Francelab;$ 10459.15;100%;$ 0
38772;glimepiride;NEXT STEP 4;4 mg comp.x 30;Francelab;$ 18712.77;100%;$ 0
53050;losartán;FRABAN;100 mg comp. rec.x 30;Francelab;$ 30388.45;60%;$ 12155.38
60925;losartán;FRABAN 50;50 mg comp. rec.x 30;Francelab;$ 21797.14;60%;$ 8718.86
38778;metformina;DIAB DOS 1000;1000 mg comp.rec.x 100;Francelab;$ 49146.54;100%;$ 0
43778;metformina;DIAB DOS 1000;1000 mg comp.rec.x 30;Francelab;$ 16198.06;100%;$ 0
38777;metformina;DIAB DOS 1000;1000 mg comp.rec.x 60;Francelab;$ 31226.03;100%;$ 0
38774;metformina;DIAB DOS 500;500 mg comp.rec.x 100;Francelab;$ 22152.86;100%;$ 0
43779;metformina;DIAB DOS 500;500 mg comp.rec.x 30;Francelab;$ 5969.21;100%;$ 0
38773;metformina;DIAB DOS 500;500 mg comp.rec.x 60;Francelab;$ 11891.83;100%;$ 0
38776;metformina;DIAB DOS 850;850 mg comp.rec.x 100;Francelab;$ 40408.3;100%;$ 0
43780;metformina;DIAB DOS 850;850 mg comp.rec.x 30;Francelab;$ 12181.41;100%;$ 0
38775;metformina;DIAB DOS 850;850 mg comp.rec.x 60;Francelab;$ 24248.35;100%;$ 0
48679;metformina+pioglitazona;PIOTAMAX MET 15/850;15/850 mg comp.rec.x 30;Francelab;$ 46213;50%;$ 23106.5
48680;metformina+pioglitazona;PIOTAMAX MET 15/850;15/850 mg comp.rec.x 60;Francelab;$ 87989.64;50%;$ 43994.82
38779;pioglitazona;PIOTAMAX 30;30 mg comp.x 30;Francelab;$ 35587.36;50%;$ 17793.68
38780;pioglitazona;PIOTAMAX 45;45 mg comp.birran.x 30;Francelab;$ 35655.62;50%;$ 17827.81
59621;rosuvastatina;APRENTICE;20 mg comp.ran.x 30;Francelab;$ 38845.29;60%;$ 15538.12
56337;rosuvastatina;APRENTICE;40 mg comp.trirran.x 20;Francelab;$ 42890.34;60%;$ 17156.14
47653;agomelatina;VESTIN;25 mg comp.x 28;Gador;$ 54567.14;50%;$ 27283.57
35535;allopurinol;ALLOPURINOL GADOR;100 mg comp.x 30;Gador;$ 4961.67;60%;$ 1984.67
35536;allopurinol;ALLOPURINOL GADOR;100 mg comp.x 60;Gador;$ 8917.24;60%;$ 3566.9
49651;allopurinol;ALLOPURINOL GADOR RETARD;300 mg comp.x 30;Gador;$ 1752.78;60%;$ 701.11
35537;allopurinol;ALLOPURINOL GADOR;300 mg comp.x 30;Gador;$ 11617.36;60%;$ 4646.94
35538;allopurinol;ALLOPURINOL GADOR;300 mg comp.x 60;Gador;$ 17619.93;60%;$ 7047.97
16759;alprazolam;ALPLAX;0.25 mg comp.x 30;Gador;$ 2512.59;50%;$ 1256.3
16760;alprazolam;ALPLAX;0.25 mg comp.x 60;Gador;$ 5072.43;50%;$ 2536.22
9951;alprazolam;ALPLAX;0.50 mg comp.x 30;Gador;$ 5276.63;50%;$ 2638.32
9952;alprazolam;ALPLAX;0.50 mg comp.x 60;Gador;$ 9573.71;50%;$ 4786.86
25095;alprazolam;ALPLAX XR;0.5mg comp.lib.prol.x 20;Gador;$ 6101.31;50%;$ 3050.66
25096;alprazolam;ALPLAX XR;1 mg comp.lib.prol.x 20;Gador;$ 6885.8;50%;$ 3442.9
9953;alprazolam;ALPLAX;1 mg comp.x 30;Gador;$ 8277.11;50%;$ 4138.56
9954;alprazolam;ALPLAX;1 mg comp.x 60;Gador;$ 15287.62;50%;$ 7643.81
25097;alprazolam;ALPLAX XR;2 mg comp.lib.prol.x 20;Gador;$ 8198.84;50%;$ 4099.42
12386;alprazolam;ALPLAX;2 mg comp.x 30;Gador;$ 12841.42;50%;$ 6420.71
23009;alprazolam;ALPLAX;2 mg comp.x 60;Gador;$ 24973.25;50%;$ 12486.63
18671;alprazolam+domperidona+asoc.;ALPLAX NET;comp.x 30;Gador;$ 18715.16;40%;$ 11229.1
10135;alprazolam+sulpirida;ALPLAX DIGEST;caplets x 30;Gador;$ 6895.22;50%;$ 3447.61
10136;alprazolam+sulpirida;ALPLAX DIGEST;caplets x 60;Gador;$ 13167.61;50%;$ 6583.81
3849;atenolol;ATENOLOL GADOR;100 mg comp.x 28;Gador;$ 12876.65;80%;$ 2575.33
34632;atenolol;ATENOLOL GADOR;100 mg comp.x 30;Gador;$ 13251.63;80%;$ 2650.33
10547;atenolol;ATENOLOL GADOR;100 mg comp.x 56;Gador;$ 25739.91;80%;$ 5147.98
34633;atenolol;ATENOLOL GADOR;100 mg comp.x 60;Gador;$ 26531.67;80%;$ 5306.33
17002;atenolol;ATENOLOL GADOR;25 mg comp.x 28;Gador;$ 6256.8;80%;$ 1251.36
34628;atenolol;ATENOLOL GADOR;25 mg comp.x 30;Gador;$ 6384.37;80%;$ 1276.87
17003;atenolol;ATENOLOL GADOR;25 mg comp.x 56;Gador;$ 12344.26;80%;$ 2468.85
34629;atenolol;ATENOLOL GADOR;25 mg comp.x 60;Gador;$ 12603.12;80%;$ 2520.62
3847;atenolol;ATENOLOL GADOR;50 mg comp.x 28;Gador;$ 9517.9;80%;$ 1903.58
34630;atenolol;ATENOLOL GADOR;50 mg comp.x 30;Gador;$ 9560.45;80%;$ 1912.09
10546;atenolol;ATENOLOL GADOR;50 mg comp.x 56;Gador;$ 19040.95;80%;$ 3808.19
34631;atenolol;ATENOLOL GADOR;50 mg comp.x 60;Gador;$ 19096.45;80%;$ 3819.29
33698;atomoxetina;RECIT;10 mg cáps.x 7;Gador;$ 25323.48;50%;$ 12661.74
33699;atomoxetina;RECIT;18 mg cáps.x 7;Gador;$ 25323.48;50%;$ 12661.74
33700;atomoxetina;RECIT;25 mg cáps.x 14;Gador;$ 50659.47;50%;$ 25329.74
33701;atomoxetina;RECIT;40 mg cáps.x 14;Gador;$ 50659.47;50%;$ 25329.74
33702;atomoxetina;RECIT;60 mg cáps.x 14;Gador;$ 50659.47;50%;$ 25329.74
53331;bisoprolol;BISOPIL;10 mg comp.rec.x 30;Gador;$ 21744.33;60%;$ 8697.73
53329;bisoprolol;BISOPIL;2.5 mg comp.rec.x 30;Gador;$ 8793.06;60%;$ 3517.22
53330;bisoprolol;BISOPIL;5 mg comp.rec.x 30;Gador;$ 17034.26;60%;$ 6813.7
19053;calcio,citrato;CALCIMAX;comp.rec.x 60;Gador;$ 13303.34;60%;$ 5321.34
32642;calcio,citrato;CALCIMAX FORTE;comp.x 30;Gador;$ 9517.9;60%;$ 3807.16
19054;calcio,citrato+vit.d3;CALCIMAX D3;comp.rec.x 60;Gador;$ 19636.71;40%;$ 11782.03
32641;calcio,citrato+vit.d3;CALCIMAX D3 400;comp.x 30;Gador;$ 14407.74;40%;$ 8644.64
46250;calcio,citrato+vit.d3;CALCIMAX D3 400;comp.x 60;Gador;$ 21584.4;40%;$ 12950.64
50323;carvedilol;FILTEN LP;10 mg cáps.lib.prol.x 30;Gador;$ 14275.49;60%;$ 5710.2
31297;carvedilol;FILTEN;12.5 mg comp.ran.x 28;Gador;$ 5042.89;60%;$ 2017.16
34638;carvedilol;FILTEN;12.5 mg comp.ran.x 30;Gador;$ 15402.34;60%;$ 6160.94
39995;carvedilol;FILTEN;12.5 mg comp.ran.x 56;Gador;$ 9684.79;60%;$ 3873.92
34639;carvedilol;FILTEN;12.5 mg comp.ran.x 60;Gador;$ 21797.2;60%;$ 8718.88
50324;carvedilol;FILTEN LP;20 mg cáps.lib.prol.x 30;Gador;$ 23005.52;60%;$ 9202.21
31298;carvedilol;FILTEN;25 mg comp.ran.x 28;Gador;$ 5661.42;60%;$ 2264.57
34640;carvedilol;FILTEN;25 mg comp.ran.x 30;Gador;$ 18327.2;60%;$ 7330.88
39996;carvedilol;FILTEN;25 mg comp.ran.x 56;Gador;$ 10759.33;60%;$ 4303.73
34641;carvedilol;FILTEN;25 mg comp.ran.x 60;Gador;$ 26825.86;60%;$ 10730.34
32477;carvedilol;FILTEN;3.125 mg comp.ran.x 28;Gador;$ 2224.14;60%;$ 889.66
34634;carvedilol;FILTEN;3.125 mg comp.ran.x 30;Gador;$ 7013.43;60%;$ 2805.37
39993;carvedilol;FILTEN;3.125 mg comp.ran.x 56;Gador;$ 3658.29;60%;$ 1463.32
34635;carvedilol;FILTEN;3.125 mg comp.ran.x 60;Gador;$ 8776.95;60%;$ 3510.78
50325;carvedilol;FILTEN LP;40 mg cáps.lib.prol.x 30;Gador;$ 28794.51;60%;$ 11517.8
41640;carvedilol;FILTEN;50 mg comp.ran.x 28;Gador;$ 2512.99;60%;$ 1005.2
51131;carvedilol;FILTEN;50 mg comp.ran.x 30;Gador;$ 21963.55;60%;$ 8785.42
31296;carvedilol;FILTEN;6.25 mg comp.ran.x 28;Gador;$ 4107.21;60%;$ 1642.88
34636;carvedilol;FILTEN;6.25 mg comp.ran.x 30;Gador;$ 12716.13;60%;$ 5086.45
39994;carvedilol;FILTEN;6.25 mg comp.ran.x 56;Gador;$ 6607.69;60%;$ 2643.08
34637;carvedilol;FILTEN;6.25 mg comp.ran.x 60;Gador;$ 16099.24;60%;$ 6439.7
50326;carvedilol;FILTEN LP;80 mg cáps.lib.prol.x 30;Gador;$ 34602.58;60%;$ 13841.03
39998;carvedilol+hidroclorotiazida;FILTEN D;comp.x 28;Gador;$ 8350.38;50%;$ 4175.19
51132;carvedilol+hidroclorotiazida;FILTEN D;comp.x 30;Gador;$ 20600.59;50%;$ 10300.3
9629;cefixima;NOVACEF;comp.x 8;Gador;$ 30149.38;60%;$ 12059.75
35844;cilostazol;POLICOR;100 mg comp.x 30;Gador;$ 32682.52;60%;$ 13073.01
35843;cilostazol;POLICOR;50 mg comp.x 30;Gador;$ 17323.89;60%;$ 6929.56
37885;clonazepam;DIOCAM SL;0.25 mg comp.subl.x 30;Gador;$ 5661.59;50%;$ 2830.8
19999;clonazepam;DIOCAM;0.5 mg comp.x 30;Gador;$ 9011.23;50%;$ 4505.62
21330;clonazepam;DIOCAM;0.5 mg comp.x 50;Gador;$ 12897.38;50%;$ 6448.69
50407;clonazepam;DIOCAM;0.5 mg comp.x 60;Gador;$ 15437.8;50%;$ 7718.9
33651;clonazepam;DIOCAM;1 mg comp.x 30;Gador;$ 9504.59;50%;$ 4752.3
33652;clonazepam;DIOCAM;1 mg comp.x 50;Gador;$ 15107.02;50%;$ 7553.51
50408;clonazepam;DIOCAM;1 mg comp.x 60;Gador;$ 15756.97;50%;$ 7878.49
20000;clonazepam;DIOCAM;2 mg comp.x 30;Gador;$ 10339.4;80%;$ 2067.88
21331;clonazepam;DIOCAM;2 mg comp.x 50;Gador;$ 15826.5;80%;$ 3165.3
50409;clonazepam;DIOCAM;2 mg comp.x 60;Gador;$ 15899.76;80%;$ 3179.95
17639;clozapina;LAPENAX;100 mg comp.x 30;Gador;$ 87121.54;100%;$ 0
47761;clozapina;LAPENAX;100 mg comp.x 90;Gador;$ 195612.36;100%;$ 0
17637;clozapina;LAPENAX;25 mg comp.x 100;Gador;$ 87121.54;100%;$ 0
50767;desvenlafaxina;DESLAFAX;100 mg comp.acc.prol.x30;Gador;$ 56519.76;50%;$ 28259.88
47844;desvenlafaxina;DESLAFAX;50 mg comp.lib.prol.x 30;Gador;$ 31845.08;50%;$ 15922.54
35543;diclofenac sódico;DOLVAN;100 mg AP comp.x 15;Gador;$ 1840.45;40%;$ 1104.27
45493;dienogest+valerato de estradiol;RUBI;comp.rec.x 28;Gador;$ 22978.14;50%;$ 11489.07
58280;diosmina+hesperidina micronizada;ATUREN;1000 mg comp.rec.x 30;Gador;$ 55099.41;40%;$ 33059.65
58278;diosmina+hesperidina micronizada;ATUREN;500 mg comp.rec.x 30;Gador;$ 30577.78;40%;$ 18346.67
58279;diosmina+hesperidina micronizada;ATUREN;500 mg comp.rec.x 60;Gador;$ 57328.95;40%;$ 34397.37
39042;drospirenona+estradiol;GADOFEM;env.calend.comp.rec.x 28;Gador;$ 16209.15;50%;$ 8104.58
39997;drospirenona+etinilestradiol;DAMSELLA;comp.rec.x 24 + plac.x 4;Gador;$ 25926.28;50%;$ 12963.14
36244;drospirenona+etinilestradiol;DAMSEL;comp.rec.x 28;Gador;$ 21312.32;50%;$ 10656.16
36187;duloxetina;DUXETIN;30 mg cáps.x 14;Gador;$ 30160.84;50%;$ 15080.42
36186;duloxetina;DUXETIN;60 mg cáps.x 14;Gador;$ 31048.69;50%;$ 15524.35
36185;duloxetina;DUXETIN;60 mg cáps.x 28;Gador;$ 59421.68;50%;$ 29710.84
61745;empagliflozina;ENCLYNA;10 mg comp.x 30;Gador;$ 129516.42;100%;$ 0
61746;empagliflozina;ENCLYNA;25 mg comp.x 30;Gador;$ 139205.68;100%;$ 0
33874;enalapril;GADOPRIL;10 mg comp.ran.x 100;Gador;$ 30373.84;80%;$ 6074.77
34647;enalapril;GADOPRIL;10 mg comp.ran.x 30;Gador;$ 10097.86;80%;$ 2019.57
34648;enalapril;GADOPRIL;10 mg comp.ran.x 60;Gador;$ 18573.7;80%;$ 3714.74
34643;enalapril;GADOPRIL;2.5 mg comp.ran.x 30;Gador;$ 2620.68;80%;$ 524.14
34644;enalapril;GADOPRIL;2.5 mg comp.ran.x 60;Gador;$ 5250.11;80%;$ 1050.02
33875;enalapril;GADOPRIL;20 mg comp.ran.x 100;Gador;$ 3705.1;80%;$ 741.02
34649;enalapril;GADOPRIL;20 mg comp.ran.x 30;Gador;$ 12231.13;80%;$ 2446.23
34650;enalapril;GADOPRIL;20 mg comp.ran.x 60;Gador;$ 23670.52;80%;$ 4734.1
33873;enalapril;GADOPRIL;5 mg comp.ran.x 100;Gador;$ 854.86;80%;$ 170.97
34645;enalapril;GADOPRIL;5 mg comp.ran.x 30;Gador;$ 5530.93;80%;$ 1106.19
34646;enalapril;GADOPRIL;5 mg comp.ran.x 60;Gador;$ 10895.19;80%;$ 2179.04
34121;enalapril+hidroclorotiazida;GADOPRIL D;10/25 mg comp.x 30;Gador;$ 15429.3;80%;$ 3085.86
45554;eplerenona;EPLERONA;25 mg comp.rec.x 30;Gador;$ 24401.77;50%;$ 12200.89
45555;eplerenona;EPLERONA;50 mg comp.rec.x 30;Gador;$ 35430.21;50%;$ 17715.11
59700;escitalopram;NEXDIA;10 mg comp.rec.x 28;Gador;$ 33949.1;50%;$ 16974.55
63551;escitalopram;NEXDIA;10 mg comp.rec.x 30;Gador;$ 33949.09;50%;$ 16974.55
59701;escitalopram;NEXDIA;20 mg comp.rec.x 28;Gador;$ 60329.3;50%;$ 30164.65
63552;escitalopram;NEXDIA;20 mg comp.rec.x 30;Gador;$ 60329.32;50%;$ 30164.66
36970;espironolactona;DRIMUX A;100 mg comp.x 30;Gador;$ 13058.86;50%;$ 6529.43
36968;espironolactona;DRIMUX A;25 mg comp.x 30;Gador;$ 11907.71;50%;$ 5953.86
36969;espironolactona;DRIMUX A;50 mg comp.x 30;Gador;$ 13245.19;50%;$ 6622.6
40048;eszopiclona;NOVO INSOMNIUM;2 mg comp.x 30;Gador;$ 12449.28;50%;$ 6224.64
40049;eszopiclona;NOVO INSOMNIUM;3 mg comp.x 30;Gador;$ 16270.76;50%;$ 8135.38
35113;ezetimibe;CORACIL;10 mg comp.x 30;Gador;$ 19845.48;50%;$ 9922.74
46474;fenofíbrico,ác.;GADOLIP;135 mg cáps.x 30;Gador;$ 40206.81;60%;$ 16082.72
46473;fenofíbrico,ác.;GADOLIP;45 mg cáps.x 30;Gador;$ 34106.12;60%;$ 13642.45
23008;fluoxetina;FOXETIN 10;10 mg comp.x 30;Gador;$ 22365.62;50%;$ 11182.81
821;fluoxetina;FOXETIN;20 mg comp.x 20;Gador;$ 15906.47;50%;$ 7953.24
34642;fluoxetina;FOXETIN;20 mg comp.x 30;Gador;$ 26488.93;50%;$ 13244.47
12276;fluoxetina;FOXETIN;20 mg comp.x 40;Gador;$ 31555.33;50%;$ 15777.67
16361;fluoxetina;FOXETIN;20 mg comp.x 60;Gador;$ 50945.73;50%;$ 25472.87
18401;flurbiprofeno;CLINADOL FORTE;100 mg comp.x 16;Gador;$ 8486.38;40%;$ 5091.83
18400;flurbiprofeno;CLINADOL FORTE;100 mg comp.x 8;Gador;$ 5402.07;40%;$ 3241.24
41619;flurbiprofeno;CLINADOL FORTE AP;200mgcomp.rec.lib.prolx8;Gador;$ 9076.29;40%;$ 5445.77
45673;flurbiprofeno;CLINADOL COLUTORIO;frasco x 150 ml;Gador;$ 10882.18;40%;$ 6529.31
35547;fosfato disódico+fosfato monosód;GADOLAX;sol.oral x 45 ml;Gador;$ 13831.86;50%;$ 6915.93
45385;gammaglobulina antitetán.+toxoid;GAMMATET T;250UI jga.prell.+toxoide;Gador;$ 5471.79;50%;$ 2735.9
43473;glimepiride;HIPOGLUT 2;2 mg comp.x 30;Gador;$ 12185.91;100%;$ 0
43474;glimepiride;HIPOGLUT 4;4 mg comp.x 30;Gador;$ 22428.11;100%;$ 0
45014;glimepiride+metformina;HIPOGLUT MET;2mg/1000mg x 30 comp.;Gador;$ 15495.18;50%;$ 7747.59
45013;glimepiride+metformina;HIPOGLUT MET;2mg/500mg x 30 comp.;Gador;$ 15029.08;50%;$ 7514.54
45015;glimepiride+metformina;HIPOGLUT MET;4mg/1000mg x 30 comp.;Gador;$ 26328.06;50%;$ 13164.03
28135;lercanidipina;LERCADIP;10 mg comp.rec.x 30;Gador;$ 31168.45;50%;$ 15584.23
50758;lercanidipina;LERCADIP;10 mg comp.rec.x 60;Gador;$ 59035.36;50%;$ 29517.68
38573;lercanidipina;LERCADIP;20 mg comp.rec.x 30;Gador;$ 47011.86;50%;$ 23505.93
50759;lercanidipina;LERCADIP;20 mg comp.rec.x 60;Gador;$ 82438.39;50%;$ 41219.2
60572;levetiracetam;ETABYX;1000 mg comp.x 30;Gador;$ 125240.27;50%;$ 62620.14
60570;levetiracetam;ETABYX;500 mg comp.rec.x 30;Gador;$ 63847.98;50%;$ 31923.99
60571;levetiracetam;ETABYX;500 mg comp.rec.x 60;Gador;$ 117873.2;50%;$ 58936.6
22495;levonorgestrel+etinilestradiol;APRIL;comp.x 21;Gador;$ 5727.55;50%;$ 2863.78
41701;levonorgestrel+etinilestradiol;APRIL 28;comp.x 28;Gador;$ 5842.03;50%;$ 2921.02
19939;levonorgestrel+etinilestradiol;TRIDESTAN N;grag.x 21;Gador;$ 7819.52;50%;$ 3909.76
53085;losartán;PAXON XR;100 mg comp.lib.cont.x30;Gador;$ 47260.33;60%;$ 18904.13
33200;losartán;PAXON;100 mg comp.rec.x 28;Gador;$ 1143.46;60%;$ 457.38
34653;losartán;PAXON;100 mg comp.rec.x 30;Gador;$ 31974.93;60%;$ 12789.97
45744;losartán;PAXON;100 mg comp.rec.x 56;Gador;$ 4387.72;60%;$ 1755.09
48981;losartán;PAXON;100 mg comp.rec.x 60;Gador;$ 57781.47;60%;$ 23112.59
17001;losartán;PAXON;50 mg comp.rec.x 28;Gador;$ 1882.86;60%;$ 753.14
34652;losartán;PAXON;50 mg comp.rec.x 30;Gador;$ 26775.09;60%;$ 10710.04
45743;losartán;PAXON;50 mg comp.rec.x 56;Gador;$ 1884.02;60%;$ 753.61
48980;losartán;PAXON;50 mg comp.rec.x 60;Gador;$ 50519.22;60%;$ 20207.69
51324;losartán+hidroclorotiazida;PAXON D;100/12.5 mg comp.rec.x30;Gador;$ 34244.53;50%;$ 17122.27
39044;losartán+hidroclorotiazida;PAXON D;100/25 mg comp.rec.x 28;Gador;$ 2434.58;50%;$ 1217.29
51325;losartán+hidroclorotiazida;PAXON D;100/25 mg comp.rec.x 30;Gador;$ 34565.6;50%;$ 17282.8
24787;losartán+hidroclorotiazida;PAXON D;50/12.5 mg comp.rec.x 28;Gador;$ 1130.34;50%;$ 565.17
48982;losartán+hidroclorotiazida;PAXON D;50/12.5 mg comp.rec.x 30;Gador;$ 31202.59;50%;$ 15601.3
45745;losartán+hidroclorotiazida;PAXON D;50/12.5 mg comp.rec.x 56;Gador;$ 2243.53;50%;$ 1121.77
48983;losartán+hidroclorotiazida;PAXON D;50/12.5 mg comp.rec.x 60;Gador;$ 61727.25;50%;$ 30863.63
33936;mazindol;DIMAGRIR;caps.x 30;Gador;$ 2264.32;50%;$ 1132.16
51920;memantine;TONIBRAL XR;14 mg cáps.x 10;Gador;$ 1132.25;50%;$ 566.13
51922;memantine;TONIBRAL XR;21 mg cáps.x 10;Gador;$ 1466.78;50%;$ 733.39
53416;memantine+donepecilo;ALZETIX;14/10mg cáps.x 30;Gador;$ 58171.78;50%;$ 29085.89
53417;memantine+donepecilo;ALZETIX;28/10mg cáps.x 30;Gador;$ 64886.97;50%;$ 32443.49
34159;meprednisona;CORTIPYREN B;4 mg comp.x 20;Gador;$ 7689.99;50%;$ 3845
3867;meprednisona;CORTIPYREN B;40 mg comp.x 20;Gador;$ 46148.72;50%;$ 23074.36
12718;meprednisona;CORTIPYREN B;8 mg comp.x 20;Gador;$ 16819.02;50%;$ 8409.51
43467;metformina;DIABESIL;500 mg comp.rec.x 30;Gador;$ 5695.87;100%;$ 0
43468;metformina;DIABESIL;500 mg comp.rec.x 60;Gador;$ 13608.15;100%;$ 0
51434;metformina;DIABESIL AP 1000;AP 1000 mg comp.rec.x100;Gador;$ 48674.05;100%;$ 0
43471;metformina;DIABESIL AP 1000;AP 1000 mg comp.rec.x30;Gador;$ 16066.29;100%;$ 0
43472;metformina;DIABESIL AP 1000;AP 1000 mg comp.rec.x60;Gador;$ 29501.02;100%;$ 0
51550;metformina;DIABESIL AP 500;AP 500 mg comp.rec.x100;Gador;$ 31943.19;100%;$ 0
49653;metformina;DIABESIL AP 500;AP 500 mg comp.rec.x30;Gador;$ 10125.69;100%;$ 0
49654;metformina;DIABESIL AP 500;AP 500 mg comp.rec.x60;Gador;$ 19227.24;100%;$ 0
51433;metformina;DIABESIL AP 850;AP 850 mg comp.rec.x 100;Gador;$ 39892.59;100%;$ 0
43469;metformina;DIABESIL AP 850;AP 850 mg comp.rec.x30;Gador;$ 12149.77;100%;$ 0
43470;metformina;DIABESIL AP 850;AP 850 mg comp.rec.x60;Gador;$ 23942.17;100%;$ 0
30326;metimazol;DANANTIZOL;20 mg comp.x 30;Gador;$ 9491.12;50%;$ 4745.56
3869;metimazol;DANANTIZOL;5 mg comp.x 100;Gador;$ 7157.17;50%;$ 3578.59
52482;metoclopramida;RELIVERAN INYECTABLE;10 mg a.x 3 x 2 ml;Gador;$ 10614.01;50%;$ 5307.01
52483;metoclopramida;RELIVERAN INYECTABLE;10 mg a.x 6 x 2 ml;Gador;$ 20163.84;50%;$ 10081.92
2219;metoclopramida;RELIVERAN;ad.gts.x 20 ml;Gador;$ 8854.63;50%;$ 4427.32
2220;metoclopramida;RELIVERAN;ad.gts.x 60 ml;Gador;$ 22304.24;50%;$ 11152.12
17396;metoclopramida;RELIVERAN SUBLINGUAL;comp.x 10;Gador;$ 10619.09;50%;$ 5309.55
2216;metoclopramida;RELIVERAN;comp.x 20;Gador;$ 4874.98;50%;$ 2437.49
2217;metoclopramida;RELIVERAN;nñ.gts.x 20 ml;Gador;$ 6432.91;50%;$ 3216.46
52016;nebivolol;GADOCOR;10 mg comp.ran.x 30;Gador;$ 37507.86;50%;$ 18753.93
52015;nebivolol;GADOCOR;5 mg comp.birran.x 30;Gador;$ 19617.64;50%;$ 9808.82
34477;olanzapina;MIDAX;10 mg IM iny.vial x 1;Gador;$ 677.14;50%;$ 338.57
19884;olanzapina;MIDAX;10mg comp.x14 (Imp.);Gador;$ 90355.45;50%;$ 45177.73
62100;olanzapina;MIDAX;10mg comp.x28 (Nac.);Gador;$ 176694.16;50%;$ 88347.08
61891;olanzapina;MIDAX;2.5 mg comp.x 28 (Nac.);Gador;$ 61312.46;50%;$ 30656.23
62097;olanzapina;MIDAX;5mg comp.x14 (Nac.);Gador;$ 45300.12;50%;$ 22650.06
62098;olanzapina;MIDAX;5mg comp.x28 (Nac.);Gador;$ 90168.83;50%;$ 45084.42
54036;pregabalina;GAVIN;150 mg caps.x 60;Gador;$ 7977.04;50%;$ 3988.52
41699;pregabalina;GAVIN;150 mg cáps.x 28;Gador;$ 56996.39;50%;$ 28498.2
54035;pregabalina;GAVIN;150 mg cáps.x 30;Gador;$ 62450.64;50%;$ 31225.32
54030;pregabalina;GAVIN;25 mg caps.x 60;Gador;$ 1621.16;50%;$ 810.58
46190;pregabalina;GAVIN;25 mg cáps.x 28;Gador;$ 12470.41;50%;$ 6235.21
54029;pregabalina;GAVIN;25 mg cáps.x 30;Gador;$ 13024.01;50%;$ 6512.01
54038;pregabalina;GAVIN;300 mg caps.x 60;Gador;$ 10886.39;50%;$ 5443.2
41700;pregabalina;GAVIN;300 mg cáps.x 28;Gador;$ 78436.48;50%;$ 39218.24
54037;pregabalina;GAVIN;300 mg cáps.x 30;Gador;$ 82944.23;50%;$ 41472.12
54032;pregabalina;GAVIN;50 mg caps.x 60;Gador;$ 3554.92;50%;$ 1777.46
48389;pregabalina;GAVIN;50 mg cáps.x 28;Gador;$ 25184.97;50%;$ 12592.49
54031;pregabalina;GAVIN;50 mg cáps.x 30;Gador;$ 29029.5;50%;$ 14514.75
41697;pregabalina;GAVIN;75 mg caps.x 14;Gador;$ 1476.45;50%;$ 738.23
54034;pregabalina;GAVIN;75 mg caps.x 60;Gador;$ 4266.28;50%;$ 2133.14
48390;pregabalina;GAVIN 75 BIRRANURADO;75 mg comp.birran.x 30;Gador;$ 40850.53;50%;$ 20425.27
54039;pregabalina;GAVIN 75 BIRRANURADO;75 mg comp.birran.x 60;Gador;$ 4466.64;50%;$ 2233.32
41698;pregabalina;GAVIN;75 mg cáps.x 28;Gador;$ 33329.43;50%;$ 16664.72
54033;pregabalina;GAVIN;75 mg cáps.x 30;Gador;$ 39985.13;50%;$ 19992.57
3908;propranolol;PROPRANOLOL GADOR;10 mg comp.x 20;Gador;$ 2173;60%;$ 869.2
12900;propranolol;PROPRANOLOL GADOR;40 mg comp.x 100;Gador;$ 9986.23;60%;$ 3994.49
9130;propranolol;PROPRANOLOL GADOR;40 mg comp.x 50;Gador;$ 4757.94;60%;$ 1903.18
3910;propranolol;PROPRANOLOL GADOR;80 mg comp.x 50;Gador;$ 7515.47;60%;$ 3006.19
62362;quetiapina;ANELKA;100 mg comp.rec.x 30;Gador;$ 79074.25;50%;$ 39537.13
62363;quetiapina;ANELKA;200 mg comp.rec.x 30;Gador;$ 98967.93;50%;$ 49483.97
62361;quetiapina;ANELKA;25 mg comp.rec.x 30;Gador;$ 43791.12;50%;$ 21895.56
62364;quetiapina;ANELKA;300 mg comp.rec.x 30;Gador;$ 138880.41;50%;$ 69440.21
30329;risperidona;RISPERIN;0.25 mg comp.x 20;Gador;$ 3148.33;50%;$ 1574.17
30330;risperidona;RISPERIN;0.50 mg comp.x 20;Gador;$ 7885.26;50%;$ 3942.63
51258;risperidona;RISPERIN;0.50 mg comp.x 60;Gador;$ 21533.74;50%;$ 10766.87
14548;risperidona;RISPERIN;1 mg comp.x 20;Gador;$ 12739.08;50%;$ 6369.54
14549;risperidona;RISPERIN;1 mg comp.x 60;Gador;$ 29165.54;50%;$ 14582.77
44445;risperidona;RISPERIN;1mg/ml sol.oral x 30 ml;Gador;$ 28268.04;50%;$ 14134.02
14550;risperidona;RISPERIN;2 mg comp.x 20;Gador;$ 25668.69;50%;$ 12834.35
14551;risperidona;RISPERIN;2 mg comp.x 60;Gador;$ 76613.14;50%;$ 38306.57
14552;risperidona;RISPERIN;3 mg comp.x 20;Gador;$ 26199.41;50%;$ 13099.71
14553;risperidona;RISPERIN;3 mg comp.x 60;Gador;$ 98134.59;50%;$ 49067.3
23228;risperidona;RISPERIN;4 mg comp.x 20;Gador;$ 2246.43;50%;$ 1123.22
34010;rosuvastatina;SINLIP;10 mg comp.rec.x 30;Gador;$ 25092.11;60%;$ 10036.84
45250;rosuvastatina;SINLIP;10 mg comp.rec.x 60;Gador;$ 49494.25;60%;$ 19797.7
34011;rosuvastatina;SINLIP;20 mg comp.rec.x 30;Gador;$ 44506.21;60%;$ 17802.48
45251;rosuvastatina;SINLIP;20 mg comp.rec.x 60;Gador;$ 86026.28;60%;$ 34410.51
51038;rosuvastatina;SINLIP;40 mg comp.rec.x 30;Gador;$ 76058.66;60%;$ 30423.46
36971;rosuvastatina;SINLIP;5 mg comp.rec.x 30;Gador;$ 16440.95;60%;$ 6576.38
45253;rosuvastatina;SINLIP;5 mg comp.rec.x 60;Gador;$ 31357.7;60%;$ 12543.08
58354;rosuvastatina+ezetimibe;SINLIP EZ;10/10 mg comp.rec.x 30;Gador;$ 32354.31;50%;$ 16177.16
60504;rosuvastatina+ezetimibe;SINLIP EZ;20/10 mg comp.rec.x 30;Gador;$ 49113.83;50%;$ 24556.92
22121;sildenafil;SEGUREX;100 mg comp.x 2;Gador;$ 4009.52;50%;$ 2004.76
22120;sildenafil;SEGUREX;50 mg comp.x 4;Gador;$ 2851.47;50%;$ 1425.74
50353;sitagliptina;XELEVIA;100 mg comp.rec.x 28;Gador;$ 116665.34;100%;$ 0
50348;sitagliptina;XELEVIA;25 mg comp.rec.x 28;Gador;$ 94143.94;100%;$ 0
50351;sitagliptina;XELEVIA;50 mg comp.rec.x 28;Gador;$ 108856.01;100%;$ 0
51016;sitagliptina+metformina,clorh.;XELEVIA MET XR;100/1000 mg comp.AP x 28;Gador;$ 126752.42;100%;$ 0
51017;sitagliptina+metformina,clorh.;XELEVIA MET XR;50/1000 mg comp.AP x 56;Gador;$ 140790.63;100%;$ 0
50350;sitagliptina+metformina,clorh.;XELEVIA MET;50/1000 mg comp.rec.x 28;Gador;$ 74234.41;100%;$ 0
50352;sitagliptina+metformina,clorh.;XELEVIA MET;50/1000 mg comp.rec.x 56;Gador;$ 140566.96;100%;$ 0
50346;sitagliptina+metformina,clorh.;XELEVIA MET;50/500 mg comp.rec.x 28;Gador;$ 63530.89;100%;$ 0
50347;sitagliptina+metformina,clorh.;XELEVIA MET;50/850 mg comp.rec.x 28;Gador;$ 61166.47;100%;$ 0
50349;sitagliptina+metformina,clorh.;XELEVIA MET;50/850 mg comp.rec.x 56;Gador;$ 125166.67;100%;$ 0
47906;sodio,divalproato;DIVALPREX;250 mg comp.x 50;Gador;$ 33311.42;80%;$ 6662.28
47907;sodio,divalproato;DIVALPREX;500 mg comp.x 50;Gador;$ 63631.12;80%;$ 12726.22
3875;sodio,fosfato;ENEMOL;sol.x 135 ml;Gador;$ 8369.42;50%;$ 4184.71
37890;solifenacina;VESICARE;10 mg comp.rec.x 20;Gador;$ 39183.54;50%;$ 19591.77
51138;solifenacina;VESICARE;10 mg comp.rec.x 30;Gador;$ 58777.01;50%;$ 29388.51
37889;solifenacina;VESICARE;5 mg comp.rec.x 20;Gador;$ 35481.2;50%;$ 17740.6
51137;solifenacina;VESICARE;5 mg comp.rec.x 30;Gador;$ 53230.44;50%;$ 26615.22
22906;tamsulosina;OMNIC;0.4mg caps.lib.cont.x 30;Gador;$ 1251.29;50%;$ 625.65
37219;tamsulosina;OMNIC OCAS;0.4mg comp.lib.prol.x 30;Gador;$ 44771.87;50%;$ 22385.94
51153;tamsulosina;OMNIC OCAS;0.4mg comp.lib.prol.x 60;Gador;$ 78465.81;50%;$ 39232.91
3853;tióctico,ác.;BILETAN;25 mg grag.x 40;Gador;$ 6746.42;50%;$ 3373.21
30791;tióctico,ác.;BILETAN FORTE;50 mg comp.revest.x 20;Gador;$ 10103.45;50%;$ 5051.73
50165;tióctico,ác.;BILETAN FORTE;50 mg comp.revest.x 30;Gador;$ 15912.61;50%;$ 7956.31
23010;tióctico,ác.;BILETAN FORTE;50 mg comp.revest.x 40;Gador;$ 19458.1;50%;$ 9729.05
50166;tióctico,ác.;BILETAN FORTE;50 mg comp.revest.x 60;Gador;$ 30647.88;50%;$ 15323.94
46309;tióctico,ác.;NEURO BILETAN;600 mg comp.rec.x 30;Gador;$ 46688.74;50%;$ 23344.37
46307;tióctico,ác.;BILETAN FORTE 200;comp.rec.x 20;Gador;$ 32698.02;50%;$ 16349.01
3854;tióctico,ác.;BILETAN FORTE;iny.a.x 5 x 2 ml;Gador;$ 7334.87;50%;$ 3667.44
8100;tióctico,ác.+pancreatina+asoc.;BILETAN ENZIMATICO;comp.rec.x 20;Gador;$ 8740.07;50%;$ 4370.04
50167;tióctico,ác.+pancreatina+asoc.;BILETAN ENZIMATICO;comp.rec.x 30;Gador;$ 13014.31;50%;$ 6507.16
3852;tióctico,ác.+pancreatina+asoc.;BILETAN ENZIMATICO;comp.rec.x 40;Gador;$ 16205.28;50%;$ 8102.64
50168;tióctico,ác.+pancreatina+asoc.;BILETAN ENZIMATICO;comp.rec.x 60;Gador;$ 23933.47;50%;$ 11966.74
57480;valsartán;PALIAX;160 mg comp.rec.x 30;Gador;$ 33871.53;60%;$ 13548.61
57481;valsartán;PALIAX;320 mg comp.rec.x 30;Gador;$ 36213.08;60%;$ 14485.23
57479;valsartán;PALIAX;80 mg comp.rec.x 30;Gador;$ 25666.62;60%;$ 10266.65
57483;valsartán+hidroclorotiazida;PALIAX D;160/12.5mg comp.rec.x 30;Gador;$ 28607.24;50%;$ 14303.62
57484;valsartán+hidroclorotiazida;PALIAX D;160/25 mg comp.rec.x 30;Gador;$ 34724.47;50%;$ 17362.24
57485;valsartán+hidroclorotiazida;PALIAX D;320/25 mg comp.rec.x 30;Gador;$ 38210.01;50%;$ 19105.01
57482;valsartán+hidroclorotiazida;PALIAX D;80/12.5 mg comp.rec.x 30;Gador;$ 25521.63;50%;$ 12760.82
31493;venlafaxina;ELAFAX XR;150 mg comp.x 28;Gador;$ 39144.19;50%;$ 19572.1
32714;venlafaxina;ELAFAX LP;150 mg cáps.x 28;Gador;$ 37004.26;50%;$ 18502.13
15445;venlafaxina;ELAFAX;25 mg comp.x 30;Gador;$ 10054.44;50%;$ 5027.22
32710;venlafaxina;ELAFAX LP;37.5 mg cáps.x 14;Gador;$ 13322.8;50%;$ 6661.4
15446;venlafaxina;ELAFAX;50 mg comp.x 30;Gador;$ 14270.52;50%;$ 7135.26
31492;venlafaxina;ELAFAX XR;75 mg comp.x 28;Gador;$ 28336.63;50%;$ 14168.32
15447;venlafaxina;ELAFAX;75 mg comp.x 30;Gador;$ 20481.82;50%;$ 10240.91
32712;venlafaxina;ELAFAX LP;75 mg cáps.x 28;Gador;$ 27720.36;50%;$ 13860.18
57563;vit.d3;GADOFEROL CB;100000 UI cáps.bl. x 1;Gador;$ 11916.74;40%;$ 7150.04
57564;vit.d3;GADOFEROL CB;100000 UI cáps.bl. x 2;Gador;$ 18955.64;40%;$ 11373.38
63431;vit.d3;GADOFEROL CB;100000 UI cáps.bl. x 4;Gador;$ 35114.58;40%;$ 21068.75
57565;vit.d3;GADOFEROL CB;50000 UI cáps.bl. x 2;Gador;$ 14111;40%;$ 8466.6
51981;vit.d3;GADOFEROL;sol.oral x 2 ml;Gador;$ 10824.32;40%;$ 6494.59
11984;zolpidem;SOMIT;10 mg comp.x 30;Gador;$ 15548.13;50%;$ 7774.07
42671;zolpidem;SOMIT CR;12.5 mg comp.lib.mod.x30;Gador;$ 23727.55;50%;$ 11863.78
51429;zolpidem;SOMIT INTERSUEÑO;3.5 mg comp.subl.x 15;Gador;$ 716.87;50%;$ 358.44
49118;zolpidem;SOMIT;5 mg comp.x 30;Gador;$ 12714.88;50%;$ 6357.44
42670;zolpidem;SOMIT CR;6.25 mg comp.lib.mod.x30;Gador;$ 18709.02;50%;$ 9354.51
7584;zopiclona;INSOMNIUM;comp.x 30;Gador;$ 14059.48;50%;$ 7029.74
53084;ácido omega 3-ésteres etílicos a;OMECAP 90;cáps.blandas x 30;Gador;$ 59688.98;40%;$ 35813.39
47886;adapaleno+benzoílo,peróxido;EPIDUO;gel x 45 g;Galderma;$ 853.1;50%;$ 426.55
49102;alfatradiol;AVIXIS;sol.tóp.c/aplic.x 200 ml;Galderma;$ 48540.94;50%;$ 24270.47
11849;benzoílo,peróxido;BENZIHEX AC;10% gel x 60 g;Galderma;$ 2898.01;50%;$ 1449.01
11848;benzoílo,peróxido;BENZIHEX AC;5% gel x 60 g;Galderma;$ 26137.62;50%;$ 13068.81
43803;clobetasol;CLOB-X SHAMPOO;0.05% shamp.x 125 ml;Galderma;$ 33475.93;40%;$ 20085.56
17312;coaltar+asoc.;IONIL T;shamp.x 125 ml;Galderma;$ 540;50%;$ 270
20954;limeciclina;TETRALYSAL;150 mg cáps.x 32;Galderma;$ 40848.71;50%;$ 20424.36
35574;limeciclina;TETRALYSAL;300 mg cáps.x 28;Galderma;$ 45254.56;50%;$ 22627.28
39696;metronidazol;ROZEX;0.75% emuls.x 30 g;Galderma;$ 750.44;50%;$ 375.22
46537;metronidazol;ROZEX;0.75% gel x 30 g;Galderma;$ 33280.88;50%;$ 16640.44
46536;metronidazol;ROZEX;cr. x 30 g;Galderma;$ 33280.88;50%;$ 16640.44
12412;retinoico,ác.;RETACNYL;0.025% cr.x 30 g;Galderma;$ 571.73;50%;$ 285.87
12417;retinoico,ác.;RETACNYL;0.050% cr.x 30 g;Galderma;$ 3502.85;50%;$ 1751.43
39066;hierro,sacarosa;ENERGAVIT;100 mg/5 ml iny.a.x 1;Gemabiotech;$ 1721.72;50%;$ 860.86
38214;diclofenac potásico+paracetamol;TAFIROL ARTRO;50/500 mg comp.rec.x 20;Genomma Lab.;$ 26941.77;40%;$ 16165.06
29983;paracetamol;TAFIROL 1 G;comp.ran.x 50;Genomma Lab.;$ 14899.26;40%;$ 8939.56
45318;paracetamol;TAFIROL 1 G;comp.ran.x 80;Genomma Lab.;$ 25242.18;40%;$ 15145.31
18309;antígeno hepatitis a;HAVRIX 720 EL.U. MONO DOSIS;jga.prell.x 1;GlaxoSmithKline;$ 70990.15;50%;$ 35495.08
19569;antígeno hepatitis a;HAVRIX 1440 EL.U. ADULTOS;jga.prell.x 1;GlaxoSmithKline;$ 79047.17;50%;$ 39523.59
17888;antígeno hepatitis b;ENGERIX-B PEDIATRICO;jga.prell.x 0.5 ml;GlaxoSmithKline;$ 862.49;50%;$ 431.25
17887;antígeno hepatitis b;ENGERIX-B;jga.prell.x 1 ml;GlaxoSmithKline;$ 27545.33;50%;$ 13772.67
1475;betametasona;BETNOVATE;cr.x 15 g;GlaxoSmithKline;$ 9133.37;50%;$ 4566.69
3970;betametasona;BETNOVATE;cr.x 30 g;GlaxoSmithKline;$ 15924.22;50%;$ 7962.11
3338;betametasona;BETNOVATE CAPILAR;loc.x 30 ml;GlaxoSmithKline;$ 11022.01;50%;$ 5511.01
1550;betametasona+neomicina;BETNOVATE N;cr.x 15 g;GlaxoSmithKline;$ 17580.58;40%;$ 10548.35
3973;betametasona+neomicina;BETNOVATE N;cr.x 30 g;GlaxoSmithKline;$ 27501.45;40%;$ 16500.87
41544;bupropión;WELLBUTRIN XL;150mg comp.lib.ext.x 30;GlaxoSmithKline;$ 128155.01;40%;$ 76893.01
41545;bupropión;WELLBUTRIN XL;300mg comp.lib.ext.x 30;GlaxoSmithKline;$ 213363.89;40%;$ 128018.33
9691;cetirizina;ZYRTEC;10 mg comp.x 10;GlaxoSmithKline;$ 21203.43;40%;$ 12722.06
6379;cetirizina;SALVALERG;10 mg comp.x 10;GlaxoSmithKline;$ 21064.28;40%;$ 12638.57
9692;cetirizina;ZYRTEC;10 mg comp.x 30;GlaxoSmithKline;$ 55733.52;40%;$ 33440.11
20534;cetirizina;SALVALERG;10 mg comp.x 30;GlaxoSmithKline;$ 55402.25;40%;$ 33241.35
33845;clindamicina+benzoílo,peróxido;CLINDOXYL;gel x 30 g;GlaxoSmithKline;$ 3920.18;50%;$ 1960.09
6548;clobetasol;DERMADEX;cr.x 15 g;GlaxoSmithKline;$ 23060.99;40%;$ 13836.59
3998;clobetasol;DERMADEX;cr.x 30 g;GlaxoSmithKline;$ 45225.11;40%;$ 27135.07
4001;clobetasol;DERMADEX CAPILAR;loc.x 30 ml;GlaxoSmithKline;$ 35748.04;40%;$ 21448.82
6549;clobetasol;DERMADEX;ung.x 15 g;GlaxoSmithKline;$ 21854.67;40%;$ 13112.8
4000;clobetasol;DERMADEX;ung.x 30 g;GlaxoSmithKline;$ 41886.55;40%;$ 25131.93
38295;dutasteride;AVODART;0.5 mg cáps.x 30;GlaxoSmithKline;$ 49355.8;50%;$ 24677.9
47034;dutasteride+tamsulosina;DUODART;0.5/0.4 mg cáps.x 30;GlaxoSmithKline;$ 78818.95;50%;$ 39409.48
19692;fluticasona;FLIXOTIDE;125 mcg inh. dosis x 120;GlaxoSmithKline;$ 55506.93;80%;$ 11101.39
19691;fluticasona;FLIXOTIDE;125 mcg inh. dosis x 60;GlaxoSmithKline;$ 31833.01;80%;$ 6366.6
18764;fluticasona;FLIXOTIDE;250 mcg diskus x 60;GlaxoSmithKline;$ 1639.69;80%;$ 327.94
19693;fluticasona;FLIXOTIDE;250 mcg inh. dosis x 120;GlaxoSmithKline;$ 57137.43;80%;$ 11427.49
14962;fluticasona;FLIXOTIDE;250 mcg inh.dosis x 60;GlaxoSmithKline;$ 32648.69;80%;$ 6529.74
19690;fluticasona;FLIXOTIDE;50 mcg inh. dosis x 120;GlaxoSmithKline;$ 39197.63;80%;$ 7839.53
12997;fluticasona;FLIXONASE ACUOSO NASAL;inh.dosis x 120;GlaxoSmithKline;$ 29610.85;80%;$ 5922.17
28609;fluticasona+salmeterol;SERETIDE AEROSOL HFA;25/125mcg HFA dosis x120;GlaxoSmithKline;$ 90952.52;60%;$ 36381.01
28610;fluticasona+salmeterol;SERETIDE AEROSOL HFA;25/250mcg HFA dosis x120;GlaxoSmithKline;$ 93216.59;60%;$ 37286.64
28608;fluticasona+salmeterol;SERETIDE AEROSOL HFA;25/50 mcg HFA dosis x120;GlaxoSmithKline;$ 83004.48;60%;$ 33201.79
24351;fluticasona+salmeterol;SERETIDE DISKUS;50/100 mcg dosis x 60;GlaxoSmithKline;$ 83043.42;60%;$ 33217.37
24352;fluticasona+salmeterol;SERETIDE DISKUS;50/250 mcg dosis x 60;GlaxoSmithKline;$ 91608.94;60%;$ 36643.58
26250;fluticasona+salmeterol;SERETIDE DISKUS;50/500 mcg dosis x 60;GlaxoSmithKline;$ 93222.46;60%;$ 37288.98
42203;fluticasona,furoato;ALENYS;inh.nasal ds.x 120;GlaxoSmithKline;$ 25324.24;80%;$ 5064.85
60760;fluticasona,furoato+umeclidinio+;TRELEGY ELLIPTA;200 mcg inh.x 30 dosis;GlaxoSmithKline;$ 138524.75;50%;$ 69262.38
55847;fluticasona,furoato+umeclidinio+;TRELEGY ELLIPTA;92/55/22mcg inh.x30dosis;GlaxoSmithKline;$ 138638.7;50%;$ 69319.35
51204;fluticasona,furoato+vilanterol;RELVAR ELLIPTA;184/22 mcg x 30 dosis;GlaxoSmithKline;$ 74669.43;50%;$ 37334.72
51203;fluticasona,furoato+vilanterol;RELVAR ELLIPTA;92/22 mcg x 30 dosis;GlaxoSmithKline;$ 73855.57;50%;$ 36927.79
52490;fluticasona,propionato;FLIXOTIDE NEBULES;0.5 mg/2 ml a.x 10;GlaxoSmithKline;$ 1250.26;80%;$ 250.05
52489;fluticasona,propionato;FLIXOTIDE NEBULES;2 mg/2 ml a.x 10;GlaxoSmithKline;$ 1139.28;80%;$ 227.86
10476;hidroxietil rutósidos;VENORUTON;1 g comp.x 30;GlaxoSmithKline;$ 933;50%;$ 466.5
2243;hidroxietil rutósidos;VENORUTON;500 mg comp.x 50;GlaxoSmithKline;$ 674.71;50%;$ 337.36
21954;lamotrigina;LAMICTAL DISPERSABLE;100 mg comp.x 30;GlaxoSmithKline;$ 88778.59;60%;$ 35511.44
59202;lamotrigina;LAMICTAL DISPERSABLE;100 mg comp.x 60;GlaxoSmithKline;$ 100291.43;60%;$ 40116.57
22445;lamotrigina;LAMICTAL DISPERSABLE;200 mg comp.x 30;GlaxoSmithKline;$ 147324.04;60%;$ 58929.62
21953;lamotrigina;LAMICTAL DISPERSABLE;25 mg comp.x 30;GlaxoSmithKline;$ 35101.53;60%;$ 14040.61
21952;lamotrigina;LAMICTAL DISPERSABLE;5 mg comp.x 30;GlaxoSmithKline;$ 20391.6;60%;$ 8156.64
22444;lamotrigina;LAMICTAL DISPERSABLE;50 mg comp.x 30;GlaxoSmithKline;$ 58773.4;60%;$ 23509.36
47033;levetiracetam;KEPPRA IV;100 mg/ml 10 vial.x 5 ml;GlaxoSmithKline;$ 197665.02;50%;$ 98832.51
29432;levetiracetam;KEPPRA;1000 mg comp.x 30;GlaxoSmithKline;$ 206941.43;50%;$ 103470.72
59204;levetiracetam;KEPPRA;1000 mg comp.x 60;GlaxoSmithKline;$ 236376.97;50%;$ 118188.49
26806;levetiracetam;KEPPRA;500 mg comp.x 20;GlaxoSmithKline;$ 81527.23;50%;$ 40763.62
59203;levetiracetam;KEPPRA;500 mg comp.x 30;GlaxoSmithKline;$ 84983.15;50%;$ 42491.58
26808;levetiracetam;KEPPRA;500 mg comp.x 60;GlaxoSmithKline;$ 193997.33;50%;$ 96998.67
41108;levetiracetam;KEPPRA;sol.oral x 300 ml;GlaxoSmithKline;$ 234065.88;50%;$ 117032.94
4010;levotiroxina;LEVOTIROXINA GSK;100 mcg comp.x 50;GlaxoSmithKline;$ 13112.86;80%;$ 2622.57
26916;levotiroxina;LEVOTIROXINA GSK;112 mcg comp.x 50;GlaxoSmithKline;$ 17490.39;80%;$ 3498.08
26917;levotiroxina;LEVOTIROXINA GSK;125 mcg comp.x 50;GlaxoSmithKline;$ 18572.97;80%;$ 3714.59
26918;levotiroxina;LEVOTIROXINA GSK;137 mcg comp.x 50;GlaxoSmithKline;$ 20300.13;80%;$ 4060.03
26919;levotiroxina;LEVOTIROXINA GSK;150 mcg comp.x 50;GlaxoSmithKline;$ 20933.31;80%;$ 4186.66
26920;levotiroxina;LEVOTIROXINA GSK;175 mcg comp.x 50;GlaxoSmithKline;$ 23315.54;80%;$ 4663.11
26913;levotiroxina;LEVOTIROXINA GSK;25 mcg comp.x 50;GlaxoSmithKline;$ 8889.12;80%;$ 1777.82
16004;levotiroxina;LEVOTIROXINA GSK;50 mcg comp.x 50;GlaxoSmithKline;$ 9072.15;80%;$ 1814.43
26914;levotiroxina;LEVOTIROXINA GSK;75 mcg comp.x 50;GlaxoSmithKline;$ 11415.54;80%;$ 2283.11
26915;levotiroxina;LEVOTIROXINA GSK;88 mcg comp.x 50;GlaxoSmithKline;$ 11627.31;80%;$ 2325.46
28358;mupirocina;BACTROBAN CREMA;pomo x 15 g;GlaxoSmithKline;$ 13745;50%;$ 6872.5
17082;mupirocina;BACTROBAN NASAL;ung.x 3 g;GlaxoSmithKline;$ 15460.94;50%;$ 7730.47
47926;naratriptán;NARAMIG;2.5 mg comp.rec.x 7;GlaxoSmithKline;$ 73735.73;50%;$ 36867.87
35766;paroxetina;PAXIL CR;12.5 mg comp.x 30;GlaxoSmithKline;$ 49047.25;50%;$ 24523.63
14153;paroxetina;AROPAX;20 mg comp.rec.x 30;GlaxoSmithKline;$ 62697.8;50%;$ 31348.9
32741;paroxetina;PAXIL CR;25 mg comp.x 30;GlaxoSmithKline;$ 65855.3;50%;$ 32927.65
22692;piracetam;NOOSTAN;1200 mg comp.x 20;GlaxoSmithKline;$ 40576.48;50%;$ 20288.24
48477;piracetam;NOOSTAN;800 mg comp.x 45;GlaxoSmithKline;$ 53302.88;50%;$ 26651.44
9106;pirimetamina;DARAPRIM;comp.x 20;GlaxoSmithKline;$ 11581.36;60%;$ 4632.54
42587;ropinirol;REQUIP;0.25 mg comp.x 12;GlaxoSmithKline;$ 581.95;50%;$ 290.98
42588;ropinirol;REQUIP;0.50 mg comp.x 21;GlaxoSmithKline;$ 1048.54;50%;$ 524.27
42589;ropinirol;REQUIP;1 mg comp.x 21;GlaxoSmithKline;$ 1845.56;50%;$ 922.78
44018;ropinirol;REQUIP PD;2 mg comp.lib.prol.x 28;GlaxoSmithKline;$ 68331.63;50%;$ 34165.82
42590;ropinirol;REQUIP;2 mg comp.x 21;GlaxoSmithKline;$ 2606.15;50%;$ 1303.08
44019;ropinirol;REQUIP PD;4 mg comp.lib.prol.x 28;GlaxoSmithKline;$ 110069.3;50%;$ 55034.65
44020;ropinirol;REQUIP PD;8 mg comp.lib.prol.x 28;GlaxoSmithKline;$ 175317.52;50%;$ 87658.76
13001;salbutamol;VENTOLIN HFA;aer.inh.c/aplic.x200ds.;GlaxoSmithKline;$ 16975.04;80%;$ 3395.01
3909;salbutamol;VENTOLIN;sol.p/nebul.x 20 ml;GlaxoSmithKline;$ 11658.28;80%;$ 2331.66
9458;salbutamol+beclometasona;VENTIDE;aer.x 200 dosis;GlaxoSmithKline;$ 2779.06;80%;$ 555.81
18765;sumatriptán;IMIGRAN;50 mg tab.x 4;GlaxoSmithKline;$ 28039.02;50%;$ 14019.51
45853;toxoide tetánico;TETANOL PUR;susp.iny.x 1 x 0.5 ml;GlaxoSmithKline;$ 2706.51;50%;$ 1353.26
52644;umeclidinio;INCRUSE ELLIPTA;55mcg pvo.inh.x 30 ds.;GlaxoSmithKline;$ 78972.69;50%;$ 39486.35
51924;umeclidinio+vilanterol;ANORO ELLIPTA;55/22 mcg pvo.inh.x30ds.;GlaxoSmithKline;$ 85074.14;50%;$ 42537.07
45125;valaciclovir;VALTREX;1 g comp.x 21;GlaxoSmithKline;$ 171330.34;60%;$ 68532.14
17553;valaciclovir;VALTREX;comp.x 10;GlaxoSmithKline;$ 54609.69;60%;$ 21843.88
17554;valaciclovir;VALTREX;comp.x 42;GlaxoSmithKline;$ 183269.97;60%;$ 73307.99
19008;virus atenuados varicela;VARILRIX;f.a.+jga.prell.;GlaxoSmithKline;$ 123025.26;50%;$ 61512.63
26883;finasteride;PROSTANOVAG;5 mg comp.x 30;Gobbi;$ 4821.08;50%;$ 2410.54
49333;fosfomicina;SOLUFOS;500 mg caps.x 12;Gobbi;$ 2629.84;50%;$ 1314.92
49334;fosfomicina;SOLUFOS;500 mg caps.x 24;Gobbi;$ 3306.65;50%;$ 1653.33
34726;gammaglobulina antitetán.+toxoid;TETABULIN S/D;500UI jga.prell.+toxoide;Gobbi;$ 127971.29;50%;$ 63985.65
31359;metadona;GOBBIDONA;10 mg tab.x 25;Gobbi;$ 38909.23;50%;$ 19454.62
50232;metadona;GOBBIDONA;10 mg tab.x 75;Gobbi;$ 116021.44;50%;$ 58010.72
31360;metadona;GOBBIDONA;40 mg tab.x 25;Gobbi;$ 85560.97;50%;$ 42780.49
50233;metadona;GOBBIDONA;40 mg tab.x 75;Gobbi;$ 255309.56;50%;$ 127654.78
31358;metadona;GOBBIDONA;5 mg tab.x 25;Gobbi;$ 22171.59;50%;$ 11085.8
50231;metadona;GOBBIDONA;5 mg tab.x 75;Gobbi;$ 65448.94;50%;$ 32724.47
41126;oxicodona;OXINOVAG;10 mg comp.lib.prol.x 30;Gobbi;$ 13409.57;50%;$ 6704.79
40940;oxicodona;OXINOVAG;20 mg comp.lib.prol.x 30;Gobbi;$ 36213.24;50%;$ 18106.62
41127;oxicodona;OXINOVAG;40 mg comp.lib.prol.x 30;Gobbi;$ 32243.05;50%;$ 16121.53
26158;tolterodina;BREMINAL;2 mg comp.x 30;Gobbi;$ 2435.74;50%;$ 1217.87
26159;tolterodina;BREMINAL;2 mg comp.x 60;Gobbi;$ 4872.04;50%;$ 2436.02
39679;tramadol;TRAMANOVAG;50 mg tab.orales x 20;Gobbi;$ 598.18;50%;$ 299.09
43062;amlodipina;AMLODICORD 5;comp.ran.x 30;G¿minis Farmac¿;$ 10738.41;60%;$ 4295.36
43064;amlodipina;AMLODICORD 10;comp.ran.x 30;G¿minis Farmac¿;$ 16392.15;60%;$ 6556.86
43065;amlodipina;AMLODICORD 10;comp.ran.x 60;G¿minis Farmac¿;$ 33590.14;60%;$ 13436.06
43063;amlodipina;AMLODICORD 5;comp.ran.x 60;G¿minis Farmac¿;$ 22075.19;60%;$ 8830.08
45111;atorvastatín;ATORMAX 10;comp.rec.x 30;G¿minis Farmac¿;$ 29796.77;60%;$ 11918.71
57965;atorvastatín;ATORMAX 40;comp.rec.x 30;G¿minis Farmac¿;$ 54167.27;60%;$ 21666.91
45113;atorvastatín;ATORMAX 20;comp.rec.x 30;G¿minis Farmac¿;$ 37936.67;60%;$ 15174.67
45114;atorvastatín;ATORMAX 20;comp.rec.x 60;G¿minis Farmac¿;$ 74603.52;60%;$ 29841.41
45112;atorvastatín;ATORMAX 10;comp.rec.x 60;G¿minis Farmac¿;$ 55635.19;60%;$ 22254.08
57793;carvedilol;CARVICORD;12.5 mg comp.birran.x 30;G¿minis Farmac¿;$ 13155.48;60%;$ 5262.19
57794;carvedilol;CARVICORD;25 mg comp.ran.x 30;G¿minis Farmac¿;$ 14715.54;60%;$ 5886.22
57795;carvedilol;CARVICORD;50 mg comp.ran.x 30;G¿minis Farmac¿;$ 18764.6;60%;$ 7505.84
57792;carvedilol;CARVICORD;6.25 mg comp.ran.x 30;G¿minis Farmac¿;$ 10059.64;60%;$ 4023.86
44480;clopidogrel;NADENEL;75 mg comp.rec.x 14;G¿minis Farmac¿;$ 28004.92;50%;$ 14002.46
44481;clopidogrel;NADENEL;75 mg comp.rec.x 28;G¿minis Farmac¿;$ 44036.29;50%;$ 22018.15
47399;clopidogrel;NADENEL;75 mg comp.rec.x 30;G¿minis Farmac¿;$ 54888.33;50%;$ 27444.17
10824;diclofenac potásico;RODINAC 50;comp.rec.x 15;G¿minis Farmac¿;$ 7463.68;40%;$ 4478.21
10825;diclofenac potásico;RODINAC 50;comp.rec.x 30;G¿minis Farmac¿;$ 11295.13;40%;$ 6777.08
49384;diclofenac potásico;RODINAC 75 K;comp.x 10;G¿minis Farmac¿;$ 9479.41;40%;$ 5687.65
48596;diclofenac potásico;RODINAC 75 K;comp.x 15;G¿minis Farmac¿;$ 15240.85;40%;$ 9144.51
48597;diclofenac potásico;RODINAC 75 K;comp.x 20;G¿minis Farmac¿;$ 18851.74;40%;$ 11311.04
48598;diclofenac potásico;RODINAC 75 K;comp.x 30;G¿minis Farmac¿;$ 23606.41;40%;$ 14163.85
50020;diclofenac potásico+betametasona;RODINAC CORT;comp.rec.x 15;G¿minis Farmac¿;$ 19624.35;40%;$ 11774.61
50021;diclofenac potásico+betametasona;RODINAC CORT;comp.rec.x 30;G¿minis Farmac¿;$ 35985.37;40%;$ 21591.22
24349;diclofenac potásico+paracetamol;RODINAC GESIC;comp.rec.x 10;G¿minis Farmac¿;$ 8464.91;40%;$ 5078.95
50554;diclofenac potásico+paracetamol;RODINAC GESIC F;comp.rec.x 10;G¿minis Farmac¿;$ 9557.69;40%;$ 5734.61
50555;diclofenac potásico+paracetamol;RODINAC GESIC F;comp.rec.x 20;G¿minis Farmac¿;$ 18666;40%;$ 11199.6
47613;diclofenac potásico+paracetamol;RODINAC GESIC;comp.rec.x 20;G¿minis Farmac¿;$ 15457.39;40%;$ 9274.43
50556;diclofenac potásico+paracetamol;RODINAC GESIC F;comp.rec.x 30;G¿minis Farmac¿;$ 29221.72;40%;$ 17533.03
24350;diclofenac potásico+paracetamol;RODINAC GESIC;comp.rec.x 30;G¿minis Farmac¿;$ 20228.64;40%;$ 12137.18
51053;diclofenac potásico+pridinol;RODINAC FLEX K;comp.x 10;G¿minis Farmac¿;$ 10535.67;40%;$ 6321.4
51054;diclofenac potásico+pridinol;RODINAC FLEX K;comp.x 15;G¿minis Farmac¿;$ 16066.97;40%;$ 9640.18
51055;diclofenac potásico+pridinol;RODINAC FLEX K;comp.x 20;G¿minis Farmac¿;$ 17927.56;40%;$ 10756.54
51056;diclofenac potásico+pridinol;RODINAC FLEX K;comp.x 30;G¿minis Farmac¿;$ 27414.02;40%;$ 16448.41
52901;diclofenac sódico;RODINAC 75;comp.x 10;G¿minis Farmac¿;$ 9077.54;40%;$ 5446.52
37183;diclofenac sódico;RODINAC 75;comp.x 15;G¿minis Farmac¿;$ 15059.41;40%;$ 9035.65
46783;diclofenac sódico;RODINAC 75;comp.x 20;G¿minis Farmac¿;$ 19200.84;40%;$ 11520.5
37184;diclofenac sódico;RODINAC 75;comp.x 30;G¿minis Farmac¿;$ 23653.32;40%;$ 14191.99
10826;diclofenac+pridinol;RODINAC FLEX;comp.x 15;G¿minis Farmac¿;$ 15398.5;40%;$ 9239.1
10827;diclofenac+pridinol;RODINAC FLEX;comp.x 30;G¿minis Farmac¿;$ 25017.85;40%;$ 15010.71
49019;diclofenac+vit.b12+betametasona;RODINAC B12;comp.x 10;G¿minis Farmac¿;$ 14025.31;40%;$ 8415.19
38848;diclofenac+vit.b12+betametasona;RODINAC B12;comp.x 15;G¿minis Farmac¿;$ 21000;40%;$ 12600
49020;diclofenac+vit.b12+betametasona;RODINAC B12;comp.x 20;G¿minis Farmac¿;$ 29357.09;40%;$ 17614.25
38849;diclofenac+vit.b12+betametasona;RODINAC B12;comp.x 30;G¿minis Farmac¿;$ 36788.96;40%;$ 22073.38
48220;diclofenac+vit.b12+betametasona;RODINAC B12 INY;iny.a.x 3;G¿minis Farmac¿;$ 30837.94;40%;$ 18502.76
48221;diclofenac+vit.b12+betametasona;RODINAC B12 INY;iny.a.x 6;G¿minis Farmac¿;$ 50550;40%;$ 30330
56559;etoricoxib;RODICOX 120;120 mg comp.rec.x 7;G¿minis Farmac¿;$ 13115.92;50%;$ 6557.96
56555;etoricoxib;RODICOX 60;60 mg comp.rec.x 14;G¿minis Farmac¿;$ 17079.16;50%;$ 8539.58
56556;etoricoxib;RODICOX 60;60 mg comp.rec.x 28;G¿minis Farmac¿;$ 31885;50%;$ 15942.5
56557;etoricoxib;RODICOX 90;90 mg comp.rec.x 14;G¿minis Farmac¿;$ 25401.55;50%;$ 12700.78
56558;etoricoxib;RODICOX 90;90 mg comp.rec.x 28;G¿minis Farmac¿;$ 41310.79;50%;$ 20655.4
54288;fexofenadina;MUDANTIL F;120 mg comp.x 10;G¿minis Farmac¿;$ 10239.72;50%;$ 5119.86
54289;fexofenadina;MUDANTIL F;120 mg comp.x 30;G¿minis Farmac¿;$ 22778.09;50%;$ 11389.05
54290;fexofenadina;MUDANTIL F;180 mg comp.x 10;G¿minis Farmac¿;$ 15674.84;50%;$ 7837.42
54291;fexofenadina;MUDANTIL F;180 mg comp.x 20;G¿minis Farmac¿;$ 27858.08;50%;$ 13929.04
54286;fexofenadina;MUDANTIL F;60 mg comp.x 10;G¿minis Farmac¿;$ 5346.5;50%;$ 2673.25
54287;fexofenadina;MUDANTIL F;60 mg comp.x 20;G¿minis Farmac¿;$ 8807.37;50%;$ 4403.69
46176;fluconazol;NIMIC 150;150 mg comp.x 1;G¿minis Farmac¿;$ 7243.47;50%;$ 3621.74
46177;fluconazol;NIMIC 150;150 mg comp.x 2;G¿minis Farmac¿;$ 12882.95;50%;$ 6441.48
46178;fluconazol;NIMIC 150;150 mg comp.x 4;G¿minis Farmac¿;$ 20909.92;50%;$ 10454.96
46179;fluconazol;NIMIC 150;150 mg comp.x 8;G¿minis Farmac¿;$ 35845.74;50%;$ 17922.87
56403;hierro+vit.b12+fólico,ác.;FOLFIRIMOX;comp.x 30;G¿minis Farmac¿;$ 20893.36;50%;$ 10446.68
56404;hierro+vit.b12+fólico,ác.;FOLFIRIMOX;comp.x 60;G¿minis Farmac¿;$ 41786.06;50%;$ 20893.03
47701;ibandrónico,ác.;OSEUM;150 mg comp.x 1;G¿minis Farmac¿;$ 23471.8;50%;$ 11735.9
47702;ibandrónico,ác.;OSEUM;150 mg comp.x 2;G¿minis Farmac¿;$ 41072.69;50%;$ 20536.35
47703;ibandrónico,ác.;OSEUM;150 mg comp.x 3;G¿minis Farmac¿;$ 58771.34;50%;$ 29385.67
54788;levofloxacina;UNILEVO 750;750 mg comp.rec.x 5;G¿minis Farmac¿;$ 13584.52;60%;$ 5433.81
53308;losartán;LOREBIL 100;100 mg comp.rec.x 30;G¿minis Farmac¿;$ 23510.76;60%;$ 9404.3
53354;losartán;LOREBIL 100;100 mg comp.rec.x 60;G¿minis Farmac¿;$ 40885.09;60%;$ 16354.04
53307;losartán;LOREBIL 50;50 mg comp.rec.x 30;G¿minis Farmac¿;$ 17835.19;60%;$ 7134.08
53353;losartán;LOREBIL 50;50 mg comp.rec.x 60;G¿minis Farmac¿;$ 33974.86;60%;$ 13589.94
10818;nimodipina;ACIVAL;comp.x 30;G¿minis Farmac¿;$ 10678.53;50%;$ 5339.27
48831;nimodipina;ACIVAL;comp.x 60;G¿minis Farmac¿;$ 17474.19;50%;$ 8737.1
51149;pregabalina;DOLONEUTIN;150 mg cáps.x 30;G¿minis Farmac¿;$ 53540.04;50%;$ 26770.02
51145;pregabalina;DOLONEUTIN;25 mg cáps.x 30;G¿minis Farmac¿;$ 12450;50%;$ 6225
51150;pregabalina;DOLONEUTIN;300 mg cáps.x 30;G¿minis Farmac¿;$ 61236.24;50%;$ 30618.12
51146;pregabalina;DOLONEUTIN;50 mg cáps.x 30;G¿minis Farmac¿;$ 25241.66;50%;$ 12620.83
51147;pregabalina;DOLONEUTIN;75 mg cáps.x 15;G¿minis Farmac¿;$ 16616.32;50%;$ 8308.16
51148;pregabalina;DOLONEUTIN;75 mg cáps.x 30;G¿minis Farmac¿;$ 35350;50%;$ 17675
54000;pridinol,mesilato;RODI RELAX;4 mg comp.x 10;G¿minis Farmac¿;$ 5301.82;50%;$ 2650.91
54001;pridinol,mesilato;RODI RELAX;4 mg comp.x 15;G¿minis Farmac¿;$ 9708.04;50%;$ 4854.02
54002;pridinol,mesilato;RODI RELAX;4 mg comp.x 30;G¿minis Farmac¿;$ 12471.87;50%;$ 6235.94
48193;rosuvastatina;ROSUCOL;10 mg comp.x 28;G¿minis Farmac¿;$ 23254.02;60%;$ 9301.61
50060;rosuvastatina;ROSUCOL;10 mg comp.x 30;G¿minis Farmac¿;$ 21656.8;60%;$ 8662.72
60301;rosuvastatina;ROSUCOL;10 mg comp.x 60;G¿minis Farmac¿;$ 45023.74;60%;$ 18009.5
48194;rosuvastatina;ROSUCOL;20 mg comp.x 28;G¿minis Farmac¿;$ 40076.08;60%;$ 16030.43
50061;rosuvastatina;ROSUCOL;20 mg comp.x 30;G¿minis Farmac¿;$ 38198.89;60%;$ 15279.56
60302;rosuvastatina;ROSUCOL;20 mg comp.x 60;G¿minis Farmac¿;$ 77802.04;60%;$ 31120.82
55548;rosuvastatina;ROSUCOL;40 mg comp.x 30;G¿minis Farmac¿;$ 57337.89;60%;$ 22935.16
58236;rosuvastatina;ROSUCOL;5 mg comp.x 30;G¿minis Farmac¿;$ 14377.68;60%;$ 5751.07
60300;rosuvastatina;ROSUCOL;5 mg comp.x 60;G¿minis Farmac¿;$ 28651.69;60%;$ 11460.68
35624;simvastatin;GEMISTATIN 10;10 mg comp.x 30;G¿minis Farmac¿;$ 23312.83;60%;$ 9325.13
35625;simvastatin;GEMISTATIN 20;20 mg comp.x 30;G¿minis Farmac¿;$ 27108.01;60%;$ 10843.2
25905;oseltamivir;TAMIFLU;75 mg caps.x 10;Investi;$ 512.52;50%;$ 256.26
18992;cilostazol;PLETAAL;100 mg comp.x 20;Janssen-Cilag;$ 8464.27;60%;$ 3385.71
18993;cilostazol;PLETAAL;100 mg comp.x 40;Janssen-Cilag;$ 15251.99;60%;$ 6100.8
18990;cilostazol;PLETAAL;50 mg comp.x 20;Janssen-Cilag;$ 887.57;60%;$ 355.03
18991;cilostazol;PLETAAL;50 mg comp.x 40;Janssen-Cilag;$ 1665.9;60%;$ 666.36
4589;cinarizina;STUGERON RETARD;caps.x 40;Janssen-Cilag;$ 757.44;50%;$ 378.72
4587;cinarizina;STUGERON FORTE;comp.x 100;Janssen-Cilag;$ 1216.52;50%;$ 608.26
4599;cinarizina;STUGERON;comp.x 60;Janssen-Cilag;$ 491.68;50%;$ 245.84
4586;cinarizina;STUGERON FORTE;comp.x 60;Janssen-Cilag;$ 12859.4;50%;$ 6429.7
38082;fentanilo;DUROGESIC D-TRANS;25 mcg/h parch.matriz.x5;Janssen-Cilag;$ 142298.51;50%;$ 71149.26
38083;fentanilo;DUROGESIC D-TRANS;50 mcg/h parch.matriz.x5;Janssen-Cilag;$ 256126.18;50%;$ 128063.09
12283;flunarizina;SIBELIUM;comp.x 30;Janssen-Cilag;$ 10700.54;50%;$ 5350.27
12284;flunarizina;SIBELIUM;comp.x 60;Janssen-Cilag;$ 1366;50%;$ 683
27213;galantamina;REMINYL;12 mg tab.x 56;Janssen-Cilag;$ 8596.51;50%;$ 4298.26
37381;galantamina;REMINYL ER;16 mg cáps.x 28;Janssen-Cilag;$ 160181.14;50%;$ 80090.57
27210;galantamina;REMINYL;4 mg tab.x 14;Janssen-Cilag;$ 1350.47;50%;$ 675.24
37380;galantamina;REMINYL ER;8 mg cáps.x 28;Janssen-Cilag;$ 105153.53;50%;$ 52576.77
3974;haloperidol;HALOPIDOL;1 mg comp.x 100;Janssen-Cilag;$ 17417.9;60%;$ 6967.16
4554;haloperidol;HALOPIDOL;10 mg comp.x 60;Janssen-Cilag;$ 68950.7;60%;$ 27580.28
27873;haloperidol;HALOPIDOL FORTE;10 mg sol.x 30 ml;Janssen-Cilag;$ 1781.43;60%;$ 712.57
51726;haloperidol;HALOPIDOL;2 mg/ml sol.oral x 30 ml;Janssen-Cilag;$ 16441.86;60%;$ 6576.74
3975;haloperidol;HALOPIDOL;5 mg comp.x 60;Janssen-Cilag;$ 35488.21;60%;$ 14195.28
28659;haloperidol;HALOPIDOL;5 mg iny.a.x 5 x 1 ml;Janssen-Cilag;$ 39069.35;60%;$ 15627.74
4555;haloperidol;HALOPIDOL DECANOATO;iny.a.x 1 ml;Janssen-Cilag;$ 22949.83;60%;$ 9179.93
4556;haloperidol;HALOPIDOL DECANOATO;iny.a.x 3 ml;Janssen-Cilag;$ 42575.15;60%;$ 17030.06
28998;itraconazol;SPORANOX;caps.x 10;Janssen-Cilag;$ 1335.61;50%;$ 667.81
4598;itraconazol;SPORANOX;caps.x 15;Janssen-Cilag;$ 1845.79;50%;$ 922.9
7752;itraconazol;SPORANOX;caps.x 4;Janssen-Cilag;$ 527.68;50%;$ 263.84
21742;itraconazol;SPORANOX PULSO;cáps.x 28;Janssen-Cilag;$ 58530.75;50%;$ 29265.38
25700;itraconazol;SPORANOX;sol.oral x 150 ml;Janssen-Cilag;$ 7302.88;50%;$ 3651.44
4573;ketoconazol;ORIFUNGAL;cr.x 15 g;Janssen-Cilag;$ 13668.61;40%;$ 8201.17
21154;levofloxacina;LEVAQUIN;500 mg comp.x 7;Janssen-Cilag;$ 2300.18;60%;$ 920.07
2276;lincomicina;FRADEMICINA;300 mg a.x 4 x 1 ml;Janssen-Cilag;$ 1169.71;60%;$ 467.88
6675;lincomicina;FRADEMICINA;500 mg caps.x 16;Janssen-Cilag;$ 1760.59;60%;$ 704.24
4591;loperamida;SUPRASEC;comp.x 10;Janssen-Cilag;$ 839.59;50%;$ 419.8
4567;mebendazol;NEMASOLE AD;comp.x 6;Janssen-Cilag;$ 659.71;50%;$ 329.86
22451;mebendazol;NEMASOLE 200;comp.x 6;Janssen-Cilag;$ 328.51;50%;$ 164.26
47987;metilfenidato;CONCERTA;18 mg comp.x 30;Janssen-Cilag;$ 112938.69;50%;$ 56469.35
47988;metilfenidato;CONCERTA;36 mg comp.x 30;Janssen-Cilag;$ 161529.04;50%;$ 80764.52
47989;metilfenidato;CONCERTA;54 mg comp.x 30;Janssen-Cilag;$ 219624.23;50%;$ 109812.12
11834;miconazol;DAKTARIN;gel oral x 40 g;Janssen-Cilag;$ 1004.62;40%;$ 602.77
51656;paliperidona;INVEGA SUSTENNA;100 mg/1 ml jga.prell.;Janssen-Cilag;$ 839733.6;50%;$ 419866.8
51657;paliperidona;INVEGA SUSTENNA;150 mg/1.5 ml jga.prell.;Janssen-Cilag;$ 839733.6;50%;$ 419866.8
41787;paliperidona;INVEGA;3 mg comp.lib.prol.x 28;Janssen-Cilag;$ 195620.67;50%;$ 97810.34
51655;paliperidona;INVEGA SUSTENNA;50 mg/0.5 ml jga.prell.;Janssen-Cilag;$ 447793.29;50%;$ 223896.65
41788;paliperidona;INVEGA;6 mg comp.lib.prol.x 28;Janssen-Cilag;$ 212675.83;50%;$ 106337.92
51654;paliperidona;INVEGA SUSTENNA;75 mg/0.75 ml jga.prell.;Janssen-Cilag;$ 660162.7;50%;$ 330081.35
25423;risperidona;RISPERDAL;0.25 mg comp.x 20;Janssen-Cilag;$ 451.03;50%;$ 225.52
25424;risperidona;RISPERDAL;0.5 mg comp.x 20;Janssen-Cilag;$ 11240.75;50%;$ 5620.38
13145;risperidona;RISPERDAL;1 mg comp.x 20;Janssen-Cilag;$ 16928.15;50%;$ 8464.08
14999;risperidona;RISPERDAL;2 mg comp.x 20;Janssen-Cilag;$ 43525.41;50%;$ 21762.71
15000;risperidona;RISPERDAL;2 mg comp.x 60;Janssen-Cilag;$ 123584.93;50%;$ 61792.47
52460;risperidona;RISPERDAL CONSTA;25 mg vial a.x 1+aguja;Janssen-Cilag;$ 223894.2;50%;$ 111947.1
13147;risperidona;RISPERDAL;3 mg comp.x 20;Janssen-Cilag;$ 65010.45;50%;$ 32505.23
13148;risperidona;RISPERDAL;3 mg comp.x 60;Janssen-Cilag;$ 182630.3;50%;$ 91315.15
52461;risperidona;RISPERDAL CONSTA;37.5 mg vial a.x 1+aguja;Janssen-Cilag;$ 330083.16;50%;$ 165041.58
21152;risperidona;RISPERDAL;4 mg comp.x 20;Janssen-Cilag;$ 82059.53;50%;$ 41029.77
21153;risperidona;RISPERDAL;sol.oral x 100 ml;Janssen-Cilag;$ 138954.49;50%;$ 69477.25
22207;risperidona;RISPERDAL;sol.oral x 30 ml;Janssen-Cilag;$ 46695.71;50%;$ 23347.86
19762;topiramato;TOPAMAC;100 mg comp.x 28;Janssen-Cilag;$ 76384.02;80%;$ 15276.8
34432;topiramato;TOPAMAC;100 mg comp.x 60;Janssen-Cilag;$ 147590.16;80%;$ 29518.03
25665;topiramato;TOPAMAC SPRINKLE;15 mg cáps.disp.x 60;Janssen-Cilag;$ 42941.81;80%;$ 8588.36
19760;topiramato;TOPAMAC;25 mg comp.x 28;Janssen-Cilag;$ 27240.25;80%;$ 5448.05
25666;topiramato;TOPAMAC SPRINKLE;25 mg cáps.disp.x 60;Janssen-Cilag;$ 74008.63;80%;$ 14801.73
19761;topiramato;TOPAMAC;50 mg comp.x 28;Janssen-Cilag;$ 50124.43;80%;$ 10024.89
35114;tramadol+paracetamol;TRAMACET;comp.x 10;Janssen-Cilag;$ 1117.56;40%;$ 670.54
41865;tramadol+paracetamol;TRAMACET;comp.x 20;Janssen-Cilag;$ 40605.96;40%;$ 24363.58
62898;tiras reactivas;ARIA;tiras react.p/glucosax50;Jayor;$ 57594;100%;$ 0
31049;tiras reactivas;SURE STEP PLUS;tiras reactivas x 50;Johnson & Johns;$ 633.95;100%;$ 0
1352;dimenhidrinato;DRAMAMINE;comp.x 12;Kenvue Argentin;$ 9669.1;50%;$ 4834.55
13287;dimenhidrinato;DRAMAMINE;comp.x 24;Kenvue Argentin;$ 17590.86;50%;$ 8795.43
31253;amlodipina;AMLOTENS;10 mg comp.x 30;Klonal;$ 18207.77;60%;$ 7283.11
31252;amlodipina;AMLOTENS;5 mg comp.x 30;Klonal;$ 9660.72;60%;$ 3864.29
26865;amoxicilina+clavulánico,ác.;KLONALMOX;ped.250 mg susp.x 90 ml;Klonal;$ 15740.68;60%;$ 6296.27
19789;atenolol;ATENOBLOCK;50 mg comp.x 30;Klonal;$ 4187.44;80%;$ 837.49
30432;atorvastatín;LIPOVASTATIN KLONAL;10 mg comp.x 30;Klonal;$ 26978.54;60%;$ 10791.42
30433;atorvastatín;LIPOVASTATIN KLONAL;20 mg comp.x 30;Klonal;$ 42093.4;60%;$ 16837.36
21822;atropina,sulfato;KLONATROPINA;sol.oft.x 5 ml;Klonal;$ 10714.59;50%;$ 5357.3
25474;azitromicina;AZITRONA KLONAL;200 mg/5 ml susp.x 15 ml;Klonal;$ 7080.11;60%;$ 2832.04
43892;azitromicina;AZITRONA KLONAL;500 mg comp.x 6;Klonal;$ 12673.02;60%;$ 5069.21
31254;betametasona (acet.y fosf.disod);BETASONE G RETARD;a.x 1;Klonal;$ 11788.71;50%;$ 5894.36
23404;carbamazepina;C.M.P.200;200 mg comp.x 30;Klonal;$ 10657.56;80%;$ 2131.51
37786;carvedilol;HIPOTEN KLONAL;12.5 mg comp.ran.x 30;Klonal;$ 11164;60%;$ 4465.6
37787;carvedilol;HIPOTEN KLONAL;25 mg comp.ran.x 30;Klonal;$ 13280.53;60%;$ 5312.21
37785;carvedilol;HIPOTEN KLONAL;6.25 mg comp.ran.x 30;Klonal;$ 8700.06;60%;$ 3480.02
11898;cefadroxilo;KLONDROXIL;500 mg comp.x 8;Klonal;$ 6722.86;60%;$ 2689.14
19800;ciprofloxacina;CIRFLOX-G;500 mg comp.x 10;Klonal;$ 12752.6;60%;$ 5101.04
41117;ciprofloxacina+dexametasona;CIRFLOX OFTAL;susp.oft.x 5 ml;Klonal;$ 11194.47;50%;$ 5597.24
26854;claritromicina;KLONACID;125 mg/5 ml jbe.x 60 ml;Klonal;$ 14169.96;60%;$ 5667.98
29850;claritromicina;KLONACID;500 mg comp.x 16;Klonal;$ 25146.06;60%;$ 10058.42
33790;condroitín,sulfato;LUBRICTIN;sol.oft.x 10 ml;Klonal;$ 14809.14;50%;$ 7404.57
30440;dexametasona;NEXADRON OFTAL;0.1% sol.oft.x 5 ml;Klonal;$ 13011.7;50%;$ 6505.85
45771;dexametasona+neomicina+asoc.;NEXADRON COMPUESTO;5/500/50mg% gts.oft.x5ml;Klonal;$ 11893.55;50%;$ 5946.78
31257;enalapril;NALAPRIL;10 mg comp.x 30;Klonal;$ 8294.71;80%;$ 1658.94
19806;eritromicina;ERITROMICINA KLONAL;200 mg susp.x 60 ml;Klonal;$ 5587.32;50%;$ 2793.66
38759;espironolactona;ESPIMAX;100 mg comp.x 30;Klonal;$ 20178.71;50%;$ 10089.36
38751;espironolactona;ESPIMAX;25 mg comp.x 30;Klonal;$ 14296.03;50%;$ 7148.02
44489;fenilefrina+tropicamida;MIDRIAX-T;gts.oft.x 5 ml;Klonal;$ 8157.4;50%;$ 4078.7
20082;fenoximetilpenicilina;PENFANTIL ORAL;1500000 UI comp.x 12;Klonal;$ 6857.73;60%;$ 2743.09
20083;fenoximetilpenicilina;PENFANTIL ORAL;300000UI/5ml susp.x100ml;Klonal;$ 7099.81;60%;$ 2839.92
31260;fluconazol;KLONARIZOL;150 mg comp.x 2;Klonal;$ 8308.81;50%;$ 4154.41
2554;furosemida;FUROSEMIDA KLONAL;40 mg comp.x 50;Klonal;$ 984.05;80%;$ 196.81
26845;hidrocortisona;HIDROCORTISONA;1% cr.x 15 g;Klonal;$ 6384.37;50%;$ 3192.19
21812;hidrocortisona;HIDROCORTISONA;10 mg comp.x 30;Klonal;$ 11811.67;50%;$ 5905.84
30424;latanoprost;KLONAPROST;50mcg/ml sol.oft.x 2.5ml;Klonal;$ 18533.31;60%;$ 7413.32
20074;levodopa+carbidopa;LECARGE;250/25 mg comp.x 30;Klonal;$ 14142.63;80%;$ 2828.53
49397;losartán;KLOSARTAN;100 mg comp.x 30;Klonal;$ 23913.03;60%;$ 9565.21
44527;losartán;KLOSARTAN;50 mg comp.x 30;Klonal;$ 19330.05;60%;$ 7732.02
33006;losartán+hidroclorotiazida;KLOSARTAN-D;50/12.5 mg comp.x 30;Klonal;$ 21139.41;50%;$ 10569.71
25484;meprednisona;PREDNISONAL;40 mg comp.x 20;Klonal;$ 39389.81;50%;$ 19694.91
25483;meprednisona;PREDNISONAL;8 mg comp.x 20;Klonal;$ 631.69;50%;$ 315.85
30855;metronidazol;ETRONIL;500 mg comp.x 20;Klonal;$ 7169.28;50%;$ 3584.64
42850;nafazolina+feniramina;MIRA KLONAL;fco.gotero x 5 ml;Klonal;$ 7700.18;50%;$ 3850.09
28686;naproxeno;NAPROGEN;500 mg comp.x 20;Klonal;$ 22263.71;40%;$ 13358.23
25454;norfloxacina;NORFLOXACINA KLONAL;400 mg comp.x 20;Klonal;$ 15177.07;60%;$ 6070.83
27446;rifamicina;RIFAMICINA-G;1 g% pda.x 20 g;Klonal;$ 7177.86;60%;$ 2871.14
31524;sodio,cloruro;RELENTE;sol.oft.x 10 ml;Klonal;$ 5982.8;50%;$ 2991.4
49396;tamsulosina;FLOCPROX;0.4 mg cáps.x 30;Klonal;$ 38533.13;50%;$ 19266.57
21816;timolol,maleato;KLONALOL;0.5% gts.oft.x 5 ml;Klonal;$ 8619.32;80%;$ 1723.86
21825;vit.b,complejo;TRISEL;250/250/3 mg comp.x 10;Klonal;$ 7761.25;40%;$ 4656.75
47091;budesonide;BUDENOFALK;espuma rectal x14 aplic.;LKM;$ 241442.07;50%;$ 120721.04
49099;dexametasona;DEXAMERAL 40;40 mg comp.x 14;LKM;$ 772.42;50%;$ 386.21
46003;mesalazina;SALOFALK;500 mg comp.x 100;LKM;$ 201586.04;50%;$ 100793.02
20663;mesalazina;SALOFALK;500 mg sup.x 30;LKM;$ 123193.12;50%;$ 61596.56
47089;mesalazina;SALOFALK;espuma rectal x14 aplic.;LKM;$ 188512.68;50%;$ 94256.34
37859;oseltamivir;AGUCORT;cáps.x 10;LKM;$ 24165.07;50%;$ 12082.54
26616;pipotiazina;PIPOTIAZINA 100 DOSA;100 mg a.x 1;LKM;$ 839.82;50%;$ 419.91
26615;pipotiazina;PIPOTIAZINA 25 DOSA;25 mg a.x 3;LKM;$ 634.46;50%;$ 317.23
34439;risperidona;RISPERIDONA DOSA;3 mg comp.rec.x 60;LKM;$ 853.75;50%;$ 426.88
21127;rivastigmina;EXELON;1.5 mg cáps.x 28;LKM;$ 57018.71;50%;$ 28509.36
49522;rivastigmina;EXELON PARCHE 15;13.3 mg parches x 30;LKM;$ 111472.22;50%;$ 55736.11
21128;rivastigmina;EXELON;3 mg cáps.x 28;LKM;$ 57018.71;50%;$ 28509.36
21129;rivastigmina;EXELON;4.5 mg cáps.x 28;LKM;$ 55900.49;50%;$ 27950.25
42088;rivastigmina;EXELON PARCHE 5;4.6 mg parches x 30;LKM;$ 102473.56;50%;$ 51236.78
21130;rivastigmina;EXELON;6 mg cáps.x 28;LKM;$ 58647.24;50%;$ 29323.62
42089;rivastigmina;EXELON PARCHE 10;9.5 mg parches x 30;LKM;$ 102473.56;50%;$ 51236.78
50645;roflumilast;PLUSMUV;0.5 mg comp.x 30;LKM;$ 2751.75;50%;$ 1375.88
53736;tiotropio,bromuro;ASPIRE;caps.p/inh.x30+Inhalador;LKM;$ 4908.26;50%;$ 2454.13
46006;ursodesoxicólico,ác.;URSOFALK;250 mg cáps.x 100;LKM;$ 143439.69;50%;$ 71719.85
49111;ursodesoxicólico,ác.;URSOFALK;500 mg comp.rec.x 50;LKM;$ 135418.39;50%;$ 67709.2
47831;ursodesoxicólico,ác.;URSOFALK;susp.oral x 250 ml;LKM;$ 108288.03;50%;$ 54144.02
41683;brimonidina+timolol;TIMOBRIM;sol.oft.estéril x 5ml;Lab Internacion;$ 27866.92;50%;$ 13933.46
46033;budesonide;AEROVIAL HFA;aer.x 200 ds.+adap.buc.;Lab Internacion;$ 30274.22;80%;$ 6054.84
45442;budesonide;AEROVIAL;fco.x 20 ml;Lab Internacion;$ 768.17;80%;$ 153.63
48789;budesonide+formoterol;FORMOVENT + BUDE;cáps.p/inh. x120+aplic.;Lab Internacion;$ 83664.86;60%;$ 33465.94
47442;budesonide+formoterol;FORMOVENT + BUDE;cáps.p/inhal.x 60+aplic.;Lab Internacion;$ 795.5;60%;$ 318.2
48790;budesonide+formoterol;FORMOVENT + BUDE;cáps.p/inhal.x120s/aplic;Lab Internacion;$ 1363.61;60%;$ 545.44
47443;budesonide+formoterol;FORMOVENT + BUDE;cáps.p/inhal.x60 s/aplic;Lab Internacion;$ 753.41;60%;$ 301.36
47916;carbomer;XICRIM;fco. got.x 10 g;Lab Internacion;$ 18593.72;50%;$ 9296.86
31839;carbomer 974 p;LATLAS;gel oft.x 10 g;Lab Internacion;$ 20411.59;50%;$ 10205.8
39820;carbomer 974 p+asoc.;LATLAS FRESH;gel oft.x 10 g;Lab Internacion;$ 22243.27;50%;$ 11121.64
45625;ciprofloxacina+dexametasona;PROCALM;sol.oft.x 5 ml;Lab Internacion;$ 13529.8;60%;$ 5411.92
31683;diclofenac sódico+tobramicina;TOBRATLAS;gts.oft.x 5 ml;Lab Internacion;$ 13636.75;50%;$ 6818.38
36325;dorzolamida;DORLAMIDA;sol.oft.x 5 ml;Lab Internacion;$ 27855.07;60%;$ 11142.03
36326;dorzolamida+timolol;DORLAMIDA T;sol.oft.x 5 ml;Lab Internacion;$ 34632.12;60%;$ 13852.85
39943;epinastina;EPIOFTAL;sol.oft.x 5 ml;Lab Internacion;$ 21196.88;50%;$ 10598.44
47389;eritromicina;OFTALMOLETS;gts.oft.prep.extemp.x5ml;Lab Internacion;$ 4065.91;50%;$ 2032.96
34206;eritromicina;ERITROMICINA ATLAS;gts.oft.x 5 ml;Lab Internacion;$ 3368.37;50%;$ 1684.19
47576;fluticasona;BRONQUILAIR NASAL;spray nasal x 120 ds.;Lab Internacion;$ 275.57;80%;$ 55.11
42558;hidroxipropilmetilcelulosa;LATLAS TEARS;fco.gotero x 15 ml;Lab Internacion;$ 12899.12;50%;$ 6449.56
41275;inosina,monofosfato disódico;INOKAT;sol.oft.esteril x 10 ml;Lab Internacion;$ 1341.02;50%;$ 670.51
43876;latanoprost;GLAUCOGESIC;fco.got.sol.oft.x 2.5ml;Lab Internacion;$ 26321.93;60%;$ 10528.77
46115;latanoprost+timolol;GLAUCOGESIC T;sol.oft.x 2.5 ml;Lab Internacion;$ 25800.42;50%;$ 12900.21
50293;mometasona furoato;LISIKER;susp.acuosa nasal x140ds;Lab Internacion;$ 540.32;50%;$ 270.16
43262;moxifloxacina;MOFLAG;sol.oft.x 5 ml;Lab Internacion;$ 38701.35;80%;$ 7740.27
45582;moxifloxacina+dexametasona fosf.;MOFLAG D;coliro x 5 ml;Lab Internacion;$ 33769.32;80%;$ 6753.86
46186;olopatadine;ZOLOATLAS;fco.gotero x 2.5 ml;Lab Internacion;$ 27240.25;50%;$ 13620.13
50009;prednisolona acetato+fenilefrina;FENIPRED ACETATO;fco.gotero x 10 ml;Lab Internacion;$ 5134.85;80%;$ 1026.97
45737;salbutamol;AIRCOSALM HFA;aer.inh.c/adap.x 200ds.;Lab Internacion;$ 10793.74;80%;$ 2158.75
46729;salbutamol;AIRCOSALM HFA;aer.inh.c/adap.x 250ds.;Lab Internacion;$ 12542.65;80%;$ 2508.53
45441;salbutamol;AIRCOSALM;fco.x 20 ml;Lab Internacion;$ 181.17;80%;$ 36.23
44425;tobramicina;TOBRAMICINA ATLAS;sol.oft.estéril x 5 ml;Lab Internacion;$ 10238.94;60%;$ 4095.58
45664;tobramicina+dexametasona;TOBRATLAS DEXA;gts.oft.x 5 ml;Lab Internacion;$ 11709.83;50%;$ 5854.92
43391;travoprost;GLAUNOT;sol.oft.x 2.5 ml;Lab Internacion;$ 26998.85;60%;$ 10799.54
52151;travoprost;GLAUNOT SC;sol.oft.x 2.5 ml;Lab Internacion;$ 28523.87;60%;$ 11409.55
45626;travoprost+timolol;GLAUNOT T;sol.oft.x 2.5 ml;Lab Internacion;$ 41250.91;50%;$ 20625.46
50332;camilofina+dipirona;APASMO;gts.x 20 ml;Laboratorio Mil;$ 12578.4;50%;$ 6289.2
26579;coenzima Q10+asoc.;MARATHON ANTIOXIDANTE;cáps.blandas x 30;Laboratorio Mil;$ 24945.07;40%;$ 14967.04
31593;ginseng+vit.+minerales;MARATHON;cáps.x 20;Laboratorio Mil;$ 1640.1;40%;$ 984.06
18041;ginseng+vit.+minerales;MARATHON;cáps.x 30;Laboratorio Mil;$ 28190.41;40%;$ 16914.25
18042;ginseng+vit.+minerales;MARATHON;cáps.x 60;Laboratorio Mil;$ 51281.16;40%;$ 30768.7
52344;paracetamol+ibuprofeno;DUOMAX;comp.x 10;Laboratorio Mil;$ 8499.28;40%;$ 5099.57
52345;paracetamol+ibuprofeno;DUOMAX;comp.x 20;Laboratorio Mil;$ 15603.46;40%;$ 9362.08
8354;propinox+dipirona;APASMO COMPUESTO;comp.rec.x 20;Laboratorio Mil;$ 10032.65;50%;$ 5016.33
14973;floroglucinol+trimetoxibenceno;NERO 40;a.x 6;Laboratorio Val;$ 21383.68;50%;$ 10691.84
14972;floroglucinol+trimetoxibenceno;NERO;comp.x 30;Laboratorio Val;$ 16704.4;50%;$ 8352.2
2930;idoxuridina;IDULEA CON ADHEFILM;gts.x 10 ml;Laboratorio Val;$ 22881.53;50%;$ 11440.77
2931;idoxuridina;IDULEA;ung.derm.x 10 g;Laboratorio Val;$ 6900.79;50%;$ 3450.4
45488;mebendazol;TRU M;200 mg comp.x 6;Laboratorio Val;$ 10392.6;50%;$ 5196.3
11457;mebendazol+tinidazol;TRU COMPUESTO;comp.x 6;Laboratorio Val;$ 10067.83;50%;$ 5033.92
11458;mebendazol+tinidazol;TRU COMPUESTO;susp.x 30 ml;Laboratorio Val;$ 9970.15;50%;$ 4985.08
55784;acetilcisteína;QURA MUK;600 mg comp.dispers.x 10;Laboratorios Be;$ 16304.89;40%;$ 9782.93
55781;acetilcisteína;QURA MUK;600 mg comp.dispers.x 20;Laboratorios Be;$ 26607.73;40%;$ 15964.64
17914;amlodipina;ARTERIOSAN;10 mg comp.x 30;Laboratorios Be;$ 29328.99;60%;$ 11731.6
17912;amlodipina;ARTERIOSAN;5 mg comp.x 30;Laboratorios Be;$ 16051.17;60%;$ 6420.47
31896;amlodipina+benazepril;ARTERIOSAN PLUS;2.5/10 mg cáps.x 30;Laboratorios Be;$ 16059.91;50%;$ 8029.96
31897;amlodipina+benazepril;ARTERIOSAN PLUS;5/10 mg cáps.x 30;Laboratorios Be;$ 25095.01;50%;$ 12547.51
46167;amlodipina+benazepril;ARTERIOSAN PLUS;5/20 mg cáps.x 30;Laboratorios Be;$ 31104.56;50%;$ 15552.28
47753;amlodipina+losartán,potásico;ARTERIOSAN COMPUESTO;5/100 mg comp.x 30;Laboratorios Be;$ 34797.2;50%;$ 17398.6
47752;amlodipina+losartán,potásico;ARTERIOSAN COMPUESTO;5/50 mg comp.x 30;Laboratorios Be;$ 31703.89;50%;$ 15851.95
19092;amoxicilina;AMIXEN;1 g comp.rec.x 16;Laboratorios Be;$ 18858.03;60%;$ 7543.21
10605;amoxicilina;AMIXEN;500 mg comp.x 16;Laboratorios Be;$ 7353.65;60%;$ 2941.46
35771;amoxicilina;AMIXEN;500 mg comp.x 21;Laboratorios Be;$ 7301.51;60%;$ 2920.6
10604;amoxicilina;AMIXEN;500 mg comp.x 8;Laboratorios Be;$ 4069.2;60%;$ 1627.68
38175;amoxicilina;AMIXEN DUO;comp.rec.x 14;Laboratorios Be;$ 10416.88;60%;$ 4166.75
53542;amoxicilina+acetilcisteína;AMIXEN AC;comp.rec.x 14;Laboratorios Be;$ 15456.42;50%;$ 7728.21
34229;amoxicilina+clavulánico,ác.;AMIXEN CLAVULANICO 1 G;1 g comp.rec.x 14;Laboratorios Be;$ 22676.53;60%;$ 9070.61
34228;amoxicilina+clavulánico,ác.;AMIXEN CLAVULANICO;500 mg comp.rec.x 16;Laboratorios Be;$ 22115.46;60%;$ 8846.18
34227;amoxicilina+clavulánico,ác.;AMIXEN CLAVULANICO;500 mg comp.rec.x 8;Laboratorios Be;$ 11587.05;60%;$ 4634.82
19280;atorvastatín;LIPOCAMBI;10 mg comp.x 30;Laboratorios Be;$ 36061.7;60%;$ 14424.68
22967;atorvastatín;LIPOCAMBI;20 mg comp.x 30;Laboratorios Be;$ 58168.85;60%;$ 23267.54
46168;atorvastatín;LIPOCAMBI;40 mg comp.x 30;Laboratorios Be;$ 64942.06;60%;$ 25976.82
44652;atorvastatín+ezetimibe;LIPOCAMBI PLUS;10/10 mg comp.x 30;Laboratorios Be;$ 26938.09;50%;$ 13469.05
44653;atorvastatín+ezetimibe;LIPOCAMBI PLUS;20/10 mg comp.x 30;Laboratorios Be;$ 38481.66;50%;$ 19240.83
17365;azitromicina;MISULTINA;500 mg comp.rec.x 3;Laboratorios Be;$ 12639.66;60%;$ 5055.86
36735;azitromicina;MISULTINA;500 mg comp.rec.x 5;Laboratorios Be;$ 14591.77;60%;$ 5836.71
18733;azitromicina;MISULTINA;500 mg comp.rec.x 6;Laboratorios Be;$ 17498.44;60%;$ 6999.38
18734;azitromicina;MISULTINA;susp.x 30 ml;Laboratorios Be;$ 17827.65;60%;$ 7131.06
37469;carvedilol;CORAFEN;12.5 mg comp.ran.x 28;Laboratorios Be;$ 13076.41;60%;$ 5230.56
37470;carvedilol;CORAFEN;25 mg comp.ran.x 28;Laboratorios Be;$ 16013.46;60%;$ 6405.38
43405;carvedilol;CORAFEN;50 mg comp.x 28;Laboratorios Be;$ 933.08;60%;$ 373.23
37468;carvedilol;CORAFEN;6.25 mg comp.ran.x 28;Laboratorios Be;$ 10714.59;60%;$ 4285.84
18230;clenbuterol;BRONQ C;comp.x 30;Laboratorios Be;$ 7405.6;60%;$ 2962.24
5487;clenbuterol;BRONQ C;jbe.x 100 ml;Laboratorios Be;$ 10439.88;60%;$ 4175.95
61552;dapagliflozina;DAPABER;10 mg comp.rec.x 28;Laboratorios Be;$ 70101.27;100%;$ 0
56787;darifenacina;DARINAX 15;15 mg comp.lib.prol.x 30;Laboratorios Be;$ 63895.89;50%;$ 31947.95
56786;darifenacina;DARINAX 7.5;7.5mg comp.lib.prol.x 30;Laboratorios Be;$ 46170.28;50%;$ 23085.14
42079;desogestrel;CAMELIA;comp.rec.x 28;Laboratorios Be;$ 15480.93;50%;$ 7740.47
60848;dexlansoprazol;DEXOGASTEC;30 mg cáps. x 30;Laboratorios Be;$ 37161.79;40%;$ 22297.07
60847;dexlansoprazol;DEXOGASTEC;60 mg cáps. x 30;Laboratorios Be;$ 53347.47;40%;$ 32008.48
48320;diclofenac sódico;DISIPAN 75 MG;75 mg comp.rec.x 15;Laboratorios Be;$ 15058.84;40%;$ 9035.3
48321;diclofenac sódico;DISIPAN 75 MG;75 mg comp.rec.x 30;Laboratorios Be;$ 1285.91;40%;$ 771.55
47828;dienogest+valerato de estradiol;AZUCENA;comp.rec.x 28;Laboratorios Be;$ 22225.66;50%;$ 11112.83
60514;diosmina+hesperidina micronizada;TERBENOL DUO 1000;1000 mg comp. x 30;Laboratorios Be;$ 52450.6;40%;$ 31470.36
33139;diosmina+hesperidina micronizada;TERBENOL DUO;comp.x 30;Laboratorios Be;$ 30609.02;40%;$ 18365.41
48168;diosmina+hesperidina micronizada;TERBENOL DUO;comp.x 60;Laboratorios Be;$ 57585.32;40%;$ 34551.19
50487;diosmina+hesperidina micronizada;TERBENOL UD;sob.x 30;Laboratorios Be;$ 58698.75;40%;$ 35219.25
39992;drospirenona+etinilestradiol;KALA MD;comp.rec.x 28;Laboratorios Be;$ 23456.74;50%;$ 11728.37
38236;drospirenona+etinilestradiol;KALA;comp.rec.x 28;Laboratorios Be;$ 20694.01;50%;$ 10347.01
62993;empagliflozina;EMGLIBER;10 mg comp.rec.x 30;Laboratorios Be;$ 85349.71;100%;$ 0
62994;empagliflozina;EMGLIBER;25 mg comp.rec.x 30;Laboratorios Be;$ 91555.69;100%;$ 0
50014;eplerenona;ETILES;25 mg comp.x 30;Laboratorios Be;$ 22716.08;50%;$ 11358.04
50016;eplerenona;ETILES;50 mg comp.x 30;Laboratorios Be;$ 33295.06;50%;$ 16647.53
37810;etinilestradiol+gestodeno;CUIDAFEM;comp.rec.x 21;Laboratorios Be;$ 11126.12;50%;$ 5563.06
37809;etinilestradiol+gestodeno;ALELI;comp.rec.x 28;Laboratorios Be;$ 15306.5;50%;$ 7653.25
56792;etoricoxib;ERICOB;120 mg comp.rec.x 7;Laboratorios Be;$ 14853.67;50%;$ 7426.84
56788;etoricoxib;ERICOB;60 mg comp.rec.x 14;Laboratorios Be;$ 17833.04;50%;$ 8916.52
56789;etoricoxib;ERICOB;60 mg comp.rec.x 28;Laboratorios Be;$ 34482.62;50%;$ 17241.31
56790;etoricoxib;ERICOB;90 mg comp.rec.x 14;Laboratorios Be;$ 26910.55;50%;$ 13455.28
56791;etoricoxib;ERICOB;90 mg comp.rec.x 28;Laboratorios Be;$ 42939.09;50%;$ 21469.55
36512;ezetimibe;ALIPAS;10 mg comp.x 30;Laboratorios Be;$ 19804.85;50%;$ 9902.43
37362;ezetimibe+simvastatin;ALIPAS DUO;10/10 mg comp.x 30;Laboratorios Be;$ 26393.15;50%;$ 13196.58
37363;ezetimibe+simvastatin;ALIPAS DUO;10/20 mg comp.x 30;Laboratorios Be;$ 26038.76;50%;$ 13019.38
37364;ezetimibe+simvastatin;ALIPAS DUO;10/40 mg comp.x 30;Laboratorios Be;$ 39503.43;50%;$ 19751.72
1289;fenofibrato micronizado;PROCETOKEN;100 mg comp.x 60;Laboratorios Be;$ 14125.79;60%;$ 5650.32
44353;fenofibrato micronizado;PROCETOKEN;200 mg cáps.x 30;Laboratorios Be;$ 38363.03;60%;$ 15345.21
8213;fenofibrato micronizado;PROCETOKEN;300 mg comp.x 30;Laboratorios Be;$ 45585;60%;$ 18234
54677;fenofíbrico,ác.;PROCETOKEN XR;135 mg cáps.x 30;Laboratorios Be;$ 37114.77;60%;$ 14845.91
54678;fenofíbrico,ác.;PROCETOKEN XR;45 mg cáps.x 30;Laboratorios Be;$ 29513.99;60%;$ 11805.6
14907;fluoxetina;ANIMEX-ON;20 mg comp.x 30;Laboratorios Be;$ 17396.24;50%;$ 8698.12
44688;fólico,ác.;BERNAFOLIC 1;1 mg comp.x 30;Laboratorios Be;$ 8157.79;50%;$ 4078.9
44689;fólico,ác.;BERNAFOLIC 1;1 mg comp.x 60;Laboratorios Be;$ 12731.64;50%;$ 6365.82
44690;fólico,ác.;BERNAFOLIC 5;5 mg comp.x 30;Laboratorios Be;$ 10283.73;50%;$ 5141.87
44691;fólico,ác.;BERNAFOLIC 5;5 mg comp.x 60;Laboratorios Be;$ 17420.5;50%;$ 8710.25
41530;hedera helix;QURA TOS;jbe.x 100 ml;Laboratorios Be;$ 8641.15;50%;$ 4320.58
12612;hexetidina+bencidamina;BUCHEX FORTE;fco.x 200 ml;Laboratorios Be;$ 12464.48;50%;$ 6232.24
39553;ibandrónico,ác.;IBANLEG;150 mg comp.rec.x 1;Laboratorios Be;$ 36332.46;50%;$ 18166.23
39554;ibandrónico,ác.;IBANLEG;150 mg comp.rec.x 3;Laboratorios Be;$ 74639.61;50%;$ 37319.81
25367;ketorolac;SINALGICO SL;10 mg comp.subl.x 10;Laboratorios Be;$ 11525.02;50%;$ 5762.51
25369;ketorolac;SINALGICO SL;10 mg comp.subl.x 20;Laboratorios Be;$ 22343.39;50%;$ 11171.7
11961;ketorolac;SINALGICO;10 mg comp.x 20;Laboratorios Be;$ 13593.13;50%;$ 6796.57
11709;ketorolac;SINALGICO;20 mg comp.x 10;Laboratorios Be;$ 12794.46;50%;$ 6397.23
11962;ketorolac;SINALGICO;20 mg comp.x 20;Laboratorios Be;$ 21025.87;50%;$ 10512.94
11710;ketorolac;SINALGICO;30 mg a.x 3 x 1 ml;Laboratorios Be;$ 6599.37;50%;$ 3299.69
19126;ketorolac;SINALGICO;60 mg a.x 3 x 2 ml;Laboratorios Be;$ 18318.96;50%;$ 9159.48
44693;levofloxacina;BACFURON;500 mg comp.rec.x 14;Laboratorios Be;$ 29043.05;60%;$ 11617.22
44692;levofloxacina;BACFURON;500 mg comp.rec.x 7;Laboratorios Be;$ 14877.84;60%;$ 5951.14
44694;levofloxacina;BACFURON;750 mg comp.rec.x 5;Laboratorios Be;$ 17008.06;60%;$ 6803.22
41532;losartán;VASEXTEN 100;100 mg comp.rec.x 30;Laboratorios Be;$ 33731.03;60%;$ 13492.41
41531;losartán;VASEXTEN 50;50 mg comp.rec.x 30;Laboratorios Be;$ 27443.1;60%;$ 10977.24
63124;losartán;VASEXTEN 50;50 mg comp.x 60;Laboratorios Be;$ 44345.53;60%;$ 17738.21
41541;losartán+hidroclorotiazida;VASEXTEN D;100/25 mg comp.rec.x 30;Laboratorios Be;$ 35091.17;50%;$ 17545.59
41540;losartán+hidroclorotiazida;VASEXTEN D;50/12.5 mg comp.rec.x 30;Laboratorios Be;$ 31929.87;50%;$ 15964.94
50496;loxoprofeno sódico anhidro;TABE;60 mg comp.x 20;Laboratorios Be;$ 18667.06;50%;$ 9333.53
40583;metronidazol;OVUFEM;comp.rec.x 20;Laboratorios Be;$ 13705.05;50%;$ 6852.53
40582;metronidazol;OVUFEM;comp.rec.x 8;Laboratorios Be;$ 5936.54;50%;$ 2968.27
40581;miconazol+metronidazol+asoc.;OVUFEM;óv.x 12;Laboratorios Be;$ 30621.61;40%;$ 18372.97
40580;miconazol+metronidazol+asoc.;OVUFEM;óv.x 6;Laboratorios Be;$ 17054.14;40%;$ 10232.48
594;naproxeno;ALIDASE 500;comp.x 10;Laboratorios Be;$ 15878.21;40%;$ 9526.93
1243;naproxeno;ALIDASE;comp.x 10;Laboratorios Be;$ 8615.44;40%;$ 5169.26
603;naproxeno;ALIDASE 500;comp.x 40;Laboratorios Be;$ 54618.28;40%;$ 32770.97
50488;nomegestrol,acetato+estradiol;AMAPOLI;comp.rec.x 28;Laboratorios Be;$ 24042.71;50%;$ 12021.36
39560;omeprazol+sodio,bicarbonato;GASTEC RAPIDO;20 mg cáps.x 30;Laboratorios Be;$ 32850.02;40%;$ 19710.01
39561;omeprazol+sodio,bicarbonato;GASTEC RAPIDO;40 mg cáps.x 15;Laboratorios Be;$ 36406.62;40%;$ 21843.97
15484;paracetamol+pseudoefedrina+asoc.;QURA;comp.rec.x 20;Laboratorios Be;$ 8730.43;40%;$ 5238.26
33575;paracetamol+pseudoefedrina+asoc.;QURA PLUS;comp.rec.x 20;Laboratorios Be;$ 9880.66;40%;$ 5928.4
46184;paracetamol+pseudoefedrina+asoc.;QURA PLUS;jbe.x 100 ml;Laboratorios Be;$ 10437.3;40%;$ 6262.38
15483;piroxicam;SOLOCALM GEL;1% env.x 30 g;Laboratorios Be;$ 8930.25;50%;$ 4465.13
5515;piroxicam;SOLOCALM;20 mg comp.x 20;Laboratorios Be;$ 9482.9;50%;$ 4741.45
5516;piroxicam;SOLOCALM;20 mg comp.x 40;Laboratorios Be;$ 13961.49;50%;$ 6980.75
8258;piroxicam+carisoprodol;SOLOCALM FLEX;comp.x 20;Laboratorios Be;$ 490.63;50%;$ 245.32
13642;piroxicam+carisoprodol+asoc.;SOLOCALM PLUS;comp.x 20;Laboratorios Be;$ 19175.8;50%;$ 9587.9
59973;progesterona;GESTFEM;cáps.x 30;Laboratorios Be;$ 34650.45;50%;$ 17325.23
52884;rifaximina;ROCIAMIN;200 mg comp.rec.x 20;Laboratorios Be;$ 19320.3;50%;$ 9660.15
52885;rifaximina;ROCIAMIN;200 mg comp.rec.x 40;Laboratorios Be;$ 37319.48;50%;$ 18659.74
52886;rifaximina;ROCIAMIN;400 mg comp.rec.x 30;Laboratorios Be;$ 54852.9;50%;$ 27426.45
58158;rifaximina;ROCIAMIN 550;comp.rec.x 10;Laboratorios Be;$ 27784.4;50%;$ 13892.2
58159;rifaximina;ROCIAMIN 550;comp.rec.x 30;Laboratorios Be;$ 71791.74;50%;$ 35895.87
63170;rifaximina;ROCIAMIN 550;comp.rec.x 60;Laboratorios Be;$ 111156.31;50%;$ 55578.16
60515;rivaroxabán;LIXATROM;15 mg comp.rec.x 30;Laboratorios Be;$ 105470.18;50%;$ 52735.09
60516;rivaroxabán;LIXATROM;20 mg comp.rec.x 30;Laboratorios Be;$ 110391.66;50%;$ 55195.83
55172;rosuvastatina;ROSUBER;10 mg comp.x 30;Laboratorios Be;$ 24062.64;60%;$ 9625.06
55173;rosuvastatina;ROSUBER;20 mg comp.x 30;Laboratorios Be;$ 42849.99;60%;$ 17140
55174;rosuvastatina;ROSUBER;40 mg comp.x 30;Laboratorios Be;$ 73934.82;60%;$ 29573.93
55171;rosuvastatina;ROSUBER;5 mg comp.x 30;Laboratorios Be;$ 16276.79;60%;$ 6510.72
58211;rosuvastatina+ezetimibe;ROSUBER PLUS;10/10 mg comp. rec.x 30;Laboratorios Be;$ 33363.4;50%;$ 16681.7
58212;rosuvastatina+ezetimibe;ROSUBER PLUS;20/10 mg comp. rec.x 30;Laboratorios Be;$ 57093.82;50%;$ 28546.91
59572;rosuvastatina+ezetimibe;ROSUBER PLUS;5/10 mg comp. rec.x 30;Laboratorios Be;$ 28259.49;50%;$ 14129.75
22171;sildenafil;VORST;100 mg comp.x 2;Laboratorios Be;$ 7017.84;50%;$ 3508.92
22172;sildenafil;VORST;100 mg comp.x 4;Laboratorios Be;$ 12140.87;50%;$ 6070.44
30160;sildenafil;VORST;100 mg comp.x 6;Laboratorios Be;$ 17726.57;50%;$ 8863.29
30158;sildenafil;VORST;25 mg comp.x 6;Laboratorios Be;$ 10785.35;50%;$ 5392.68
35059;sildenafil;VORST-M;50 mg comp.ran.mast.x 20;Laboratorios Be;$ 44009.72;50%;$ 22004.86
35058;sildenafil;VORST-M;50 mg comp.ran.mast.x 6;Laboratorios Be;$ 13317.2;50%;$ 6658.6
22168;sildenafil;VORST;50 mg comp.x 2;Laboratorios Be;$ 4794.79;50%;$ 2397.4
33450;sildenafil;VORST;50 mg comp.x 20;Laboratorios Be;$ 40979.06;50%;$ 20489.53
22169;sildenafil;VORST;50 mg comp.x 4;Laboratorios Be;$ 8347.75;50%;$ 4173.88
30159;sildenafil;VORST;50 mg comp.x 6;Laboratorios Be;$ 13054.34;50%;$ 6527.17
20850;simvastatin;LISAC;10 mg comp.rec.x 30;Laboratorios Be;$ 24514.63;60%;$ 9805.85
37033;simvastatin;LISAC;20 mg comp.rec.x 30;Laboratorios Be;$ 32367.54;60%;$ 12947.02
60851;sitagliptina;SIGLIBER;100 mg comp.x 30;Laboratorios Be;$ 95817.49;100%;$ 0
60849;sitagliptina;SIGLIBER;25 mg comp.x 30;Laboratorios Be;$ 76272.53;100%;$ 0
60850;sitagliptina;SIGLIBER;50 mg comp.x 30;Laboratorios Be;$ 89144.02;100%;$ 0
61551;sitagliptina+metformina,clorh.;SIGLIBER MET;50/1000 mg comp.rec.x 60;Laboratorios Be;$ 108902.24;100%;$ 0
61550;sitagliptina+metformina,clorh.;SIGLIBER MET;50/850 mg comp.rec.x 60;Laboratorios Be;$ 108067.65;100%;$ 0
1258;sodio,fluoruro;FLUORDENT;comp.x 30;Laboratorios Be;$ 11529.4;50%;$ 5764.7
1260;sodio,fluoruro;FLUORDENT;gts.x 30 ml;Laboratorios Be;$ 11529.4;50%;$ 5764.7
17125;sodio,fluoruro+asoc.;FLUORDENT PX COLUTORIO;fco.x 200 ml;Laboratorios Be;$ 7949.45;50%;$ 3974.73
54773;tadalafilo;VORST 36;20 mg comp.rec.x 1;Laboratorios Be;$ 10874.62;50%;$ 5437.31
54776;tadalafilo;VORST 36;20 mg comp.rec.x 10;Laboratorios Be;$ 92922.83;50%;$ 46461.42
54774;tadalafilo;VORST 36;20 mg comp.rec.x 2;Laboratorios Be;$ 19893.18;50%;$ 9946.59
54775;tadalafilo;VORST 36;20 mg comp.rec.x 4;Laboratorios Be;$ 38546.05;50%;$ 19273.03
54772;tadalafilo;VORST 36;5 mg comp.rec.x 30;Laboratorios Be;$ 95676.11;50%;$ 47838.06
1271;trimebutina;MIOPROPAN;comp.x 20;Laboratorios Be;$ 8050.27;50%;$ 4025.14
34368;trimebutina;MIOPROPAN LP;comp.x 20;Laboratorios Be;$ 16435.12;50%;$ 8217.56
33675;trimebutina;MIOPROPAN 200;comp.x 20;Laboratorios Be;$ 11068.19;50%;$ 5534.1
13970;trimebutina;MIOPROPAN 200;comp.x 30;Laboratorios Be;$ 14092.25;50%;$ 7046.13
28281;trimebutina;MIOPROPAN LP;comp.x 30;Laboratorios Be;$ 18260.1;50%;$ 9130.05
5160;trimebutina;MIOPROPAN;comp.x 40;Laboratorios Be;$ 12914.29;50%;$ 6457.15
35855;trimebutina;MIOPROPAN LP;comp.x 60;Laboratorios Be;$ 35414.14;50%;$ 17707.07
35854;trimebutina;MIOPROPAN 200;comp.x 60;Laboratorios Be;$ 28355.13;50%;$ 14177.57
1274;trimebutina+bromazepam;MIOPROPAN T;100/1.5 mg comp.x 20;Laboratorios Be;$ 12413.2;40%;$ 7447.92
1275;trimebutina+bromazepam;MIOPROPAN T;100/1.5 mg comp.x 50;Laboratorios Be;$ 28641.26;40%;$ 17184.76
40718;trimebutina+bromazepam;MIOPROPAN T 200;200/1.5 mg comp.x 30;Laboratorios Be;$ 22412.19;40%;$ 13447.31
26587;trimebutina+ruscogenina;MIOPROPAN PROCTOLOGICO;cr.x 20 g;Laboratorios Be;$ 41750.92;40%;$ 25050.55
43341;trimebutina+simeticona;MIOPROPAN S;comp.x 30;Laboratorios Be;$ 20135.68;40%;$ 12081.41
43342;trimebutina+simeticona;MIOPROPAN S;comp.x 60;Laboratorios Be;$ 33625.48;40%;$ 20175.29
50532;vit.d3;SUBICAL SOLUCION ORAL;100.000 UI f.a.x 2 ml;Laboratorios Be;$ 10464.17;40%;$ 6278.5
55782;vit.d3;SUBICAL CB;100000 UI cáps.bl.x 1;Laboratorios Be;$ 12632;40%;$ 7579.2
55783;vit.d3;SUBICAL CB;100000 UI cáps.bl.x 2;Laboratorios Be;$ 19076.03;40%;$ 11445.62
59232;vit.d3;SUBICAL CB 25000;25000 UI cáps.bl.x 2;Laboratorios Be;$ 10514.74;40%;$ 6308.84
59233;vit.d3;SUBICAL CB 25000;25000 UI cáps.bl.x 4;Laboratorios Be;$ 14142.69;40%;$ 8485.61
59178;vit.d3;SUBICAL CB;50000 UI cáps.bl.x 1;Laboratorios Be;$ 10937.36;40%;$ 6562.42
59179;vit.d3;SUBICAL CB;50000 UI cáps.bl.x 2;Laboratorios Be;$ 13865.97;40%;$ 8319.58
59231;vit.d3;SUBICAL CB 5600;5600 UI cáps.bl.x 4;Laboratorios Be;$ 14974.05;40%;$ 8984.43
59230;vit.d3;SUBICAL CB 800;800 UI cáps.bl.x 28;Laboratorios Be;$ 16076.12;40%;$ 9645.67
44962;aciclovir;LAFEVIR;200 mg comp.x 20;Lafedar;$ 15581.45;60%;$ 6232.58
44963;aciclovir;LAFEVIR;200 mg comp.x 40;Lafedar;$ 20582.73;60%;$ 8233.09
44964;aciclovir;LAFEVIR;500 mg liof.a.x 1;Lafedar;$ 13656.97;60%;$ 5462.79
44960;aciclovir;LAFEVIR;800 mg comp.x 20;Lafedar;$ 25864.01;60%;$ 10345.6
44961;aciclovir;LAFEVIR;800 mg comp.x 40;Lafedar;$ 47694.21;60%;$ 19077.68
32357;alendronato;LENDRONAL;comp.x 4;Lafedar;$ 15769.99;60%;$ 6308
38867;aluminio,hidr.+magn.hidr.+oxetac;MUCAINE;susp.gel x 150 ml;Lafedar;$ 6080.86;50%;$ 3040.43
38868;aluminio,hidr.+magn.hidr.+oxetac;MUCAINE;susp.gel x 300 ml;Lafedar;$ 9082.91;50%;$ 4541.46
39884;aminoácidos+vit.b6;PROTEIGENO;comp.x 100;Lafedar;$ 25227.06;50%;$ 12613.53
39882;aminoácidos+vit.b6;PROTEIGENO;comp.x 20;Lafedar;$ 6165.5;50%;$ 3082.75
39883;aminoácidos+vit.b6;PROTEIGENO;comp.x 50;Lafedar;$ 13304.06;50%;$ 6652.03
37427;amiodarona;MIODARONA;200 mg comp.x 20;Lafedar;$ 4456.99;80%;$ 891.4
37428;amiodarona;MIODARONA;200 mg comp.x 40;Lafedar;$ 6490.41;80%;$ 1298.08
42818;amitriptilina;FIORDA;25 mg comp.rec.x 14;Lafedar;$ 5108.5;50%;$ 2554.25
39979;amitriptilina;FIORDA;25 mg comp.rec.x 28;Lafedar;$ 8151.37;50%;$ 4075.69
49453;amitriptilina;FIORDA;25 mg comp.rec.x 30;Lafedar;$ 9273.48;50%;$ 4636.74
45809;atorvastatín;LIPODREN;10 mg comp.x 30;Lafedar;$ 34777.15;60%;$ 13910.86
45811;atorvastatín;LIPODREN;20 mg comp.x 30;Lafedar;$ 56438.59;60%;$ 22575.44
55717;baclofeno;ISEDIS;10 mg comp.x 60;Lafedar;$ 20992.96;50%;$ 10496.48
11996;bromazepam;NEUROZEPAM;3 mg comp.x 30;Lafedar;$ 5432.35;50%;$ 2716.18
11997;bromazepam;NEUROZEPAM;6 mg comp.x 30;Lafedar;$ 10007.3;50%;$ 5003.65
46879;budesonide;EXUDROL BUDE;sol.x 20 ml;Lafedar;$ 26122.83;80%;$ 5224.57
22144;buflomedil;BUFLOMEDIL LAFEDAR;iny.a.x 6;Lafedar;$ 35696.16;50%;$ 17848.08
46895;carvedilol;KOLLOSTERIL;12.5 mg comp.x 28;Lafedar;$ 10603.76;60%;$ 4241.5
46896;carvedilol;KOLLOSTERIL;25 mg comp.x 28;Lafedar;$ 14054.82;60%;$ 5621.93
46897;carvedilol;KOLLOSTERIL;6.25 mg comp.x 28;Lafedar;$ 9417.43;60%;$ 3766.97
48224;clindamicina;CLINDALAF;300 mg cáps.x 16;Lafedar;$ 13195.55;60%;$ 5278.22
54136;colistina metansulfonato;COLISTYN;100 mg f.a.iny.x 1;Lafedar;$ 22527.37;60%;$ 9010.95
37426;dexametasona;DEXALAF;4 mg comp.x 10;Lafedar;$ 6559.19;50%;$ 3279.6
37425;dexametasona;DEXALAF;4 mg comp.x 20;Lafedar;$ 12468.73;50%;$ 6234.37
51328;dexametasona;DEXALAF;8 mg comp.x 10;Lafedar;$ 11914.85;50%;$ 5957.43
51329;dexametasona;DEXALAF;8 mg comp.x 20;Lafedar;$ 25025.54;50%;$ 12512.77
51343;dexametasona;DEXALAF;8 mg comp.x 30;Lafedar;$ 28569.43;50%;$ 14284.72
22175;dextrometorfano;DEXTROTOS;jbe.x 100 ml;Lafedar;$ 13344.38;50%;$ 6672.19
36279;diclofenac sódico;DIFENAC RETARD;100 mg comp.rec.x 15;Lafedar;$ 23414.64;40%;$ 14048.78
36278;diclofenac sódico;DIFENAC;75 mg comp.rec.x 15;Lafedar;$ 14357.34;40%;$ 8614.4
41670;diclofenac+vit.b12+betametasona;DIFENAC FORTE;comp.rec.x 15;Lafedar;$ 19858.55;40%;$ 11915.13
29874;digoxina;DIGOXINA LAFEDAR;0.25 mg comp.x 40;Lafedar;$ 7482.78;80%;$ 1496.56
29875;digoxina;DIGOXINA LAFEDAR;75 mg gts.x 10 ml;Lafedar;$ 7698.94;80%;$ 1539.79
40016;dimenhidrinato;VERTIGMINE;50 mg comp.x 12;Lafedar;$ 9436.32;50%;$ 4718.16
40017;dimenhidrinato;VERTIGMINE;50 mg comp.x 24;Lafedar;$ 14113.91;50%;$ 7056.96
40018;dimenhidrinato;VERTIGMINE;sol.x 100 ml;Lafedar;$ 7893.7;50%;$ 3946.85
40945;ezetimibe+simvastatin;COLEFLUX DUO;10/10 mg comp.rec.x 30;Lafedar;$ 24673.63;50%;$ 12336.82
40946;ezetimibe+simvastatin;COLEFLUX DUO;10/20 mg comp.rec.x 30;Lafedar;$ 24451.54;50%;$ 12225.77
40947;ezetimibe+simvastatin;COLEFLUX DUO;10/40 mg comp.rec.x 30;Lafedar;$ 31564.4;50%;$ 15782.2
40948;ezetimibe+simvastatin;COLEFLUX DUO;10/80 mg comp.rec.x 30;Lafedar;$ 48339;50%;$ 24169.5
31021;fluconazol;FLUCOLAF;100 mg comp.x 9;Lafedar;$ 22440.98;50%;$ 11220.49
31022;fluconazol;FLUCOLAF;150 mg comp.x 1;Lafedar;$ 7965;50%;$ 3982.5
31023;fluconazol;FLUCOLAF;150 mg comp.x 2;Lafedar;$ 14834.4;50%;$ 7417.2
31024;fluconazol;FLUCOLAF;150 mg comp.x 4;Lafedar;$ 25332.32;50%;$ 12666.16
31019;fluconazol;FLUCOLAF;50 mg comp.x 3;Lafedar;$ 3848.27;50%;$ 1924.14
31020;fluconazol;FLUCOLAF;50 mg comp.x 9;Lafedar;$ 10571.32;50%;$ 5285.66
45573;fosfato disódico+fosfato monosód;FOSFALAX ENEMA;env.x 135 ml;Lafedar;$ 7385.6;50%;$ 3692.8
45572;fosfato disódico+fosfato monosód;FOSFALAX ORAL;sol.x 45 ml;Lafedar;$ 17393.08;50%;$ 8696.54
39354;gaba+vit.b6;BUTINEURON;comp.x 100;Lafedar;$ 36894.48;50%;$ 18447.24
39336;gaba+vit.b6;BUTINEURON;comp.x 20;Lafedar;$ 11069.61;50%;$ 5534.81
39353;gaba+vit.b6;BUTINEURON;comp.x 50;Lafedar;$ 20014.33;50%;$ 10007.17
44132;galantamina;MEMOLOS;12 mg comp.x 56;Lafedar;$ 118941.58;50%;$ 59470.79
44129;galantamina;MEMOLOS;4 mg comp.x 14;Lafedar;$ 17875.8;50%;$ 8937.9
44130;galantamina;MEMOLOS;4 mg comp.x 56;Lafedar;$ 50966.55;50%;$ 25483.28
44131;galantamina;MEMOLOS;8 mg comp.x 56;Lafedar;$ 66382.09;50%;$ 33191.05
17654;gentamicina;GENTAMICIN;0.1% cr.x 15 g;Lafedar;$ 8376.28;50%;$ 4188.14
17656;gentamicina;GENTAMICIN;gts.oft.x 10 ml;Lafedar;$ 6334.13;50%;$ 3167.07
7949;glibenclamida;DIABEMIN;5 mg comp.x 60;Lafedar;$ 8961.77;100%;$ 0
4754;gliclazida;UNAVA;80 mg comp.x 20;Lafedar;$ 9968.76;100%;$ 0
4755;gliclazida;UNAVA;80 mg comp.x 60;Lafedar;$ 25002.85;100%;$ 0
22140;hidroclorotiazida+amilorida;REN-UR;comp.x 100;Lafedar;$ 13748.34;50%;$ 6874.17
22138;hidroclorotiazida+amilorida;REN-UR;comp.x 20;Lafedar;$ 4928.13;50%;$ 2464.07
22139;hidroclorotiazida+amilorida;REN-UR;comp.x 50;Lafedar;$ 9212.99;50%;$ 4606.5
41341;hierro+fólico,ác.;HEMOFER FOLIC;comp.x 20;Lafedar;$ 17644.13;50%;$ 8822.07
41342;hierro+fólico,ác.;HEMOFER FOLIC;comp.x 50;Lafedar;$ 14236.13;50%;$ 7118.07
44115;hierro,sulfato;HEMOFER;gts.x 20 ml;Lafedar;$ 8538.26;50%;$ 4269.13
24127;hierro,sulfato;HEMOFER;jbe.x 120 ml;Lafedar;$ 4786.35;50%;$ 2393.18
49271;ibuprofeno;IBUFULL 4%;4 g% susp.x 90 ml;Lafedar;$ 10045;40%;$ 6027
31735;ibuprofeno;IBUFULL 600;600 mg comp.x 10;Lafedar;$ 8027.72;40%;$ 4816.63
26115;ibuprofeno;IBUFULL 600;600 mg comp.x 20;Lafedar;$ 14080.14;40%;$ 8448.08
46251;indometacina;INDOMET LAFEDAR;2% cr.x 100 g;Lafedar;$ 18079.89;50%;$ 9039.95
47979;ipratropio,bromuro;IPATROP;sol.p/nebulizar x 20 ml;Lafedar;$ 7916.16;60%;$ 3166.46
47980;ipratropio,bromuro;IPATROP;sol.p/nebulizar x 40 ml;Lafedar;$ 11251.14;60%;$ 4500.46
29894;ketoconazol;KETONAZOL LAFEDAR;2% cr.x 15 g;Lafedar;$ 8750.68;40%;$ 5250.41
29892;ketoconazol;KETONAZOL LAFEDAR;2% susp.oral x 100 ml;Lafedar;$ 15851.78;40%;$ 9511.07
29890;ketoconazol;KETONAZOL LAFEDAR;2% susp.oral x 30 ml;Lafedar;$ 11110.67;40%;$ 6666.4
30316;ketoconazol;KETONAZOL LAFEDAR;200 mg comp.x 10;Lafedar;$ 8785.25;40%;$ 5271.15
29895;ketoconazol;KETONAZOL LAFEDAR;pvo.x 50 g;Lafedar;$ 9549.09;40%;$ 5729.45
51245;labetalol;BLOCAMINE;200 mg comp.x 20;Lafedar;$ 18720.31;50%;$ 9360.16
36218;lactulosa;LAFELAX;jbe.x 120 ml;Lafedar;$ 14029.9;40%;$ 8417.94
20141;loperamida;LANSEKA;2 mg comp.x 10;Lafedar;$ 7031.7;50%;$ 3515.85
26308;loperamida;LANSEKA;2 mg comp.x 20;Lafedar;$ 11001.71;50%;$ 5500.86
13913;loratadina;NULAREF;comp.x 10;Lafedar;$ 5143.98;40%;$ 3086.39
38866;loratadina;NULAREF;jbe.x 60 ml;Lafedar;$ 8699.8;40%;$ 5219.88
20368;loratadina+betametasona;NULAREF-CORT;comp.x 10;Lafedar;$ 15864.27;40%;$ 9518.56
19696;loratadina+pseudoefedrina;NULAREF-D;comp.rec.x 10;Lafedar;$ 16346.78;40%;$ 9808.07
46944;lorazepam;PLARDOX;1 mg comp.subl. x 30;Lafedar;$ 7220.5;50%;$ 3610.25
37433;lorazepam;PLARDOX;1 mg comp.x 100;Lafedar;$ 8235.08;50%;$ 4117.54
37432;lorazepam;PLARDOX;1 mg comp.x 50;Lafedar;$ 5822.71;50%;$ 2911.36
37434;lorazepam;PLARDOX;2.5 mg comp.x 100;Lafedar;$ 13149.94;50%;$ 6574.97
4524;lorazepam;PLARDOX;2.5 mg comp.x 50;Lafedar;$ 8326.82;50%;$ 4163.41
38194;losartán;PRESINOR;50 mg comp.x 15;Lafedar;$ 12104.61;60%;$ 4841.84
38195;losartán;PRESINOR;50 mg comp.x 30;Lafedar;$ 25809.12;60%;$ 10323.65
38196;losartán+hidroclorotiazida;PRESINOR D;comp.rec.x 15;Lafedar;$ 14622.89;50%;$ 7311.45
38197;losartán+hidroclorotiazida;PRESINOR D;comp.rec.x 30;Lafedar;$ 30383.12;50%;$ 15191.56
35314;miconazol+metronidazol+asoc.;PENTOL;óv.x 6;Lafedar;$ 16830.95;40%;$ 10098.57
48667;mupirocina;QUEMICETINA NF NASAL;2% ung.x 3 g;Lafedar;$ 9312;50%;$ 4656
17252;nimodipina;MACOBAL 30 MG;30 mg comp.x 30;Lafedar;$ 10399.96;50%;$ 5199.98
17253;nimodipina;MACOBAL 30 MG;30 mg comp.x 60;Lafedar;$ 16219.21;50%;$ 8109.61
34777;potasio,gluconato;GLUCO-K;elixir x 150 ml;Lafedar;$ 5962.39;50%;$ 2981.2
45808;rivastigmina;RIVASMINA;1.5 mg cáps.x 14;Lafedar;$ 20125.89;50%;$ 10062.95
45813;rivastigmina;RIVASMINA;1.5 mg cáps.x 28;Lafedar;$ 32200.66;50%;$ 16100.33
45815;rivastigmina;RIVASMINA;1.5 mg cáps.x 56;Lafedar;$ 43966.24;50%;$ 21983.12
45814;rivastigmina;RIVASMINA;3 mg cáps.x 14;Lafedar;$ 20125.89;50%;$ 10062.95
45816;rivastigmina;RIVASMINA;3 mg cáps.x 28;Lafedar;$ 32200.66;50%;$ 16100.33
45818;rivastigmina;RIVASMINA;3 mg cáps.x 56;Lafedar;$ 43966.24;50%;$ 21983.12
45817;rivastigmina;RIVASMINA;4.5 mg cáps.x 14;Lafedar;$ 20125.89;50%;$ 10062.95
45819;rivastigmina;RIVASMINA;4.5 mg cáps.x 28;Lafedar;$ 32200.66;50%;$ 16100.33
45820;rivastigmina;RIVASMINA;4.5 mg cáps.x 56;Lafedar;$ 43966.24;50%;$ 21983.12
45821;rivastigmina;RIVASMINA;6 mg cáps.x 14;Lafedar;$ 20125.89;50%;$ 10062.95
45822;rivastigmina;RIVASMINA;6 mg cáps.x 28;Lafedar;$ 32200.66;50%;$ 16100.33
45823;rivastigmina;RIVASMINA;6 mg cáps.x 56;Lafedar;$ 43966.24;50%;$ 21983.12
55416;rosuvastatina;TIALIPOL;20 mg comp.x 30;Lafedar;$ 39455.89;60%;$ 15782.36
47910;salbutamol+ipratropio,br.;SALBUTROP;sol.unidosis x 20;Lafedar;$ 10784.73;60%;$ 4313.89
40941;simvastatin;COLEFLUX;10 mg comp.rec.x 30;Lafedar;$ 21666.66;60%;$ 8666.66
40942;simvastatin;COLEFLUX;20 mg comp.rec.x 30;Lafedar;$ 28385.76;60%;$ 11354.3
40943;simvastatin;COLEFLUX;40 mg comp.rec.x 30;Lafedar;$ 38322.42;60%;$ 15328.97
40944;simvastatin;COLEFLUX;80 mg comp.rec.x 30;Lafedar;$ 49378.16;60%;$ 19751.26
48669;sodio,cloruro;NADRION;7% a. mds.x 30 x 5ml;Lafedar;$ 109650.08;50%;$ 54825.04
48670;sodio,cloruro;NADRION;7% a. mds.x 60 x 5ml;Lafedar;$ 151194.83;50%;$ 75597.42
18238;sulfadiazina de plata+asoc.;SULFAPLAT LA;cr.x 50 g;Lafedar;$ 8223.24;50%;$ 4111.62
42471;sumatriptán;MIGRANEITOR;100 mg comp.rec.x 1;Lafedar;$ 10940.02;50%;$ 5470.01
34013;sumatriptán;MIGRANEITOR;100 mg comp.rec.x 2;Lafedar;$ 21656.36;50%;$ 10828.18
46253;teofilina anhidra;TEODILAT;0.8 g jbe.x 120 ml;Lafedar;$ 8974;60%;$ 3589.6
46254;teofilina anhidra;TEODILAT;1.6 g jbe.x 120 ml;Lafedar;$ 9510.41;60%;$ 3804.16
46255;teofilina anhidra;TEODILAT;200 mg comp.x 20;Lafedar;$ 6843.44;60%;$ 2737.38
46256;teofilina anhidra;TEODILAT;300 mg comp.x 20;Lafedar;$ 9834.85;60%;$ 3933.94
45667;tizanidina;TIZANIDAL;2 mg comp.x 15;Lafedar;$ 6536.08;50%;$ 3268.04
45668;tizanidina;TIZANIDAL;4 mg comp.x 30;Lafedar;$ 18825.73;50%;$ 9412.87
46958;tobramicina;TOBRAL;sol.oft.x 10 ml;Lafedar;$ 9452.66;60%;$ 3781.06
47258;vit.a+vit.c+vit.d;ADECONCE;sol.oral x 20 ml;Lafedar;$ 14090.37;40%;$ 8454.22
54953;vit.d3;OXIVITAL;f.a.bebible x 2 ml;Lafedar;$ 15057.72;40%;$ 9034.63
55136;acetilcisteína;TEMPOTANE;600 mg sob.x 10;Lazar;$ 15758.73;40%;$ 9455.24
55137;acetilcisteína;TEMPOTANE;600 mg sob.x 20;Lazar;$ 26538.09;40%;$ 15922.85
14451;aciclovir;XICLOVIR;200 mg comp.rec.x 30;Lazar;$ 18781.34;60%;$ 7512.54
50570;aciclovir;XICLOVIR;400 mg comp. x 20;Lazar;$ 17175.96;60%;$ 6870.38
59113;aciclovir;XICLOVIR;400 mg comp. x 40;Lazar;$ 29283.85;60%;$ 11713.54
34448;aciclovir;XICLOVIR;8% susp.fco.x 120 ml;Lazar;$ 20464.06;60%;$ 8185.62
17126;aciclovir;XICLOVIR 800;comp.x 20;Lazar;$ 27182.93;60%;$ 10873.17
17127;aciclovir;XICLOVIR 800;comp.x 40;Lazar;$ 51527.9;60%;$ 20611.16
61626;aciclovir+hidrocortisona;XICLOVIR H;cr. x 5 g;Lazar;$ 9621.03;60%;$ 3848.41
46356;adapaleno;DERMOTOPIC;gel 0.1% x 30 g;Lazar;$ 25133.7;50%;$ 12566.85
47441;adapaleno;DERMOTOPIC;gel 0.3% x 30 g;Lazar;$ 30660.11;50%;$ 15330.06
48779;adapaleno+benzoílo,peróxido;DERMOTOPIC DUO;gel x 30 g;Lazar;$ 29758.12;50%;$ 14879.06
18175;amlodipina;TERVALON;10 mg comp.x 30;Lazar;$ 28824.97;60%;$ 11529.99
18174;amlodipina;TERVALON;5 mg comp.x 30;Lazar;$ 15309.01;60%;$ 6123.6
4965;antraquinona;PYRALVEX;fco.x 10 ml;Lazar;$ 12900.74;50%;$ 6450.37
59353;atenolol;VERICORDIN;100 mg comp.x 30;Lazar;$ 9313.07;80%;$ 1862.61
59354;atenolol;VERICORDIN;100 mg comp.x 60;Lazar;$ 18145.87;80%;$ 3629.17
18996;atenolol;VERICORDIN;25 mg comp.x 28;Lazar;$ 4577.86;80%;$ 915.57
18997;atenolol;VERICORDIN;25 mg comp.x 56;Lazar;$ 8692.5;80%;$ 1738.5
59351;atenolol;VERICORDIN;50 mg comp.x 30;Lazar;$ 5406.74;80%;$ 1081.35
59352;atenolol;VERICORDIN;50 mg comp.x 60;Lazar;$ 10134.84;80%;$ 2026.97
4984;atenolol+asoc.;VERICORDIN COMPUESTO;comp.x 14;Lazar;$ 1155.15;60%;$ 462.06
11532;atenolol+asoc.;VERICORDIN COMPUESTO;comp.x 28;Lazar;$ 16280.24;60%;$ 6512.1
30610;atorvastatín;LIPONORM;10 mg comp.rec.x 20;Lazar;$ 2199.64;60%;$ 879.86
27120;atorvastatín;LIPONORM;10 mg comp.rec.x 30;Lazar;$ 34829.73;60%;$ 13931.89
29716;atorvastatín;LIPONORM;10 mg comp.rec.x 60;Lazar;$ 63156.3;60%;$ 25262.52
27121;atorvastatín;LIPONORM;20 mg comp.rec.x 30;Lazar;$ 58525.85;60%;$ 23410.34
29717;atorvastatín;LIPONORM;20 mg comp.rec.x 60;Lazar;$ 107693.61;60%;$ 43077.44
51187;atorvastatín;LIPONORM;40 mg comp.rec.x 30;Lazar;$ 65695.5;60%;$ 26278.2
63417;atorvastatín;LIPONORM;80 mg comp.rec. x 30;Lazar;$ 84741.05;60%;$ 33896.42
45648;atorvastatín+ezetimibe;LIPONORM PLUS;10/10 mg comp.x 30;Lazar;$ 40285.19;50%;$ 20142.6
45649;atorvastatín+ezetimibe;LIPONORM PLUS;20/10 mg comp.x 30;Lazar;$ 55861.75;50%;$ 27930.88
61469;atorvastatín+ezetimibe;LIPONORM PLUS;40/10 mg comp.x 30;Lazar;$ 68926.05;50%;$ 34463.03
21227;azitromicina;NEBLIC;500 mg comp.rec.x 3;Lazar;$ 9804.97;60%;$ 3921.99
22070;azitromicina;NEBLIC;500 mg comp.rec.x 6;Lazar;$ 15533.2;60%;$ 6213.28
50785;betametasona;LAZAR CORT;cr.x 20 g;Lazar;$ 7960.69;50%;$ 3980.35
50786;betametasona+gentamic.+miconazol;LAZAR CORT COMPLEX;cr.x 20 g;Lazar;$ 15573.29;40%;$ 9343.97
50317;calcipotriol;CUTANIT LOCION;env.x 20 ml;Lazar;$ 27929.78;50%;$ 13964.89
47733;calcipotriol;CUTANIT;ung.x 30 g;Lazar;$ 28526.86;50%;$ 14263.43
47734;calcipotriol+betametasona,diprop;CUTANIT B;ung. x 30 g;Lazar;$ 44131.27;40%;$ 26478.76
36206;carvedilol;CORUBIN;12.5 mg comp.x 28;Lazar;$ 13740.73;60%;$ 5496.29
36207;carvedilol;CORUBIN;25 mg comp.x 28;Lazar;$ 17399.34;60%;$ 6959.74
36205;carvedilol;CORUBIN;6.25 mg comp.x 28;Lazar;$ 11015.71;60%;$ 4406.28
32730;cetirizina;CETIZINE;10 mg comp.rec.x 10;Lazar;$ 9642.96;40%;$ 5785.78
32731;cetirizina;CETIZINE;10 mg comp.rec.x 20;Lazar;$ 14945.18;40%;$ 8967.11
32732;cetirizina;CETIZINE;gts.x 10 ml;Lazar;$ 8082.07;40%;$ 4849.24
42619;ciprofibrato;FIXERIL;100 mg comp.x 30;Lazar;$ 39952.69;60%;$ 15981.08
42620;ciprofibrato;FIXERIL;100 mg comp.x 60;Lazar;$ 73930.8;60%;$ 29572.32
11051;ciprofloxacina;CIPROFLOXACINA LAZAR;250 mg comp.rec.x 10;Lazar;$ 6668.88;60%;$ 2667.55
11052;ciprofloxacina;CIPROFLOXACINA LAZAR;500 mg comp.rec.x 10;Lazar;$ 18428.02;60%;$ 7371.21
11053;ciprofloxacina;CIPROFLOXACINA LAZAR;500 mg comp.rec.x 20;Lazar;$ 34320.6;60%;$ 13728.24
22619;ciprofloxacina;CIPROFLOXACINA LAZAR;750 mg comp.rec.x 10;Lazar;$ 30395.05;60%;$ 12158.02
51555;clindamicina+ketoconazol;FANGAN DUO;400/100 mg óv.x 7;Lazar;$ 19826.87;50%;$ 9913.44
51556;clobetasol;SALVICUTAN;cr.x 30 g;Lazar;$ 19475.64;40%;$ 11685.38
51571;dapsona;DAPSONA LAZAR;100 mg comp.x 50;Lazar;$ 21207.86;50%;$ 10603.93
57761;dehidrocólico,ác.+asoc.;ECUAMON DIGEST;comp. rec.x 20;Lazar;$ 12222.69;50%;$ 6111.35
57762;dehidrocólico,ác.+asoc.;ECUAMON DIGEST;comp. rec.x 40;Lazar;$ 20989.37;50%;$ 10494.69
50979;desloratadina;DELORAT;5 mg comp.rec.x 14;Lazar;$ 12725.3;40%;$ 7635.18
41793;desloratadina;DELORAT;5mg/10ml jbe.x 50 ml;Lazar;$ 10362.71;40%;$ 6217.63
56991;desloratadina+betametasona;DELORAT B;comp.rec.x 10;Lazar;$ 11707.15;40%;$ 7024.29
56992;desloratadina+betametasona;DELORAT B;jbe.x 60 ml;Lazar;$ 14029.32;40%;$ 8417.59
58631;diclofenac sódico;FLOGOLISIN;75 mg comp.rec.x 30;Lazar;$ 31740.22;40%;$ 19044.13
61625;diosmina;DIPEMINA;cr. x 30 g;Lazar;$ 14222.33;50%;$ 7111.17
61057;diosmina+hesperidina micronizada;DIPEMINA;1000 mg comp.rec.x 30;Lazar;$ 55945.93;40%;$ 33567.56
33883;diosmina+hesperidina micronizada;DIPEMINA;500 mg comp.rec.x 30;Lazar;$ 31092;40%;$ 18655.2
33884;diosmina+hesperidina micronizada;DIPEMINA;500 mg comp.rec.x 60;Lazar;$ 56272.06;40%;$ 33763.24
4959;dipirona;NOVEMINA;jbe.x 120 ml;Lazar;$ 7140.3;50%;$ 3570.15
4937;domperidona;ECUAMON;comp.rec.x 20;Lazar;$ 9185.24;50%;$ 4592.62
4938;domperidona;ECUAMON;gts.x 20 ml;Lazar;$ 8214.08;50%;$ 4107.04
51554;dutasteride;TUMULAN;0.5 mg comp.x 30;Lazar;$ 41521.35;50%;$ 20760.68
61472;dutasteride+tamsulosina;DIUFORTAN PLUS;0.5/0.4 mg cáps.x 30;Lazar;$ 63236.59;50%;$ 31618.3
35084;enalapril;ECAPRILAT;10 mg comp.x 30;Lazar;$ 9857.43;80%;$ 1971.49
7035;enalapril;ECAPRILAT;10 mg comp.x 60;Lazar;$ 18872.81;80%;$ 3774.56
35085;enalapril;ECAPRILAT;20 mg comp.x 30;Lazar;$ 10947.44;80%;$ 2189.49
7072;enalapril;ECAPRILAT;20 mg comp.x 60;Lazar;$ 21446.87;80%;$ 4289.37
63418;eplerenona;PLERIAM;25 mg comp.x 30;Lazar;$ 21961.6;50%;$ 10980.8
63419;eplerenona;PLERIAM;50 mg comp.x 30;Lazar;$ 31887.18;50%;$ 15943.59
35633;estradiol+prasterona;SUPLIGOL NF;IM iny.a.x 1 x 1 ml;Lazar;$ 852.35;50%;$ 426.18
4949;etofenamato;FLOGOL;gel x 50 g;Lazar;$ 3492.67;50%;$ 1746.34
36204;ezetimibe;ALIN;10 mg comp.x 30;Lazar;$ 20149.22;50%;$ 10074.61
58338;famotidina;LAZARTIDINA;20 mg comp.rec.x 30;Lazar;$ 10033.49;40%;$ 6020.09
58339;famotidina;LAZARTIDINA;20 mg comp.rec.x 60;Lazar;$ 17733.87;40%;$ 10640.32
58340;famotidina;LAZARTIDINA;40 mg comp.rec.x 30;Lazar;$ 19535.67;40%;$ 11721.4
58341;famotidina;LAZARTIDINA;40 mg comp.rec.x 60;Lazar;$ 36291.66;40%;$ 21775
23172;fexofenadina;ALERFEDINE;120 mg comp.rec.x 10;Lazar;$ 11301.11;50%;$ 5650.56
23173;fexofenadina;ALERFEDINE;120 mg comp.rec.x 30;Lazar;$ 31272.25;50%;$ 15636.13
24034;fexofenadina;ALERFEDINE;180 mg comp.rec.x 10;Lazar;$ 20317.78;50%;$ 10158.89
24035;fexofenadina;ALERFEDINE;180 mg comp.rec.x 20;Lazar;$ 31536.7;50%;$ 15768.35
54926;fexofenadina;ALERFEDINE;susp.oral x 150 ml;Lazar;$ 708.24;50%;$ 354.12
28138;fexofenadina+pseudoefedrina;ALERFEDINE D;comp.rec.x 10;Lazar;$ 12863.54;50%;$ 6431.77
50782;fluconazol;FUNGOCINA;100 mg comp.x 16;Lazar;$ 78785.07;50%;$ 39392.54
16283;fluconazol;FUNGOCINA;150 mg comp.x 1;Lazar;$ 8438.62;50%;$ 4219.31
16284;fluconazol;FUNGOCINA;150 mg comp.x 2;Lazar;$ 15607.9;50%;$ 7803.95
18589;fluconazol;FUNGOCINA;150 mg comp.x 4;Lazar;$ 26436.53;50%;$ 13218.27
50783;fluconazol;FUNGOCINA;150 mg comp.x 8;Lazar;$ 41446.07;50%;$ 20723.04
50784;fluconazol;FUNGOCINA;200 mg comp.x 12;Lazar;$ 89838.48;50%;$ 44919.24
50781;fluconazol;FUNGOCINA;50 mg comp.x 10;Lazar;$ 12628.37;50%;$ 6314.19
40480;fusídico,ác.;ARZIMOL;2% cr.x 15 g;Lazar;$ 11574.64;60%;$ 4629.86
42574;fusídico,ác.+betametasona;ARZIMOL B;cr.x 15 g;Lazar;$ 18432.92;40%;$ 11059.75
33721;glimepiride;ADIUVAN;2 mg comp.x 30;Lazar;$ 11838.35;100%;$ 0
33722;glimepiride;ADIUVAN;4 mg comp.x 30;Lazar;$ 20458.09;100%;$ 0
46353;glimepiride+metformina;ADIUVAN MET;2/1000 mg comp.x 30;Lazar;$ 14594.64;50%;$ 7297.32
46354;glimepiride+metformina;ADIUVAN MET;4/1000 mg comp.x 30;Lazar;$ 25268.84;50%;$ 12634.42
58529;hidrosmina;FLEBOSMINA;200 mg cáps.x 30;Lazar;$ 33238.61;50%;$ 16619.31
46355;hidrosmina;FLEBOSMINA;200 mg cáps.x 60;Lazar;$ 53843.11;50%;$ 26921.56
46358;hidrosmina;FLEBOSMINA;gel 2% x 40 g;Lazar;$ 14749.64;50%;$ 7374.82
4913;hidroxicina;ATARAXONE;10 mg comp.rec.x 20;Lazar;$ 12945.76;50%;$ 6472.88
4914;hidroxicina;ATARAXONE;25 mg comp.rec.x 20;Lazar;$ 18028.89;50%;$ 9014.45
22548;hidroxicina;ATARAXONE;50 mg comp.rec.x 20;Lazar;$ 34285.15;50%;$ 17142.58
29715;hidroxicina;ATARAXONE;gts.x 20 ml;Lazar;$ 12135.39;50%;$ 6067.7
56147;ibuprofeno;IBUMULTIN;4% susp.x 90 ml;Lazar;$ 8762.11;40%;$ 5257.27
35959;ibuprofeno;IBUMULTIN V.L.;400 mg comp. x 10;Lazar;$ 2849.26;40%;$ 1709.56
48869;ibuprofeno;IBUMULTIN;600 mg comp. x 10;Lazar;$ 5912.88;40%;$ 3547.73
50915;imiquimod;MIQUIMOD;3.75% cr.x 3 g;Lazar;$ 19619.61;50%;$ 9809.81
60205;imiquimod;MIQUIMOD;5% cr.x 10 g;Lazar;$ 42188.72;50%;$ 21094.36
33157;imiquimod;MIQUIMOD;5% cr.x 3 g;Lazar;$ 24553.42;50%;$ 12276.71
20561;ketoconazol;FANGAN;ov.x 5;Lazar;$ 17521.21;40%;$ 10512.73
63517;lactulosa;LACTULON;15 ml sachets x 16;Lazar;$ 30169.03;40%;$ 18101.42
63516;lactulosa;LACTULON;15 ml sachets x 8;Lazar;$ 16434.09;40%;$ 9860.45
1402;lactulosa;LACTULON;jbe.x 120 ml;Lazar;$ 16005.76;40%;$ 9603.46
3994;lactulosa;LACTULON;jbe.x 250 ml;Lazar;$ 26811.81;40%;$ 16087.09
61470;levocetirizina;CETIZINE L;5 mg comp.rec.x 10;Lazar;$ 8934.91;50%;$ 4467.46
61471;levocetirizina;CETIZINE L;5 mg comp.rec.x 30;Lazar;$ 22565.89;50%;$ 11282.95
44817;levofloxacina;BACTOCILINA;500 mg comp.rec.x 7;Lazar;$ 15832.12;60%;$ 6332.85
44818;levofloxacina;BACTOCILINA;750 mg comp.rec.x 5;Lazar;$ 18072.15;60%;$ 7228.86
39742;metformina;MEDOBIS;1000 mg comp. x 30;Lazar;$ 14905.49;100%;$ 0
43240;metformina;MEDOBIS 1000 AP;1000 mg comp.rec.AP x 30;Lazar;$ 13943.82;100%;$ 0
43241;metformina;MEDOBIS 1000 AP;1000 mg comp.rec.AP x 60;Lazar;$ 29647.51;100%;$ 0
39738;metformina;MEDOBIS;500 mg comp. x 30;Lazar;$ 5518.69;100%;$ 0
39739;metformina;MEDOBIS;500 mg comp. x 60;Lazar;$ 10880.62;100%;$ 0
39740;metformina;MEDOBIS;850 mg comp. x 30;Lazar;$ 10880.62;100%;$ 0
39741;metformina;MEDOBIS;850 mg comp. x 60;Lazar;$ 20865.81;100%;$ 0
43238;metformina;MEDOBIS AP;850 mg comp.rec.AP x 30;Lazar;$ 12068.18;100%;$ 0
43239;metformina;MEDOBIS AP;850 mg comp.rec.AP x 60;Lazar;$ 23037.94;100%;$ 0
54221;metronidazol;ROXEDERM;1% cr.x 30 g;Lazar;$ 16971.98;50%;$ 8485.99
37913;metronidazol;COLPOFILIN;500 mg comp.x 10;Lazar;$ 6123.34;50%;$ 3061.67
37914;metronidazol;COLPOFILIN;500 mg comp.x 20;Lazar;$ 11350.55;50%;$ 5675.28
43242;miconazol+metronidazol+asoc.;FANGAN PLUS;óv.x 6;Lazar;$ 17411.24;40%;$ 10446.74
59923;modafinilo;ACTEMIN;200 mg comp.x 10;Lazar;$ 20332.23;50%;$ 10166.12
43885;montelukast;INSPIROL;10 mg comp.rec.x 30;Lazar;$ 40495.33;50%;$ 20247.67
43883;montelukast;INSPIROL;4 mg comp.mast.x 30;Lazar;$ 38068.4;50%;$ 19034.2
43884;montelukast;INSPIROL;5 mg comp.mast.x 30;Lazar;$ 39185.3;50%;$ 19592.65
50787;mupirocina;MUPAX NASAL;2% ung.x 5 g;Lazar;$ 12029.97;50%;$ 6014.99
34447;mupirocina;MUPAX;cr.x 15 g;Lazar;$ 15682.92;50%;$ 7841.46
30804;mupirocina;MUPAX;ung.derm.x 15 g;Lazar;$ 13068.4;50%;$ 6534.2
52949;nebivolol;NEBICOR;10 mg comp.x 30;Lazar;$ 38732.68;50%;$ 19366.34
52947;nebivolol;NEBICOR;2.5 mg comp.x 30;Lazar;$ 9221.02;50%;$ 4610.51
59345;nebivolol;NEBICOR;5 mg comp.x 30;Lazar;$ 19722;50%;$ 9861
59346;nebivolol+hidroclorotiazida;NEBICOR D;5/12.5 mg comp.rec.x 30;Lazar;$ 24494.81;50%;$ 12247.41
24394;nimodipina;NIMODILAT FORTE;comp.rec.x 30;Lazar;$ 17961.21;50%;$ 8980.61
34915;nimodipina;NIMODILAT;comp.rec.x 30;Lazar;$ 11239.29;50%;$ 5619.65
24395;nimodipina;NIMODILAT FORTE;comp.rec.x 60;Lazar;$ 23650.95;50%;$ 11825.48
12654;nimodipina;NIMODILAT;comp.rec.x 60;Lazar;$ 18370.42;50%;$ 9185.21
30805;nimodipina+citicolina;NIMODILAT PLUS;comp.rec.x 30;Lazar;$ 24905.23;50%;$ 12452.62
30806;nimodipina+citicolina;NIMODILAT PLUS;comp.rec.x 60;Lazar;$ 44955.46;50%;$ 22477.73
1537;norfloxacina;UROXACIN;400 mg comp.rec.x 10;Lazar;$ 10260.38;60%;$ 4104.15
4981;norfloxacina;UROXACIN;400 mg comp.rec.x 20;Lazar;$ 18819.28;60%;$ 7527.71
52282;paracetamol;PARACETAMOL LAZAR;1 g comp.x 30;Lazar;$ 9203.97;40%;$ 5522.38
18994;paracetamol;PARACETAMOL LAZAR;500 mg comp.x 20;Lazar;$ 351.37;40%;$ 210.82
18995;paracetamol;PARACETAMOL LAZAR;gts.x 20 ml;Lazar;$ 6190.72;40%;$ 3714.43
4954;paracetamol+dipirona;MULTIN;comp.rec.x 10;Lazar;$ 3856.99;40%;$ 2314.19
4214;paracetamol+dipirona;MULTIN;gts.x 20 ml;Lazar;$ 7344.74;40%;$ 4406.84
62970;peg 3350;OSTILAX P;sobres x 10;Lazar;$ 41806.23;50%;$ 20903.12
62971;peg 3350;OSTILAX P;sobres x 30;Lazar;$ 72840.16;50%;$ 36420.08
54216;peg 3350+asoc.;OSTILAX;sobres x 30;Lazar;$ 98733.43;50%;$ 49366.72
39734;pioglitazona;HIGLUCEM;15 mg comp.x 28;Lazar;$ 24717.83;50%;$ 12358.92
39736;pioglitazona;HIGLUCEM;30 mg comp.x 28;Lazar;$ 30020.74;50%;$ 15010.37
39737;pioglitazona;HIGLUCEM;45 mg comp.x 30;Lazar;$ 31588.63;50%;$ 15794.32
48863;prasugrel;FLUIDIN;10 mg comp.rec.x 28;Lazar;$ 49873.33;50%;$ 24936.67
48862;prasugrel;FLUIDIN;5 mg comp.rec.x 28;Lazar;$ 24233.4;50%;$ 12116.7
38447;quetiapina;VESPARAX;100 mg comp.rec.x 30;Lazar;$ 88486;50%;$ 44243
38448;quetiapina;VESPARAX;200 mg comp.rec.x 30;Lazar;$ 115751.13;50%;$ 57875.57
38446;quetiapina;VESPARAX;25 mg comp.rec.x 30;Lazar;$ 54142.28;50%;$ 27071.14
39727;repaglinida;GLUKENIL;0.5 mg comp.x 30;Lazar;$ 13144.2;50%;$ 6572.1
39729;repaglinida;GLUKENIL;1 mg comp.x 30;Lazar;$ 13778;50%;$ 6889
39731;repaglinida;GLUKENIL;2 mg comp.x 30;Lazar;$ 13928.56;50%;$ 6964.28
58804;rivaroxabán;ANTITROM;10 mg x 30 comp.rec.;Lazar;$ 104343.57;50%;$ 52171.79
58805;rivaroxabán;ANTITROM;15 mg x 30 comp.rec.;Lazar;$ 103311.47;50%;$ 51655.74
58806;rivaroxabán;ANTITROM;20 mg x 30 comp.rec.;Lazar;$ 107557.41;50%;$ 53778.71
40481;rosuvastatina;ASTENDE;10 mg comp.rec.x 14;Lazar;$ 1353.82;60%;$ 541.53
59343;rosuvastatina;ASTENDE;10 mg comp.rec.x 30;Lazar;$ 23863.13;60%;$ 9545.25
52719;rosuvastatina;ASTENDE;20 mg comp.rec.x 14;Lazar;$ 2622.58;60%;$ 1049.03
59344;rosuvastatina;ASTENDE;20 mg comp.rec.x 30;Lazar;$ 43526.7;60%;$ 17410.68
59447;rosuvastatina;ASTENDE;40 mg comp.rec.x 30;Lazar;$ 74756.77;60%;$ 29902.71
53346;rosuvastatina;ASTENDE;5 mg comp.rec.x 30;Lazar;$ 16080.61;60%;$ 6432.24
38798;sildenafil;EXPIT;50 mg comp.mast.x 10;Lazar;$ 5391.75;50%;$ 2695.88
31513;sildenafil;EXPIT;50 mg comp.rec.x 2;Lazar;$ 5175.64;50%;$ 2587.82
63421;simeticona;SIMEFLAT;200 mg comp.x 30;Lazar;$ 7444.45;50%;$ 3722.23
63422;simeticona;SIMEFLAT;gts.x 20 ml;Lazar;$ 9661.58;50%;$ 4830.79
47180;solifenacina;NOVURIT;10 mg comp.rec.x 20;Lazar;$ 3613.57;50%;$ 1806.79
53700;solifenacina;NOVURIT;10 mg comp.rec.x 30;Lazar;$ 54739.34;50%;$ 27369.67
47179;solifenacina;NOVURIT;5 mg comp.rec.x 20;Lazar;$ 3156.87;50%;$ 1578.44
53699;solifenacina;NOVURIT;5 mg comp.rec.x 30;Lazar;$ 48540.94;50%;$ 24270.47
52447;tadalafilo;H36 LAZAR;20 mg comp.rec.x 2;Lazar;$ 21582.03;50%;$ 10791.02
59006;tadalafilo;H36 LAZAR;20 mg comp.rec.x 4;Lazar;$ 40796.98;50%;$ 20398.49
53698;tadalafilo;H36 LAZAR;5 mg comp.rec.x 30;Lazar;$ 102682.02;50%;$ 51341.01
54219;tamsulosina;DIUFORTAN;0.4 mg cáps.x 30;Lazar;$ 42567.17;50%;$ 21283.59
54220;tamsulosina;DIUFORTAN;0.4 mg cáps.x 60;Lazar;$ 70571.1;50%;$ 35285.55
61058;telmisartán;TAROPLEN;40 mg comp.x 30;Lazar;$ 55227.79;60%;$ 22091.12
61059;telmisartán;TAROPLEN;80 mg comp.x 30;Lazar;$ 73456.7;60%;$ 29382.68
63423;telmisartán+amlodipina;TAROPLEN A;40/5 mg comp.x 30;Lazar;$ 70724.39;50%;$ 35362.2
63416;telmisartán+amlodipina;TAROPLEN A;80/10 mg comp.x 30;Lazar;$ 91587.97;50%;$ 45793.99
63424;telmisartán+amlodipina;TAROPLEN A;80/5 mg comp.x 30;Lazar;$ 88978.07;50%;$ 44489.04
61060;telmisartán+hidroclorotiazida;TAROPLEN D;40/12.5 mg comp.x 30;Lazar;$ 55228.23;50%;$ 27614.12
61061;telmisartán+hidroclorotiazida;TAROPLEN D;80/12.5 mg comp.x 30;Lazar;$ 88070.67;50%;$ 44035.34
36905;terbinafina;FUNGUEAL;250 mg comp.rec.x 14;Lazar;$ 19249.11;50%;$ 9624.56
36906;terbinafina;FUNGUEAL;250 mg comp.rec.x 28;Lazar;$ 36489.7;50%;$ 18244.85
36907;terbinafina;FUNGUEAL;cr.x 15 g;Lazar;$ 5822.42;50%;$ 2911.21
54217;trimebutina+simeticona;COLONORM;200/120 mg comp.rec.x 30;Lazar;$ 18256.26;40%;$ 10953.76
54218;trimebutina+simeticona;COLONORM;200/120 mg comp.rec.x 60;Lazar;$ 31424.97;40%;$ 18854.98
59348;valsartán;SIMULTAN;160 mg comp.rec.x 30;Lazar;$ 36517.49;60%;$ 14607
59925;valsartán;SIMULTAN;320 mg comp.rec.x 30;Lazar;$ 38384.07;60%;$ 15353.63
59347;valsartán;SIMULTAN;80 mg comp.rec.x 30;Lazar;$ 28004.92;60%;$ 11201.97
59929;valsartán+amlodipina;SIMULTAN A;160/10 mg comp.x 30;Lazar;$ 42081.44;50%;$ 21040.72
59928;valsartán+amlodipina;SIMULTAN A;160/5 mg comp.x 30;Lazar;$ 41819.34;50%;$ 20909.67
54597;valsartán+amlodipina;SIMULTAN A;320/10 mg comp.x 30;Lazar;$ 48885.13;50%;$ 24442.57
54596;valsartán+amlodipina;SIMULTAN A;320/5 mg comp.x 30;Lazar;$ 46175.86;50%;$ 23087.93
59350;valsartán+amlodipina;SIMULTAN A;80/5 mg comp.x 30;Lazar;$ 38407.2;50%;$ 19203.6
59931;valsartán+hidrocloroti.+amlodip.;SIMULTAN TRIPLE;160/12.5/10 comp.rec.x30;Lazar;$ 52946.91;50%;$ 26473.46
59930;valsartán+hidrocloroti.+amlodip.;SIMULTAN TRIPLE;160/12.5/5 comp.rec.x30;Lazar;$ 51825.67;50%;$ 25912.84
59932;valsartán+hidrocloroti.+amlodip.;SIMULTAN TRIPLE;320/25/10 comp.rec.x 30;Lazar;$ 55111.98;50%;$ 27555.99
59927;valsartán+hidroclorotiazida;SIMULTAN D;160/12.5mg comp.rec.x 30;Lazar;$ 32111.19;50%;$ 16055.6
59926;valsartán+hidroclorotiazida;SIMULTAN D;160/25 mg comp.rec.x 30;Lazar;$ 38832.75;50%;$ 19416.38
54598;valsartán+hidroclorotiazida;SIMULTAN D;320/12.5mg comp.rec.x 30;Lazar;$ 35997.8;50%;$ 17998.9
54599;valsartán+hidroclorotiazida;SIMULTAN D;320/25 mg comp.rec.x 30;Lazar;$ 36242.82;50%;$ 18121.41
59349;valsartán+hidroclorotiazida;SIMULTAN D;80/12.5 mg comp.rec.x 30;Lazar;$ 29124.7;50%;$ 14562.35
57233;vildagliptin;CARFLAX;50 mg comp.x 30;Lazar;$ 37623.23;100%;$ 0
57234;vildagliptin;CARFLAX;50 mg comp.x 60;Lazar;$ 71771.87;100%;$ 0
57237;vildagliptin+metformina;CARFLAX MET;50/1000 mg comp.x 30;Lazar;$ 51062.98;100%;$ 0
57238;vildagliptin+metformina;CARFLAX MET;50/1000 mg comp.x 60;Lazar;$ 96554.38;100%;$ 0
57235;vildagliptin+metformina;CARFLAX MET;50/850 mg comp. x 30;Lazar;$ 44013.54;100%;$ 0
57236;vildagliptin+metformina;CARFLAX MET;50/850 mg comp. x 60;Lazar;$ 83993.45;100%;$ 0
46273;atorvastatín;NORMOLIPOL;10 mg comp.rec.x 30;Lepetit;$ 31031.9;60%;$ 12412.76
56348;atorvastatín;NORMOLIPOL;10 mg comp.rec.x 60;Lepetit;$ 57310;60%;$ 22924
47859;atorvastatín;NORMOLIPOL;20 mg comp.rec.x 30;Lepetit;$ 44054.96;60%;$ 17621.98
56349;atorvastatín;NORMOLIPOL;20 mg comp.rec.x 60;Lepetit;$ 84248.4;60%;$ 33699.36
51801;atorvastatín;NORMOLIPOL;40 mg comp.rec.x 30;Lepetit;$ 57314.79;60%;$ 22925.92
56350;atorvastatín;NORMOLIPOL;40 mg comp.rec.x 60;Lepetit;$ 114415.77;60%;$ 45766.31
52546;carvedilol;VEDILEP 25;25 mg comp.trirran.x 28;Lepetit;$ 11872.53;60%;$ 4749.01
47455;clopidogrel;CLOPILEP;75 mg comp.rec.x 15;Lepetit;$ 16560.6;50%;$ 8280.3
47456;clopidogrel;CLOPILEP;75 mg comp.rec.x 30;Lepetit;$ 32777.36;50%;$ 16388.68
47903;clopidogrel;CLOPILEP;75 mg comp.rec.x 60;Lepetit;$ 65667.48;50%;$ 32833.74
31516;enalapril;ENATRAL 10 MG;10 mg comp.x 30;Lepetit;$ 4667.47;80%;$ 933.49
47866;enalapril;ENATRAL 10 MG;10 mg comp.x 60;Lepetit;$ 9334.55;80%;$ 1866.91
47902;enalapril;ENATRAL 20 MG;20 mg comp.x 60;Lepetit;$ 10081.71;80%;$ 2016.34
47901;enalapril;ENATRAL 5 MG;5 mg comp.x 60;Lepetit;$ 8588.62;80%;$ 1717.72
59562;escitalopram;ELEVOPRAM;10 mg comp.x 30;Lepetit;$ 33100;50%;$ 16550
59600;escitalopram;ELEVOPRAM;20 mg comp.x 30;Lepetit;$ 54573.69;50%;$ 27286.85
28392;fenoximetilpenicilina;PEN ORAL;jbe.concent.x 60 g;Lepetit;$ 15725.55;60%;$ 6290.22
16291;fenoximetilpenicilina;PEN ORAL;jbe.concent.x 90 g;Lepetit;$ 19209.22;60%;$ 7683.69
43449;furosemida;FUROTRAL;40 mg comp.x 30;Lepetit;$ 4256.74;80%;$ 851.35
51545;gabapentin;AXILEP;100 mg cáps.x 30;Lepetit;$ 13442.88;60%;$ 5377.15
51546;gabapentin;AXILEP;300 mg cáps.x 30;Lepetit;$ 16429.32;60%;$ 6571.73
51547;gabapentin;AXILEP;300 mg cáps.x 60;Lepetit;$ 27257.94;60%;$ 10903.18
51548;gabapentin;AXILEP;400 mg caps.x 30;Lepetit;$ 18296;60%;$ 7318.4
25706;hidralazina;HIDRAL 25;25 mg comp.x 30;Lepetit;$ 22670;50%;$ 11335
25707;hidralazina;HIDRAL 50;50 mg comp.x 30;Lepetit;$ 37630;50%;$ 18815
43787;hidroclorotiazida;DIURAL;50 mg comp.x 15;Lepetit;$ 4031.41;50%;$ 2015.71
13734;hidroclorotiazida;DIURAL;50 mg comp.x 30;Lepetit;$ 7542.42;50%;$ 3771.21
47779;losartán;PRISONIL 100;100 mg comp.x 30;Lepetit;$ 30397.78;60%;$ 12159.11
54947;losartán;PRISONIL 100;100 mg comp.x 60;Lepetit;$ 50930;60%;$ 20372
46236;losartán;PRISONIL;50 mg comp.rec.x 30;Lepetit;$ 23346.95;60%;$ 9338.78
54948;losartán;PRISONIL;50 mg comp.rec.x 60;Lepetit;$ 46694.34;60%;$ 18677.74
46330;losartán+hidroclorotiazida;PRISONIL D;50/12.5 mg comp.rec.x 30;Lepetit;$ 17901.53;50%;$ 8950.77
13751;norfloxacina;FLOXATRAL;400 mg comp.x 20;Lepetit;$ 9708.26;60%;$ 3883.3
52689;olanzapina;ONOTRAN;10 mg comp.rec.x 28;Lepetit;$ 86713.92;50%;$ 43356.96
52690;olanzapina;ONOTRAN;5 mg comp.rec.x 28;Lepetit;$ 44974.08;50%;$ 22487.04
51686;paroxetina;MIXEGAN;20 mg comp.rec.x 10;Lepetit;$ 8961.77;50%;$ 4480.89
51687;paroxetina;MIXEGAN;20 mg comp.rec.x 30;Lepetit;$ 20536.49;50%;$ 10268.25
52692;quetiapina;KENANTIS;100 mg comp.x 30;Lepetit;$ 51787.1;50%;$ 25893.55
52693;quetiapina;KENANTIS;200 mg comp.x 30;Lepetit;$ 63884.14;50%;$ 31942.07
52691;quetiapina;KENANTIS;25 mg comp.x 30;Lepetit;$ 32296.99;50%;$ 16148.5
52695;rosuvastatina;ROSUX;10 mg comp.x 30;Lepetit;$ 20567.51;60%;$ 8227
63804;rosuvastatina;ROSUVASTATINA ROSUX;10 mg comp.x 30;Lepetit;$ 20567.51;60%;$ 8227
52696;rosuvastatina;ROSUX;20 mg comp.x 30;Lepetit;$ 30463.56;60%;$ 12185.42
63805;rosuvastatina;ROSUVASTATINA ROSUX;20 mg comp.x 30;Lepetit;$ 30463.56;60%;$ 12185.42
61327;rosuvastatina;ROSUX;40 mg comp.x 30;Lepetit;$ 56744.98;60%;$ 22697.99
52694;rosuvastatina;ROSUX;5 mg comp.x 30;Lepetit;$ 11785.03;60%;$ 4714.01
63803;rosuvastatina;ROSUVASTATINA ROSUX;5 mg comp.x 30;Lepetit;$ 11785.03;60%;$ 4714.01
51568;sertralina;DIMENA;100 mg comp.x 30;Lepetit;$ 24643.51;50%;$ 12321.76
51567;sertralina;DIMENA;50 mg comp.x 30;Lepetit;$ 14936.2;50%;$ 7468.1
46332;simvastatin;SISTATIN;10 mg comp.rec.x 30;Lepetit;$ 10454.66;60%;$ 4181.86
46333;simvastatin;SISTATIN;20 mg comp.rec.x 30;Lepetit;$ 13814.66;60%;$ 5525.86
55890;tamsulosina;TARUSOL;0.4 mg comp.lib.prol.x30;Lepetit;$ 30011.88;50%;$ 15005.94
55891;tamsulosina;TARUSOL;0.4 mg comp.lib.prol.x60;Lepetit;$ 47162.45;50%;$ 23581.23
51697;zopiclona;DESCANIL/ZOPICLONA;7.5 mg comp.x 30;Lepetit;$ 14936.2;50%;$ 7468.1
49158;budesonide+formoterol;MAXIVENT;160/4.5mcg aer.inh.x120d;Lersan;$ 84621.3;60%;$ 33848.52
59695;budesonide+formoterol;MAXIVENT;160/4.5mcg cáps.inh.x 60;Lersan;$ 72403.1;60%;$ 28961.24
59696;budesonide+formoterol;MAXIVENT;160/4.5mcg cáps.inh.x120;Lersan;$ 90268.44;60%;$ 36107.38
31807;ciclopirox;MICOPIROX LACA;laca x 5 ml;Lersan;$ 17535.67;50%;$ 8767.84
28235;ciclopiroxolamina;MICOPIROX;cr.x 30 g;Lersan;$ 9382.65;50%;$ 4691.33
28234;ciclopiroxolamina;MICOPIROX;loc.x 50 ml;Lersan;$ 10782.48;50%;$ 5391.24
37286;ciclopiroxolamina;MICOPIROX;shamp.x 100 ml;Lersan;$ 14295.52;50%;$ 7147.76
31804;clobetasol;DERMEXANE;cr.x 30 g;Lersan;$ 20280;40%;$ 12168
44442;clobetasol;DERMEXANE;espuma x 60 g;Lersan;$ 29430;40%;$ 17658
42968;clobetasol;DERMEXANE CAPILAR;loc.x 30 ml;Lersan;$ 18820;40%;$ 11292
31805;clobetasol;DERMEXANE;ung.x 30 g;Lersan;$ 18220;40%;$ 10932
54355;fluticasona+salmeterol;VETALONE;250/25 mcg aer.ds.x 120;Lersan;$ 34269.61;60%;$ 13707.84
53634;salbutamol+ipratropio,br.;MAXAIR;aer.x 200 dosis;Lersan;$ 19151.97;60%;$ 7660.79
23298;antígeno hepatitis a;VAQTA 25;iny.f.a.x 1 x 0.5 ml;MSD Argentina S;$ 82190.82;50%;$ 41095.41
23299;antígeno hepatitis a;VAQTA 50;iny.f.a.x 1 x 1 ml;MSD Argentina S;$ 97559.87;50%;$ 48779.94
32871;antígeno hepatitis b;HB VAX PRO;40 mcg IM f.a.x 1 x 1 ml;MSD Argentina S;$ 1786.8;50%;$ 893.4
7468;betametasona (diprop.y f.disod.);CRONOLEVEL;f.a.x 2 ml;MSD Argentina S;$ 1385.65;50%;$ 692.83
11224;betametasona+asoc.;CELESTAMINE PEDIATRICO;jbe.x 120 ml;MSD Argentina S;$ 1574.4;50%;$ 787.2
31797;desloratadina;AERIUS;jbe.x 60 ml;MSD Argentina S;$ 470.8;40%;$ 282.48
51104;diazóxido;PROGLICEM;100 mg x 5 cáps.x 20;MSD Argentina S;$ 624500.92;50%;$ 312250.46
35049;ezetimibe+simvastatin;VYTORIN;10/20 mg comp.x 14;MSD Argentina S;$ 1379.74;50%;$ 689.87
11203;gonadotrofina coriónica;PREGNYL;f.a.liof.x 1+disolv.x 1;MSD Argentina S;$ 1970.09;50%;$ 985.05
39081;hidroclorotiazida+amilorida;MODURETIC;comp.x 30;MSD Argentina S;$ 851.23;50%;$ 425.62
5385;hidroclorotiazida+amilorida;MODURETIC;comp.x 50;MSD Argentina S;$ 833.9;50%;$ 416.95
10396;levodopa+carbidopa;SINEMET CR;comp.x 30;MSD Argentina S;$ 1841.84;80%;$ 368.37
49290;levodopa+carbidopa;SINEMET 250/25;comp.x 50;MSD Argentina S;$ 3916.29;80%;$ 783.26
10308;mianserina;LERIVON;60 mg comp.x 30;MSD Argentina S;$ 847.76;50%;$ 423.88
23145;mirtazapina;REMERON;30 mg comp.x 10;MSD Argentina S;$ 1676.39;50%;$ 838.2
15342;mometasona;NOVASONE;loc.x 30 ml;MSD Argentina S;$ 2014.53;50%;$ 1007.27
48671;nomegestrol,acetato+estradiol;ZOELY;comp.rec.x 28;MSD Argentina S;$ 1930.9;50%;$ 965.45
40681;olmesartan+hidroclorotiazida;OLMETEC D 20/12.5;20/12.5 mg comp.rec.x 28;MSD Argentina S;$ 1311.82;50%;$ 655.91
40682;olmesartan+hidroclorotiazida;OLMETEC D 40/12.5;40/12.5 mg comp.rec.x 28;MSD Argentina S;$ 1311.82;50%;$ 655.91
40679;olmesartán;OLMETEC;20 mg comp.rec.x 28;MSD Argentina S;$ 1299.37;60%;$ 519.75
40680;olmesartán;OLMETEC;40 mg comp.rec.x 28;MSD Argentina S;$ 1299.37;60%;$ 519.75
23169;polisacáridos de neumococos;PNEUMOVAX 23;vial monodosis x 0.5 ml;MSD Argentina S;$ 74178.6;50%;$ 37089.3
26160;simvastatin;ZOCOR;80 mg comp.x 30;MSD Argentina S;$ 1403.92;60%;$ 561.57
39991;sitagliptina;JANUVIA;100 mg comp.x 28;MSD Argentina S;$ 124869.1;100%;$ 0
39989;sitagliptina;JANUVIA;25 mg comp.x 28;MSD Argentina S;$ 98830.81;100%;$ 0
39990;sitagliptina;JANUVIA;50 mg comp.x 28;MSD Argentina S;$ 116419.54;100%;$ 0
49810;sitagliptina+metformina,clorh.;JANUMET XR;100/1000 mg comp.AP x 28;MSD Argentina S;$ 135590.6;100%;$ 0
49811;sitagliptina+metformina,clorh.;JANUMET XR;50/1000 mg comp.AP x 56;MSD Argentina S;$ 150372.39;100%;$ 0
41620;sitagliptina+metformina,clorh.;JANUMET;50/1000 mg comp.x 28;MSD Argentina S;$ 79075.39;100%;$ 0
46974;sitagliptina+metformina,clorh.;JANUMET;50/1000 mg comp.x 56;MSD Argentina S;$ 150524.18;100%;$ 0
41621;sitagliptina+metformina,clorh.;JANUMET;50/500 mg comp.x 28;MSD Argentina S;$ 68194.43;100%;$ 0
46975;sitagliptina+metformina,clorh.;JANUMET;50/850 mg comp.x 56;MSD Argentina S;$ 134059.8;100%;$ 0
7951;tibolona;TIBOFEM;comp.x 30;MSD Argentina S;$ 2360.98;50%;$ 1180.49
50626;virus atenuados varicela;VARIVAX;f.a.x 0.5 ml+f.diluy.;MSD Argentina S;$ 134629.96;50%;$ 67314.98
5383;virus saram.+parotiditis+rubéola;MMR II;iny.liof.f.a.x 1+jga.;MSD Argentina S;$ 40022.09;50%;$ 20011.05
26169;amoxicilina;AMOXI 250 MAR;250 mg susp.ext.x 105 ml;Mar;$ 7616.8;60%;$ 3046.72
26168;amoxicilina;AMOXI 500 MAR;500 mg comp.x 21;Mar;$ 6795.86;60%;$ 2718.34
28536;amoxicilina;AMOXI 500 MAR;500 mg susp.ext.x 105 ml;Mar;$ 9334.55;60%;$ 3733.82
37674;amoxicilina;AMOXI 500 MAR;500 mg susp.ext.x 150 ml;Mar;$ 11052.57;60%;$ 4421.03
42978;amoxicilina;AMOXI DUO MAR;875 mg comp. x 14;Mar;$ 10081.71;60%;$ 4032.68
42980;amoxicilina;AMOXI DUO MAR;susp. x 100 ml;Mar;$ 14189.25;60%;$ 5675.7
42979;amoxicilina;AMOXI DUO MAR;susp. x 70 ml;Mar;$ 10828.38;60%;$ 4331.35
42625;amoxicilina+clavulánico,ác.;AMOXI PLUS MAR;875/125 mg comp.x 14;Mar;$ 18454.87;60%;$ 7381.95
49521;amoxicilina+clavulánico,ác.;AMOXI PLUS MAR;875/125 mg comp.x 20;Mar;$ 24270.54;60%;$ 9708.22
42626;amoxicilina+clavulánico,ác.;AMOXI PLUS MAR;susp.x 70 ml;Mar;$ 12653.99;60%;$ 5061.6
39517;betametasona;METAMAR;0.5 mg comp.x 30;Mar;$ 8363.94;50%;$ 4181.97
39515;betametasona;METAMAR;gts.x 30 ml;Mar;$ 5800;50%;$ 2900
39514;betametasona (acet.y fosf.disod);METAMAR RETARD;f.a.x 1 x 2 ml + jga.;Mar;$ 11500.09;50%;$ 5750.05
24371;cefadroxilo;CEFAMAR;250 mg/5 ml susp.x 70 ml;Mar;$ 7400;60%;$ 2960
24370;cefadroxilo;CEFAMAR;500 mg comp.x 14;Mar;$ 11574.64;60%;$ 4629.86
26553;cefadroxilo;CEFAMAR;500 mg/5 ml susp.x 70 ml;Mar;$ 12694.71;60%;$ 5077.88
60133;ciprofloxacina;CIPROMAR;500 mg comp.rec.x 10;Mar;$ 10850;60%;$ 4340
60134;ciprofloxacina;CIPROMAR;500 mg comp.rec.x 14;Mar;$ 15539.46;60%;$ 6215.78
48858;claritromicina;TUCLARIT;500 mg comp.x 14;Mar;$ 19042.54;60%;$ 7617.02
48859;claritromicina;TUCLARIT;500 mg comp.x 20;Mar;$ 25798.3;60%;$ 10319.32
54640;desloratadina;DESLORAMAR;5 mg comp.x 14;Mar;$ 10270;40%;$ 6162
54639;desloratadina;DESLORAMAR;5 mg comp.x 7;Mar;$ 5950;40%;$ 3570
54641;desloratadina;DESLORAMAR;susp.fco.x 60 ml;Mar;$ 9950;40%;$ 5970
54642;desloratadina+betametasona;DESLORAMAR CORT;5 mg comp.x 10;Mar;$ 10250;40%;$ 6150
54643;desloratadina+betametasona;DESLORAMAR CORT;susp.fco.x 60 ml;Mar;$ 11040;40%;$ 6624
24373;diclofenac potásico;DICLOMAR;50 mg comp.x 20;Mar;$ 5575;40%;$ 3345
47278;diclofenac potásico;DICLOMAR;50 mg comp.x 30;Mar;$ 11330;40%;$ 6798
40439;diclofenac potásico;DICLOMAR;75 mg comp.x 20;Mar;$ 9490;40%;$ 5694
47279;diclofenac potásico;DICLOMAR;75 mg comp.x 30;Mar;$ 19760;40%;$ 11856
52445;diclofenac potásico+paracetamol;DICLOMAR GESIC;50/500 mg comp.rec.x 30;Mar;$ 17375;40%;$ 10425
47973;diclofenac potásico+pridinol;DICLOMAR FLEX POTASICO;comp.x 15;Mar;$ 8220;40%;$ 4932
58451;diclofenac potásico+vit.b12+beta;DICLOMAR B12;comp.rec.x 20;Mar;$ 22515;40%;$ 13509
58453;diclofenac potásico+vit.b12+beta;DICLOMAR B12;iny.a.x 6 x 3 ml;Mar;$ 43400;40%;$ 26040
51473;gentamicina+clotrimazol+betamet.;METAMAR PLUS;crema x 20 g;Mar;$ 9550;40%;$ 5730
30002;ibuprofeno;IBUMAR;2 g/100 ml susp.x 90 ml;Mar;$ 4900;40%;$ 2940
47814;ibuprofeno;IBUMAR;4 g/100 ml susp.x 90 ml;Mar;$ 7750;40%;$ 4650
30001;ibuprofeno;IBUMAR;400 mg comp.x 10;Mar;$ 2550;40%;$ 1530
46593;ibuprofeno;IBUMAR 600;600 mg comp.x 20;Mar;$ 7290;40%;$ 4374
54620;ketorolac trometamina;KETOMAR SL;10 mg comp.subl.x 10;Mar;$ 6955.29;50%;$ 3477.65
54616;ketorolac trometamina;KETOMAR;10 mg comp.x 10;Mar;$ 5168.29;50%;$ 2584.15
54617;ketorolac trometamina;KETOMAR;10 mg comp.x 20;Mar;$ 9546.32;50%;$ 4773.16
54618;ketorolac trometamina;KETOMAR;20 mg comp.x 10;Mar;$ 6624.21;50%;$ 3312.11
54619;ketorolac trometamina;KETOMAR;20 mg comp.x 20;Mar;$ 12170.85;50%;$ 6085.43
61385;tiras reactivas;YUWELL;tiras react.p/glucosax50;Maverick;$ 61774.23;100%;$ 0
45899;acetazolamida;DIABO;250 mg comp.x 50;Max Vision;$ 20804.53;80%;$ 4160.91
25085;azelastina;BRIXIA;colirio x 6 ml;Max Vision;$ 18352.87;50%;$ 9176.44
47667;brimonidina+timolol;BRIT;sol.oft.x 5 ml;Max Vision;$ 23466.09;50%;$ 11733.05
49273;bromfenac;FENAC;sol.oft.estéril x 5 ml;Max Vision;$ 17959.65;50%;$ 8979.83
57309;carbomer;COOL GEL;gel oft.x 10 g;Max Vision;$ 15526.59;50%;$ 7763.3
13534;carteolol,clorh.;GLAUTEOLOL;2% env.x 5 ml;Max Vision;$ 17434.95;60%;$ 6973.98
51198;ciclosporina;CIPOS 0.1;sol.oft.x 5 ml;Max Vision;$ 36478.59;60%;$ 14591.44
57170;ciprofloxacina+dexametasona;POLEX;susp.oft.estéril x 5 ml;Max Vision;$ 11329.46;50%;$ 5664.73
58090;ciprofloxacina+dexametasona;POLEX;ung.oft.estéril x 3.5 g;Max Vision;$ 12657.98;50%;$ 6328.99
17482;condroitín,sulfato+asoc.;OPTILAC;colirio x 10 ml;Max Vision;$ 23953.28;50%;$ 11976.64
13053;dexametasona;SEDESTEROL;gts.oft.x 5 ml;Max Vision;$ 14561.87;50%;$ 7280.94
46370;dorzolamida+timolol;PRESS OUT T;sol.oft.x 5 ml;Max Vision;$ 30424.87;60%;$ 12169.95
36698;epinastina;ALKET;sol.oft.x 5 ml;Max Vision;$ 21395.92;50%;$ 10697.96
32678;hidroxipropilmetilcelulosa;COOL TEARS;sol.oft.x 20 ml;Max Vision;$ 12428.73;50%;$ 6214.37
19680;inosina,monofosfato disódico;LUMICLAR;colirio x 10 ml;Max Vision;$ 29262.61;50%;$ 14631.31
25985;ketotifeno;ANTILERG;colirio x 10 ml;Max Vision;$ 18907.56;60%;$ 7563.02
31282;latanoprost;GLAUCOSTAT;50mcg/ml sol.oft.x 2.5ml;Max Vision;$ 20406.51;60%;$ 8162.6
44849;latanoprost+timolol;GLAUCOSTAT T;gts.oft.x 2.5 ml;Max Vision;$ 21309.28;50%;$ 10654.64
48706;loteprednol+tobramicina;LOTEVIS T;susp.oft.x 5 ml;Max Vision;$ 12808.31;50%;$ 6404.16
48705;loteprednol,etabonato;LOTEVIS;susp.oft.x 5 ml;Max Vision;$ 16264.43;50%;$ 8132.22
43367;loteprednol,etabonato;TALOF;susp.oft.x 5 ml;Max Vision;$ 17298.03;50%;$ 8649.02
58352;moxifloxacina;FLOMOX;sol.oft.x 5 ml;Max Vision;$ 27902.23;80%;$ 5580.45
57800;olopatadine;TIMALERG;0.2% sol.oft.x 5 ml;Max Vision;$ 22765;50%;$ 11382.5
1789;sangre de ternera,ext.desprotein;SOLCOSERYL;gel oft.x 5 g;Max Vision;$ 1661.76;50%;$ 830.88
20622;tobramicina+dexametasona+asoc.;POLIOFTAL;colirio x 5 ml;Max Vision;$ 800.26;50%;$ 400.13
32252;travoprost;GLAUCOPROST;sol.oft.x 3 ml;Max Vision;$ 27148.62;60%;$ 10859.45
9400;carbamazepina;ELEBE;200 mg comp.x 30;Medipharma;$ 16841.37;80%;$ 3368.27
9403;carbamazepina;ELEBE;200 mg comp.x 60;Medipharma;$ 32925.07;80%;$ 6585.01
9662;haloperidol;HALOPERIDOL MEDIPHARMA;10 mg comp.x 30;Medipharma;$ 21024.04;60%;$ 8409.62
58592;haloperidol;HALOPERIDOL MEDIPHARMA;10 mg comp.x 60;Medipharma;$ 43840.19;60%;$ 17536.08
9658;haloperidol;HALOPERIDOL MEDIPHARMA;5 mg comp.x 30;Medipharma;$ 12358.48;60%;$ 4943.39
58971;haloperidol;HALOPERIDOL MEDIPHARMA;5 mg comp.x 60;Medipharma;$ 24090.63;60%;$ 9636.25
23583;oxcarbazepina;RUPOX;300 mg comp.x 30;Medipharma;$ 56399.6;80%;$ 11279.92
24700;oxcarbazepina;RUPOX;300 mg comp.x 60;Medipharma;$ 100596.64;80%;$ 20119.33
25909;oxcarbazepina;RUPOX;600 mg comp.x 30;Medipharma;$ 106611.96;80%;$ 21322.39
23584;oxcarbazepina;RUPOX;600 mg comp.x 60;Medipharma;$ 186056.82;80%;$ 37211.36
37117;sertralina;VUNOT;50 mg comp.x 30;Medipharma;$ 24176.1;50%;$ 12088.05
37118;sertralina;VUNOT;50 mg comp.x 60;Medipharma;$ 45076.74;50%;$ 22538.37
45844;amoxicilina+clavulánico,ác.;CLAMOXOL DUO;comp.rec.x 10;Medisol;$ 10996.11;60%;$ 4398.44
9897;simeticona;SIMECON PEDIATRICO;gts.x 30 ml;Medisol;$ 1452.04;50%;$ 726.02
24057;aminoácidos+vit.b12;TANVIMIL AMINOACIDOS;comp.rec.x 30;Megalabs Argent;$ 9895.78;40%;$ 5937.47
15100;betametasona;BLACOR;cr.x 30 g;Megalabs Argent;$ 7694.68;50%;$ 3847.34
25865;betametasona+gentamic.+miconazol;HIFAMONIL CREMA;cr.x 20 g;Megalabs Argent;$ 17770.62;40%;$ 10662.37
25889;biotina;BIOTIN-A;5 mg comp.x 30;Megalabs Argent;$ 15245.03;50%;$ 7622.52
24450;calcitriol;CALCITRIOL MEGALABS;cáps.x 30;Megalabs Argent;$ 19609.89;60%;$ 7843.96
18254;cetirizina;STOPALER;comp.x 10;Megalabs Argent;$ 10079.06;40%;$ 6047.44
18255;cetirizina;STOPALER;comp.x 20;Megalabs Argent;$ 16798.44;40%;$ 10079.06
51105;cistina+asoc.;AMINOTERAPIA;comp.x 120;Megalabs Argent;$ 79780.56;40%;$ 47868.34
25711;cistina+asoc.;AMINOTERAPIA;comp.x 30;Megalabs Argent;$ 35192.59;40%;$ 21115.55
12125;cistina+asoc.;AMINOTERAPIA;comp.x 90;Megalabs Argent;$ 79934.99;40%;$ 47960.99
21942;cistina+asoc.;AMINOTERAPIA;sob.x 30;Megalabs Argent;$ 13569.64;40%;$ 8141.78
42090;clindamicina+benzoílo,peróxido;PEROXICLIN DUO;gel x 30 g;Megalabs Argent;$ 5491.83;50%;$ 2745.92
15161;coaltar;SUTRICO TAR;shamp.acond.x 100 ml;Megalabs Argent;$ 6177.3;50%;$ 3088.65
6099;coaltar+asoc.;MENCOGRIN A.P.;shamp.x 120 ml;Megalabs Argent;$ 5097.93;50%;$ 2548.97
5222;coaltar+urea+alantoína;CREMSOR N;cr.x 50 g;Megalabs Argent;$ 4859.01;50%;$ 2429.51
20193;dexametasona;DEXAMERAL 4;4 mg comp.x 10;Megalabs Argent;$ 8602.26;50%;$ 4301.13
20194;dexametasona;DEXAMERAL 4;4 mg comp.x 20;Megalabs Argent;$ 16165.58;50%;$ 8082.79
25225;donepecilo;ONEFIN;10 mg comp.x 28;Megalabs Argent;$ 26785.11;50%;$ 13392.56
25224;donepecilo;ONEFIN;5 mg comp.x 28;Megalabs Argent;$ 20961.84;50%;$ 10480.92
31677;doxiciclina;ASOLMICINA.DOX;100 mg comp.rec.x 15;Megalabs Argent;$ 15320.52;60%;$ 6128.21
31678;doxiciclina;ASOLMICINA.DOX;100 mg comp.rec.x 30;Megalabs Argent;$ 24512.24;60%;$ 9804.9
52593;doxilamina+piridoxina;TUERIS;cáps.x 24;Megalabs Argent;$ 26373.06;50%;$ 13186.53
57322;duloxetina;ALACIR;30 mg comp.rec.x 14;Megalabs Argent;$ 4922.59;50%;$ 2461.3
57323;duloxetina;ALACIR;60 mg comp.rec.x 28;Megalabs Argent;$ 10933.78;50%;$ 5466.89
41956;escitalopram;ESCITEROKAM;10 mg comp.ran.x 30;Megalabs Argent;$ 37400.13;50%;$ 18700.07
41958;escitalopram;ESCITEROKAM;20 mg comp.ran.x 30;Megalabs Argent;$ 66213.27;50%;$ 33106.64
59457;eszopiclona;DORPLEN;3 mg comp.rec.x 30;Megalabs Argent;$ 14480.01;50%;$ 7240.01
24150;finasteride;SUTRICO;1 mg comp.x 30;Megalabs Argent;$ 10939.35;50%;$ 5469.68
21766;fluconazol;FLUZOL;150 mg comp.x 4;Megalabs Argent;$ 14943.72;50%;$ 7471.86
18629;fluconazol;HONGUIL PLUS;cáps.oral x 1;Megalabs Argent;$ 7591.9;50%;$ 3795.95
18630;fluconazol;HONGUIL PLUS;cáps.oral x 2;Megalabs Argent;$ 14288.71;50%;$ 7144.36
21291;fluconazol;HONGUIL PLUS;cáps.oral x 4;Megalabs Argent;$ 24568.38;50%;$ 12284.19
39629;fluconazol;HONGUIL PLUS;cáps.oral x 8;Megalabs Argent;$ 38912.62;50%;$ 19456.31
27156;fusídico,ác.;GELBIOTIC;cr.x 15 g;Megalabs Argent;$ 11075.4;60%;$ 4430.16
27157;fusídico,ác.+betametasona;GELBIOTIC PLUS;cr.x 15 g;Megalabs Argent;$ 27219.91;40%;$ 16331.95
21245;fólico,ác.;TANVIMIL FOLICO;1 mg comp.x 30;Megalabs Argent;$ 7279.53;50%;$ 3639.77
26754;fólico,ác.;TANVIMIL FOLICO;1 mg comp.x 60;Megalabs Argent;$ 11146.53;50%;$ 5573.27
31960;fólico,ác.;TANVIMIL FOLICO;10 mg comp.x 30;Megalabs Argent;$ 12589;50%;$ 6294.5
31961;fólico,ác.;TANVIMIL FOLICO;10 mg comp.x 60;Megalabs Argent;$ 22889.18;50%;$ 11444.59
21246;fólico,ác.;TANVIMIL FOLICO;5 mg comp.x 30;Megalabs Argent;$ 9075.22;50%;$ 4537.61
26755;fólico,ác.;TANVIMIL FOLICO;5 mg comp.x 60;Megalabs Argent;$ 16098.65;50%;$ 8049.33
52594;fólico,ác.;TANVIMIL FOLICO;gts.x 10 ml;Megalabs Argent;$ 8779.53;50%;$ 4389.77
20405;gentamicina+asoc.;PANCUTAN;gel x 20 g;Megalabs Argent;$ 1022.14;50%;$ 511.07
15430;ginseng+vit.+minerales;TANVIMIL GINSENG;cáps.x 30;Megalabs Argent;$ 10677.02;40%;$ 6406.21
15431;ginseng+vit.+minerales;TANVIMIL GINSENG;cáps.x 60;Megalabs Argent;$ 20950.37;40%;$ 12570.22
7007;hidroclorotiazida;TANDIUR;50 mg comp.x 30;Megalabs Argent;$ 7819.96;50%;$ 3909.98
15048;hierro+fólico,ác.;HIERROQUICK 80;comp.rec.x 20;Megalabs Argent;$ 24683.66;50%;$ 12341.83
15046;hierro+fólico,ác.;HIERROQUICK 40;comp.rec.x 20;Megalabs Argent;$ 14338.62;50%;$ 7169.31
15047;hierro+fólico,ác.;HIERROQUICK 40;comp.rec.x 40;Megalabs Argent;$ 21881.17;50%;$ 10940.59
15049;hierro+fólico,ác.;HIERROQUICK 80;comp.rec.x 40;Megalabs Argent;$ 41304.34;50%;$ 20652.17
17495;hierro,sulfato;FACTOFER GOTAS;gts.x 20 ml;Megalabs Argent;$ 4930.25;50%;$ 2465.13
6976;hierro,sulfato+asoc.;FACTOFER B12;comp.rec.x 20;Megalabs Argent;$ 5404.04;50%;$ 2702.02
6977;hierro,sulfato+asoc.;FACTOFER B12;comp.rec.x 50;Megalabs Argent;$ 5921.37;50%;$ 2960.69
18623;homatropina,metilbr.+asoc.;SUMAL;comp.x 10;Megalabs Argent;$ 4819.58;50%;$ 2409.79
6736;homatropina,metilbr.+asoc.;SUMAL;comp.x 20;Megalabs Argent;$ 7010.45;50%;$ 3505.23
50558;imiquimod;VIROSUPRIL 3.75;3.75% cr.x 5 g;Megalabs Argent;$ 38518.85;50%;$ 19259.43
43203;imiquimod;VIROSUPRIL;5% cr.x 5 g;Megalabs Argent;$ 42713.08;50%;$ 21356.54
46872;isotretinoína;FLEXRESAN;20 mg cáps.x 30;Megalabs Argent;$ 97484.9;50%;$ 48742.45
17265;itraconazol;SALIMIDIN 100;100 mg cáps.x 15;Megalabs Argent;$ 28200.08;50%;$ 14100.04
29113;itraconazol;SALIMIDIN 100;100 mg cáps.x 30;Megalabs Argent;$ 50817.4;50%;$ 25408.7
52803;itraconazol;SALIMIDIN 200;200 mg cáps.x 14;Megalabs Argent;$ 43768.57;50%;$ 21884.29
52804;itraconazol;SALIMIDIN 200;200 mg cáps.x 21;Megalabs Argent;$ 53544.58;50%;$ 26772.29
52802;itraconazol;SALIMIDIN 200;200 mg cáps.x 7;Megalabs Argent;$ 24746.57;50%;$ 12373.29
22086;ivermectina;SECURO;comp.x 2;Megalabs Argent;$ 18768.37;50%;$ 9384.19
26621;ivermectina;SECURO;comp.x 6;Megalabs Argent;$ 26915.64;50%;$ 13457.82
15160;ketoconazol;KEDUO;2% cr.x 15 g;Megalabs Argent;$ 5928.54;40%;$ 3557.12
15159;ketoconazol;KEDUO;2% shamp.x 100 ml;Megalabs Argent;$ 8744.36;40%;$ 5246.62
42710;levofloxacina;BENUR;500 mg comp.rec.x 7;Megalabs Argent;$ 352.07;60%;$ 140.83
30251;memantine;FENTINA;10 mg comp.x 30;Megalabs Argent;$ 28008.25;50%;$ 14004.13
48159;metildopa;HIPERMET;250 mg comp.x 50;Megalabs Argent;$ 14734.25;60%;$ 5893.7
48158;metildopa;HIPERMET;500 mg comp.rec.x 40;Megalabs Argent;$ 15938.56;60%;$ 6375.42
26756;metronidazol;TRICOFIN;1 g comp.x 4;Megalabs Argent;$ 7267.04;50%;$ 3633.52
26757;metronidazol;TRICOFIN;1 g comp.x 8;Megalabs Argent;$ 9455.9;50%;$ 4727.95
11712;metronidazol;TRICOFIN;500 mg comp.x 20;Megalabs Argent;$ 6534.48;50%;$ 3267.24
11713;metronidazol;TRICOFIN;500 mg óv.x 8;Megalabs Argent;$ 6616.53;50%;$ 3308.27
22316;miconazol+metronidazol+asoc.;VAGICURAL PLUS;ov.x 12;Megalabs Argent;$ 31442.09;40%;$ 18865.25
22315;miconazol+metronidazol+asoc.;VAGICURAL PLUS;ov.x 6;Megalabs Argent;$ 17935.13;40%;$ 10761.08
39892;minociclina;MEIBI 100;100 mg comp.x 30;Megalabs Argent;$ 46144.5;60%;$ 18457.8
25427;minociclina;MEIBI;50 mg comp.x 30;Megalabs Argent;$ 20304.12;60%;$ 8121.65
32862;minociclina;SEBOCLEAR 100;comp.rec.x 10;Megalabs Argent;$ 11389.32;60%;$ 4555.73
32863;minociclina;SEBOCLEAR 100;comp.rec.x 30;Megalabs Argent;$ 49480.71;60%;$ 19792.28
31575;minociclina;SEBOCLEAR;comp.x 10;Megalabs Argent;$ 4796.84;60%;$ 1918.74
30677;minociclina;SEBOCLEAR;comp.x 30;Megalabs Argent;$ 22557.59;60%;$ 9023.04
58761;modafinilo;FORCILIN;200 mg comp.x 10;Megalabs Argent;$ 17051.32;50%;$ 8525.66
58762;modafinilo;FORCILIN;200 mg comp.x 20;Megalabs Argent;$ 33155.35;50%;$ 16577.68
43522;olanzapina;APSICO;10 mg comp.x 14;Megalabs Argent;$ 11038.23;50%;$ 5519.12
43523;olanzapina;APSICO;10 mg comp.x 28;Megalabs Argent;$ 170186.98;50%;$ 85093.49
43519;olanzapina;APSICO;2.5 mg comp.x 28;Megalabs Argent;$ 58760.65;50%;$ 29380.33
43520;olanzapina;APSICO;5 mg comp.rec.x 14;Megalabs Argent;$ 5366.23;50%;$ 2683.12
43521;olanzapina;APSICO;5 mg comp.rec.x 28;Megalabs Argent;$ 86012.57;50%;$ 43006.29
23077;paroxetina;PAMOXET;20 mg comp.x 30;Megalabs Argent;$ 33606.96;50%;$ 16803.48
24495;paroxetina;PAMOXET;40 mg comp.x 30;Megalabs Argent;$ 41845.99;50%;$ 20923
17828;permetrina;DERMOPER;cr.fluida x 100 g;Megalabs Argent;$ 18072.19;50%;$ 9036.1
43125;pregabalina;PREBANAL;150 mg cáps.x 28;Megalabs Argent;$ 54685.66;50%;$ 27342.83
55576;pregabalina;PREBANAL;25 mg cáps.x 28;Megalabs Argent;$ 11636.31;50%;$ 5818.16
55577;pregabalina;PREBANAL;50 mg cáps.x 28;Megalabs Argent;$ 25345.46;50%;$ 12672.73
43123;pregabalina;PREBANAL;75 mg cáps.x 14;Megalabs Argent;$ 17342.48;50%;$ 8671.24
43124;pregabalina;PREBANAL;75 mg cáps.x 28;Megalabs Argent;$ 34224.81;50%;$ 17112.41
43201;progesterona;MAFEL 200;cáps.x 14;Megalabs Argent;$ 31377.96;50%;$ 15688.98
43202;progesterona;MAFEL 200;cáps.x 28;Megalabs Argent;$ 67402.12;50%;$ 33701.06
18977;progesterona;MAFEL;cáps.x 30;Megalabs Argent;$ 35171.86;50%;$ 17585.93
55315;promestriene;PROMECLIM;comp.vag.x 10;Megalabs Argent;$ 21361.05;50%;$ 10680.53
55316;promestriene;PROMECLIM;comp.vag.x 20;Megalabs Argent;$ 39522.07;50%;$ 19761.04
41953;quetiapina;ATIPINA 100;100 mg comp.rec.x 30;Megalabs Argent;$ 82251.99;50%;$ 41126
41954;quetiapina;ATIPINA 200;200 mg comp.rec.x 30;Megalabs Argent;$ 104776.37;50%;$ 52388.19
41952;quetiapina;ATIPINA 25;25 mg comp.rec.x 30;Megalabs Argent;$ 50048.54;50%;$ 25024.27
35160;sertralina;ANILAR;100 mg comp.rec.x 30;Megalabs Argent;$ 40252.35;50%;$ 20126.18
33637;sertralina;ANILAR;50 mg comp.rec.x 30;Megalabs Argent;$ 26615.89;50%;$ 13307.95
10912;siliconas;AEROGAL;aerosol x 170 g;Megalabs Argent;$ 23450.16;50%;$ 11725.08
6984;sodio,perborato+asoc.;HIFAMONIL;pvo.sob.x 20;Megalabs Argent;$ 9716.15;50%;$ 4858.08
6983;sodio,perborato+asoc.;HIFAMONIL;pvo.sob.x 8;Megalabs Argent;$ 6206.37;50%;$ 3103.19
6986;sodio,perborato+asoc.;HIFAMONIL;pvo.x 100 g;Megalabs Argent;$ 8548.63;50%;$ 4274.32
30130;terbinafina;TACNA;250 mg comp.x 14;Megalabs Argent;$ 26460.93;50%;$ 13230.47
30131;terbinafina;TACNA;250 mg comp.x 28;Megalabs Argent;$ 48589.99;50%;$ 24295
18628;tioconazol;HONGUIL;cáps.vag.x 1;Megalabs Argent;$ 11563.17;50%;$ 5781.59
27531;tióctico,ác.;TIOCTAN;600 mg comp.rec.x 30;Megalabs Argent;$ 51140.75;50%;$ 25570.38
21743;triticum vulgare+asoc.;CICATUL N.F.;cr.tópica x 30 g;Megalabs Argent;$ 20774.07;50%;$ 10387.04
45417;triticum vulgare+asoc.;CICATUL N.F.;cr.vag.x 60 g;Megalabs Argent;$ 25838.58;50%;$ 12919.29
49123;triticum vulgare+asoc.;CICATUL N.F.;gasas est.monod.x 10;Megalabs Argent;$ 30011.87;50%;$ 15005.94
21746;triticum vulgare+asoc.;CICATUL N.F.;ov.x 6;Megalabs Argent;$ 21316.8;50%;$ 10658.4
7028;vit.+minerales;TANVIMIL M;cáps.x 30;Megalabs Argent;$ 9046.92;40%;$ 5428.15
51071;vit.+minerales;TANVIMIL M;cáps.x 60;Megalabs Argent;$ 15166.85;40%;$ 9100.11
7013;vit.a;TANVIMIL A;100000 UI cáps.x 30;Megalabs Argent;$ 13546.95;40%;$ 8128.17
51062;vit.a;TANVIMIL A;50000 UI cáps.x 30;Megalabs Argent;$ 14409.88;40%;$ 8645.93
51063;vit.a;TANVIMIL A;50000 UI cáps.x 60;Megalabs Argent;$ 11437.71;40%;$ 6862.63
27830;vit.a+vit.c+vit.d;TANVIMIL ACD;gts.x 20 ml;Megalabs Argent;$ 8039.38;40%;$ 4823.63
40719;vit.b,complejo;TANVIMIL B1 B6 B12;comp.rec.x 30;Megalabs Argent;$ 42112.14;40%;$ 25267.28
51065;vit.b6;TANVIMIL B6;comp.x 30;Megalabs Argent;$ 3647.48;40%;$ 2188.49
51064;vit.b6;TANVIMIL B6;comp.x 60;Megalabs Argent;$ 4389.06;40%;$ 2633.44
51072;vit.c+vit.e+betacaroteno;TANVIMIL PLUS;cáps.x 30;Megalabs Argent;$ 10694.19;40%;$ 6416.51
51073;vit.c+vit.e+betacaroteno;TANVIMIL PLUS;cáps.x 60;Megalabs Argent;$ 16616.91;40%;$ 9970.15
7021;vit.d;TANVIMIL D;gts.x 10 ml;Megalabs Argent;$ 5680.38;40%;$ 3408.23
50604;vit.e;TANVIMIL E;1000 mg cáps.x 30;Megalabs Argent;$ 43693.83;40%;$ 26216.3
50605;vit.e;TANVIMIL E;1000 mg cáps.x 60;Megalabs Argent;$ 74908.42;40%;$ 44945.05
51066;vit.e;TANVIMIL E;400 mg cáps.x 60;Megalabs Argent;$ 24754.24;40%;$ 14852.54
51067;vit.e;TANVIMIL E;cáps.x 30;Megalabs Argent;$ 11597.05;40%;$ 6958.23
51068;vit.e;TANVIMIL E;cáps.x 60;Megalabs Argent;$ 20273.44;40%;$ 12164.06
26753;vit.e+vit.a+asoc.;TANVIMIL EBA;cáps.x 100;Megalabs Argent;$ 53352.39;40%;$ 32011.43
51069;vit.e+vit.a+asoc.;TANVIMIL EBA;cáps.x 30;Megalabs Argent;$ 20770.35;40%;$ 12462.21
51070;vit.e+vit.a+asoc.;TANVIMIL EBA;cáps.x 60;Megalabs Argent;$ 35508.71;40%;$ 21305.23
7027;vit.k;TANVIMIL K;comp.x 10;Megalabs Argent;$ 7754.6;50%;$ 3877.3
26167;progesterona;CRINONE 8%;dispens.monods.pack x 15;Merck Serono;$ 128299.79;50%;$ 64149.9
35327;acenocumarol;FORTONOL;4 mg comp.x 20;Microsules Arg.;$ 13934.25;80%;$ 2786.85
39550;alendronato;TILIOS;70 mg comp.x 4;Microsules Arg.;$ 13673.72;60%;$ 5469.49
33616;alendronato;TILIOS;70 mg comp.x 8;Microsules Arg.;$ 19293.68;60%;$ 7717.47
23286;alprazolam;ALPRAZOLAM MICROSULES;0.50 mg comp.x 30;Microsules Arg.;$ 4921.42;50%;$ 2460.71
23287;alprazolam;ALPRAZOLAM MICROSULES;0.50 mg comp.x 60;Microsules Arg.;$ 9259.89;50%;$ 4629.95
23288;alprazolam;ALPRAZOLAM MICROSULES;1 mg comp.x 30;Microsules Arg.;$ 7610.5;50%;$ 3805.25
23290;alprazolam;ALPRAZOLAM MICROSULES;1 mg comp.x 60;Microsules Arg.;$ 14189.25;50%;$ 7094.63
23292;alprazolam;ALPRAZOLAM MICROSULES;2 mg comp.x 30;Microsules Arg.;$ 11859.45;50%;$ 5929.73
35140;amlodipina;ANEXA;10 mg comp.x 30;Microsules Arg.;$ 25045.97;60%;$ 10018.39
35139;amlodipina;ANEXA;5 mg comp.x 30;Microsules Arg.;$ 15459.38;60%;$ 6183.75
17192;amoxicilina;NOBACTAM;1 g comp.rec.x 16;Microsules Arg.;$ 22286.55;60%;$ 8914.62
17191;amoxicilina;NOBACTAM;1 g comp.rec.x 8;Microsules Arg.;$ 10736.27;60%;$ 4294.51
39821;amoxicilina;NOBACTAM;250 mg susp.ped.x 90 ml;Microsules Arg.;$ 6323.76;60%;$ 2529.5
39822;amoxicilina;NOBACTAM;500 mg susp.ped.x 90 ml;Microsules Arg.;$ 11874.3;60%;$ 4749.72
19379;amoxicilina+ambroxol;NOBACTAM BRONQUIAL;comp.rec.x 16;Microsules Arg.;$ 10009.55;50%;$ 5004.78
45247;amoxicilina+clavulánico,ác.;NOBACTAM CLAVULANICO 2;comp.rec.x 14;Microsules Arg.;$ 22478.28;60%;$ 8991.31
32121;atenolol;ATENOLOL MICROSULES;50 mg comp.x 28;Microsules Arg.;$ 7093.63;80%;$ 1418.73
62369;atenolol;ATENOLOL MICROSULES;50 mg comp.x 30;Microsules Arg.;$ 7093.63;80%;$ 1418.73
32122;atenolol;ATENOLOL MICROSULES;50 mg comp.x 56;Microsules Arg.;$ 14749.64;80%;$ 2949.93
62370;atenolol;ATENOLOL MICROSULES;50 mg comp.x 60;Microsules Arg.;$ 14749.64;80%;$ 2949.93
35328;atorvastatín;FINLIPOL;10 mg comp.x 30;Microsules Arg.;$ 34127.14;60%;$ 13650.86
35329;atorvastatín;FINLIPOL;10 mg comp.x 60;Microsules Arg.;$ 57352.73;60%;$ 22941.09
35330;atorvastatín;FINLIPOL;20 mg comp.x 30;Microsules Arg.;$ 56751.88;60%;$ 22700.75
35331;atorvastatín;FINLIPOL;20 mg comp.x 60;Microsules Arg.;$ 95438.92;60%;$ 38175.57
52607;atorvastatín;FINLIPOL;40 mg comp.x 30;Microsules Arg.;$ 61878.39;60%;$ 24751.36
23294;azitromicina;TANEZOX;500 mg comp.x 3;Microsules Arg.;$ 11194.47;60%;$ 4477.79
39247;azitromicina;TANEZOX;500 mg comp.x 6;Microsules Arg.;$ 14487.76;60%;$ 5795.1
24465;betametasona+gentamic.+miconazol;TRIPLEX;cr.x 20 g;Microsules Arg.;$ 12242.53;40%;$ 7345.52
45533;carvedilol;ENTARSOL 12.5;12.5 mg comp.x 28;Microsules Arg.;$ 13068.4;60%;$ 5227.36
45534;carvedilol;ENTARSOL 25;25 mg comp.x 28;Microsules Arg.;$ 15905.02;60%;$ 6362.01
45532;carvedilol;ENTARSOL 6.25;6.25 mg comp.x 28;Microsules Arg.;$ 10446.03;60%;$ 4178.41
52279;cefalexina;SINURIT;1000 mg comp.rec.x 16;Microsules Arg.;$ 24494.81;60%;$ 9797.92
50046;cefalexina;SINURIT;500 mg comp.rec.x 16;Microsules Arg.;$ 12172.82;60%;$ 4869.13
21119;ciprofloxacina;MICROSULF;500 mg comp.x 10;Microsules Arg.;$ 17869.08;60%;$ 7147.63
61482;ciprofloxacina;MICROSULF;500 mg comp.x 20;Microsules Arg.;$ 31827.14;60%;$ 12730.86
50047;clopidogrel;MICRO-CAPE;75 mg comp.rec.x 30;Microsules Arg.;$ 58995.22;50%;$ 29497.61
52848;desloratadina;TERALMINA;5 mg comp.rec.x 14;Microsules Arg.;$ 12786.85;40%;$ 7672.11
52847;desloratadina;TERALMINA;5 mg comp.rec.x 7;Microsules Arg.;$ 7304.5;40%;$ 4382.7
21117;diclofenac sódico;DIASTONE RETARD;100 mg comp.x 15;Microsules Arg.;$ 13736.36;40%;$ 8241.82
21112;diclofenac sódico;DIASTONE;50 mg comp.x 15;Microsules Arg.;$ 6358.59;40%;$ 3815.15
21113;diclofenac sódico;DIASTONE;50 mg comp.x 30;Microsules Arg.;$ 10355.04;40%;$ 6213.02
21114;diclofenac sódico;DIASTONE;75 mg comp.x 15;Microsules Arg.;$ 10096.75;40%;$ 6058.05
21115;diclofenac sódico;DIASTONE;75 mg comp.x 30;Microsules Arg.;$ 17956.55;40%;$ 10773.93
46245;diclofenac+pridinol;DIASTONE FLEX;comp.rec.x 10;Microsules Arg.;$ 7539.89;40%;$ 4523.93
62028;diclofenac+vit.b12+betametasona;DIASTONE B12;comp.rec.x 20;Microsules Arg.;$ 25265.42;40%;$ 15159.25
40628;enalapril;SULOCTEN;10 mg comp.x 30;Microsules Arg.;$ 8588.62;80%;$ 1717.72
40629;enalapril;SULOCTEN;10 mg comp.x 60;Microsules Arg.;$ 17773.26;80%;$ 3554.65
40412;enalapril;SULOCTEN;20 mg comp.x 30;Microsules Arg.;$ 11709.86;80%;$ 2341.97
40416;enalapril;SULOCTEN;20 mg comp.x 60;Microsules Arg.;$ 21731.48;80%;$ 4346.3
40626;enalapril;SULOCTEN;5 mg comp.x 30;Microsules Arg.;$ 5526.56;80%;$ 1105.31
40627;enalapril;SULOCTEN;5 mg comp.x 60;Microsules Arg.;$ 10603.76;80%;$ 2120.75
40721;enalapril+hidroclorotiazida;SULOCTEN D;10 mg comp.x 30;Microsules Arg.;$ 15033.67;80%;$ 3006.73
39988;ergotamina+cafeína+asoc.;SOLACIL;comp.rec.x 10;Microsules Arg.;$ 5503.97;50%;$ 2751.99
58524;etoricoxib;CRACOX 120;120 mg comp.rec.x 7;Microsules Arg.;$ 14422.6;50%;$ 7211.3
58521;etoricoxib;CRACOX 60;60 mg comp.rec.x 14;Microsules Arg.;$ 12748.03;50%;$ 6374.02
58522;etoricoxib;CRACOX 90;90 mg comp.rec.x 14;Microsules Arg.;$ 27864.72;50%;$ 13932.36
58523;etoricoxib;CRACOX 90;90 mg comp.rec.x 28;Microsules Arg.;$ 43085.37;50%;$ 21542.69
19327;finasteride;FLUTIAMIK;comp.x 30;Microsules Arg.;$ 31087.36;50%;$ 15543.68
32673;glimepiride;LOMET;4 mg comp.x 15;Microsules Arg.;$ 12545.06;100%;$ 0
32674;glimepiride;LOMET;4 mg comp.x 30;Microsules Arg.;$ 20974.02;100%;$ 0
39987;hioscina,n-butilbr.+dipirona;GASTROLINA COMPUESTA;comp.rec.x 10;Microsules Arg.;$ 5862.31;50%;$ 2931.16
48335;ibandrónico,ác.;INTERSULES;150 mg comp.rec.x 1;Microsules Arg.;$ 32858.08;50%;$ 16429.04
50486;ibandrónico,ác.;INTERSULES;150 mg comp.rec.x 3;Microsules Arg.;$ 54590.38;50%;$ 27295.19
9616;ketorolac;KEMANAT;10 mg comp.x 10;Microsules Arg.;$ 8174.85;50%;$ 4087.43
1897;ketorolac;KEMANAT;10 mg comp.x 20;Microsules Arg.;$ 12826.67;50%;$ 6413.34
9617;ketorolac;KEMANAT;20 mg comp.x 10;Microsules Arg.;$ 12438.38;50%;$ 6219.19
1899;ketorolac;KEMANAT;20 mg comp.x 20;Microsules Arg.;$ 19669.91;50%;$ 9834.96
25398;ketorolac;KEMANAT;sublingual comp.x 10;Microsules Arg.;$ 10955.52;50%;$ 5477.76
48004;levofloxacina;ELY DIAR;750 mg comp.rec.x 5;Microsules Arg.;$ 14408.69;60%;$ 5763.48
33490;lidocaína+asoc.;PROCTO-METADYNE;cr.rectal x 20 g;Microsules Arg.;$ 9350.52;50%;$ 4675.26
22087;loperamida;CUSTEY;2 mg comp.x 10;Microsules Arg.;$ 5753.88;50%;$ 2876.94
46246;losartán;ENROMIC;100 mg comp.rec.x 30;Microsules Arg.;$ 32217.67;60%;$ 12887.07
23291;losartán;ENROMIC;50 mg comp.rec.x 30;Microsules Arg.;$ 26416.4;60%;$ 10566.56
60926;losartán;ENROMIC;50 mg comp.rec.x 60;Microsules Arg.;$ 50310.7;60%;$ 20124.28
52005;losartán+hidroclorotiazida;ENROMIC D;100/25 mg comp.rec.x 30;Microsules Arg.;$ 33661.27;50%;$ 16830.64
52006;losartán+hidroclorotiazida;ENROMIC D;50/12.5 mg comp.rec.x 30;Microsules Arg.;$ 30982.28;50%;$ 15491.14
52510;meloxicam;MELL;15 mg comp.x 10;Microsules Arg.;$ 11548.68;40%;$ 6929.21
52511;meloxicam;MELL;15 mg comp.x 30;Microsules Arg.;$ 30609.21;40%;$ 18365.53
58849;metformina;REDUGLUC A.P. FORTE;1000 mg comp.rec.x 100;Microsules Arg.;$ 42939.6;100%;$ 0
58847;metformina;REDUGLUC A.P. FORTE;1000 mg comp.rec.x 30;Microsules Arg.;$ 14419.46;100%;$ 0
58848;metformina;REDUGLUC A.P. FORTE;1000 mg comp.rec.x 60;Microsules Arg.;$ 26509.66;100%;$ 0
55308;metformina;REDUGLUC;1000 mg comp.x 100;Microsules Arg.;$ 31758.01;100%;$ 0
55306;metformina;REDUGLUC;1000 mg comp.x 30;Microsules Arg.;$ 10550.56;100%;$ 0
55307;metformina;REDUGLUC;1000 mg comp.x 60;Microsules Arg.;$ 20088.76;100%;$ 0
36659;metformina;REDUGLUC;500 mg comp.x 100;Microsules Arg.;$ 22478.28;100%;$ 0
36657;metformina;REDUGLUC;500 mg comp.x 30;Microsules Arg.;$ 7580.84;100%;$ 0
36658;metformina;REDUGLUC;500 mg comp.x 60;Microsules Arg.;$ 11500.09;100%;$ 0
36662;metformina;REDUGLUC A.P.;850 mg comp.rec.AP x 100;Microsules Arg.;$ 37861.69;100%;$ 0
36660;metformina;REDUGLUC A.P.;850 mg comp.rec.AP x 30;Microsules Arg.;$ 11574.64;100%;$ 0
36661;metformina;REDUGLUC A.P.;850 mg comp.rec.AP x 60;Microsules Arg.;$ 22029.72;100%;$ 0
48614;metoclopramida;RILAQUIN SL;10 mg comp.subl.x 10;Microsules Arg.;$ 9857.43;50%;$ 4928.72
21308;metoclopramida;RILAQUIN;10 mg comp.x 20;Microsules Arg.;$ 4866.05;50%;$ 2433.03
21309;metoclopramida;RILAQUIN;ad.gts.x 20 ml;Microsules Arg.;$ 7171.98;50%;$ 3585.99
28599;nafazolina;RHINAL;gts.x 30 ml;Microsules Arg.;$ 6347.53;50%;$ 3173.77
41555;paracetamol+pseudoefedrina+asoc.;CORIS GRIP;comp.rec.x 10;Microsules Arg.;$ 6401.82;40%;$ 3841.09
54987;rosuvastatina;TURBULINA;10 mg comp.rec.x 30;Microsules Arg.;$ 23712.26;60%;$ 9484.9
54805;rosuvastatina;TURBULINA;20 mg comp.rec.x 30;Microsules Arg.;$ 41658.07;60%;$ 16663.23
19370;salbutamol;MICROTEROL;5mg/ml sol.p/nebul.x20ml;Microsules Arg.;$ 7926.69;80%;$ 1585.34
49200;sildenafil;VIRIPOTENS;100 mg comp.rec.x 30;Microsules Arg.;$ 46300.17;50%;$ 23150.09
33031;sildenafil;VIRIPOTENS;50 mg comp.rec.x 2;Microsules Arg.;$ 5526.56;50%;$ 2763.28
39405;sildenafil;VIRIPOTENS;50 mg comp.rec.x 30;Microsules Arg.;$ 36592.19;50%;$ 18296.1
33032;sildenafil;VIRIPOTENS;50 mg comp.rec.x 6;Microsules Arg.;$ 11948.28;50%;$ 5974.14
39272;sildenafil;VIRIPOTENS M;frut.50 mg comp.mast.x 2;Microsules Arg.;$ 5526.56;50%;$ 2763.28
46206;sildenafil;VIRIPOTENS M;frut.50 mg comp.mast.x30;Microsules Arg.;$ 46524.1;50%;$ 23262.05
39273;sildenafil;VIRIPOTENS M;menta 50mg comp.mast.x 2;Microsules Arg.;$ 5526.56;50%;$ 2763.28
46205;sildenafil;VIRIPOTENS M;menta 50mg comp.mast.x30;Microsules Arg.;$ 46524.1;50%;$ 23262.05
22042;simvastatin;TANAVAT;10 mg comp.x 30;Microsules Arg.;$ 21247.96;60%;$ 8499.18
33230;simvastatin;TANAVAT;20 mg comp.x 30;Microsules Arg.;$ 28621.6;60%;$ 11448.64
56429;tadalafilo;VIRIPOTENS MAX 20;20 mg comp.x 2;Microsules Arg.;$ 19444.28;50%;$ 9722.14
56430;tadalafilo;VIRIPOTENS MAX 20;20 mg comp.x 4;Microsules Arg.;$ 37725.43;50%;$ 18862.72
56428;tadalafilo;VIRIPOTENS MAX 5;5 mg comp.x 30;Microsules Arg.;$ 81107.7;50%;$ 40553.85
51607;tamsulosina;TRAVELGUM;0.4 mg cáps.x 30;Microsules Arg.;$ 41595.53;50%;$ 20797.77
42924;tobramicina+dexametasona;PURPUMICINA;susp.oft.x 5 ml;Microsules Arg.;$ 8861.33;50%;$ 4430.67
54106;trimebutina;RELOPAT 200;200 mg comp.x 30;Microsules Arg.;$ 12694.42;50%;$ 6347.21
50883;valsartán;SEMANAR;160 mg comp.rec.x 14;Microsules Arg.;$ 17250.33;60%;$ 6900.13
50884;valsartán;SEMANAR;160 mg comp.rec.x 28;Microsules Arg.;$ 35099.13;60%;$ 14039.65
50881;valsartán;SEMANAR;80 mg comp.rec.x 14;Microsules Arg.;$ 13891.01;60%;$ 5556.4
50882;valsartán;SEMANAR;80 mg comp.rec.x 28;Microsules Arg.;$ 27182.93;60%;$ 10873.17
41504;alprazolam;NOVAZOLAM 0.50 MG;0.50 mg comp.ran.x 30;Monserrat;$ 4630.92;50%;$ 2315.46
41505;alprazolam;NOVAZOLAM 0.50 MG;0.50 mg comp.ran.x 60;Monserrat;$ 8214.08;50%;$ 4107.04
41506;alprazolam;NOVAZOLAM 1 MG;1 mg comp.ran.x 30;Monserrat;$ 6870.71;50%;$ 3435.36
41507;alprazolam;NOVAZOLAM 1 MG;1 mg comp.ran.x 60;Monserrat;$ 12247.18;50%;$ 6123.59
41508;alprazolam;NOVAZOLAM 2 MG;2 mg comp.multirran.x 30;Monserrat;$ 10678.53;50%;$ 5339.27
41509;alprazolam;NOVAZOLAM 2 MG;2 mg comp.multirran.x 60;Monserrat;$ 18819.28;50%;$ 9409.64
10482;amoxicilina;AMOXICLER 500;comp.x 16;Monserrat;$ 6422.48;60%;$ 2568.99
51828;amoxicilina;AMOXICLER 500;comp.x 21;Monserrat;$ 7168.91;60%;$ 2867.56
21208;amoxicilina;AMOXICLER 500;ped.susp.x 90 ml;Monserrat;$ 9633.88;60%;$ 3853.55
18648;betametasona+gentamic.+miconazol;GENTASOL CREMA;cr.x 20 g;Monserrat;$ 16360;40%;$ 9816
46826;ciproflox.+hidrocort.+lidocaina;CIPROCLER;gts.óticas c/lidoc.x 5ml;Monserrat;$ 5825.1;50%;$ 2912.55
52150;ciprofloxacina+dexametasona;CIPROCLER COLIRIO;susp.oft.x 5ml;Monserrat;$ 12172.82;50%;$ 6086.41
41510;clonazepam;RIBOCLER 0.5 MG;0.5 mg comp.birran.x 30;Monserrat;$ 7243.47;50%;$ 3621.74
41511;clonazepam;RIBOCLER 0.5 MG;0.5 mg comp.birran.x 50;Monserrat;$ 10978.3;50%;$ 5489.15
41512;clonazepam;RIBOCLER 2 MG;2 mg comp.birran.x 30;Monserrat;$ 8065.73;80%;$ 1613.15
41513;clonazepam;RIBOCLER 2 MG;2 mg comp.birran.x 50;Monserrat;$ 11874.3;80%;$ 2374.86
33259;diclofenac dietilamina;ALGICLER GEL DERMICO;gel x 50 g;Monserrat;$ 12665;40%;$ 7599
35332;diclofenac potásico+paracetamol;ALGICLER;comp.rec.x 10;Monserrat;$ 8120;40%;$ 4872
56259;diclofenac potásico+pridinol;ALGICLER FLEX;comp.rec.x 15;Monserrat;$ 15870;40%;$ 9522
34280;dipirona;NOVACLER;jbe.x 100 ml;Monserrat;$ 7318.8;50%;$ 3659.4
24430;dipirona;NOVACLER;jbe.x 200 ml;Monserrat;$ 13442.88;50%;$ 6721.44
5853;ftalilsulfatiazol+asoc.;OPOCARBON;comp.x 20;Monserrat;$ 9334.55;50%;$ 4667.28
41514;glicerilguayacólico éter+asoc.;REFENAX;jbe.x 120 ml;Monserrat;$ 9708.26;50%;$ 4854.13
50568;hexilresorcinol+lidocaína+asoc.;REFENAX CARAMELOS EXPECTORANTES;caram.blíster x 9;Monserrat;$ 6133.88;50%;$ 3066.94
38876;ibuprofeno;IBUCLER 600;comp.rec.x 10;Monserrat;$ 8950;40%;$ 5370
39367;ibuprofeno;IBUCLER 600;comp.rec.x 20;Monserrat;$ 15975;40%;$ 9585
21214;ibuprofeno;IBUCLER 400;comp.x 10;Monserrat;$ 3260;40%;$ 1956
22794;ibuprofeno;IBUCLER SUSPENSION 2%;fco.x 90 ml;Monserrat;$ 4800;40%;$ 2880
40278;ibuprofeno;IBUCLER SUSPENSION 4%;fco.x 90 ml;Monserrat;$ 10550;40%;$ 6330
41516;lidocaína;SOLVENTE INDOLORO MONSERRAT Y ECLAIR;sol.f.a.x 3 x 5 ml;Monserrat;$ 13292.91;50%;$ 6646.46
31185;lidocaína+hidrocortisona;XILOCLER;pda.rectal x 15 g;Monserrat;$ 9259.89;50%;$ 4629.95
42265;miconazol+metronidazol+asoc.;MICOCLIN;óv.x 6;Monserrat;$ 18750;40%;$ 11250
45558;nafazolina+asoc.;REFENAX;gts.nasales x 25 ml;Monserrat;$ 5301.82;50%;$ 2650.91
18650;nafazolina+feniramina;REFENAX COLIRIO;sol.oft.x 15 ml;Monserrat;$ 8961.77;50%;$ 4480.89
40276;naproxeno;DEBRIL;500 mg comp.x 10;Monserrat;$ 14320;40%;$ 8592
40277;naproxeno;DEBRIL;500 mg comp.x 20;Monserrat;$ 28170;40%;$ 16902
45139;paracetamol;PARACETAMOL MONSERRAT Y ECLAIR;gts.x 20 ml;Monserrat;$ 6450;40%;$ 3870
48636;paracetamol+clorfeniramina+asoc.;FEBRIGRIP;comp.rec.x 16;Monserrat;$ 9300;40%;$ 5580
18728;permetrina;FRIPI;loc.x 100 ml;Monserrat;$ 10081.71;50%;$ 5040.86
42263;propinox;BECEBUEN;gts.x 20 ml;Monserrat;$ 2837.99;50%;$ 1419
35333;sodio,fosfato;KRITEL ENEMA;sol.x 135 ml;Monserrat;$ 6347.53;50%;$ 3173.77
54345;sulfadiazina de plata+asoc.;CALCUSAN SULFADIAZINA;cr.pomo x 200 g;Monserrat;$ 30784.19;50%;$ 15392.1
54344;sulfadiazina de plata+asoc.;CALCUSAN SULFADIAZINA;cr.pomo x 30 g;Monserrat;$ 6156.94;50%;$ 3078.47
50389;tirotricina+benzocaína+asoc.;BUCOTRICIN CARAMELOS ANTIBIOTICOS;caram.x 9;Monserrat;$ 5546.64;50%;$ 2773.32
48483;tirotricina+benzocaína+asoc.;BUCOTRICIN;colut.x 60 ml;Monserrat;$ 11724.28;50%;$ 5862.14
3238;ambroxol+clenbuterol;OXIBRON N.F.;comp.x 30;Montpellier;$ 11141.08;60%;$ 4456.43
3239;ambroxol+clenbuterol;OXIBRON N.F.;gts.x 30 ml;Montpellier;$ 11389.45;60%;$ 4555.78
55212;amlodipina;INDALTEN;10 mg comp.x 30;Montpellier;$ 17670.12;60%;$ 7068.05
55211;amlodipina;INDALTEN;5 mg comp.x 30;Montpellier;$ 10967.98;60%;$ 4387.19
44811;amoxicilina+clavulánico,ác.;ULTRABIOTIC DUO;comp.x 14;Montpellier;$ 23153.46;60%;$ 9261.38
56981;aripiprazol;IBARAL;10 mg comp.x 30;Montpellier;$ 27463.18;50%;$ 13731.59
56982;aripiprazol;IBARAL;15 mg comp.x 30;Montpellier;$ 38583.35;50%;$ 19291.68
56980;aripiprazol;IBARAL;5 mg comp.x 30;Montpellier;$ 24892.25;50%;$ 12446.13
60646;betahistina;RILIF;16 mg comp.ran.x 30;Montpellier;$ 18985.22;40%;$ 11391.13
60648;betahistina;RILIF;24 mg comp.birran.x 60;Montpellier;$ 51830.91;40%;$ 31098.55
60647;betahistina;RILIF;24 mg comp.ran. x 30;Montpellier;$ 28449.81;40%;$ 17069.89
19627;betametasona;CORTEROID;0.6 mg comp.x 30;Montpellier;$ 10610.2;50%;$ 5305.1
19628;betametasona;CORTEROID;1.2 mg comp.x 30;Montpellier;$ 20118.2;50%;$ 10059.1
5702;betametasona;CORTEROID;cr.x 30 g;Montpellier;$ 10702.69;50%;$ 5351.35
19629;betametasona;CORTEROID;gts.x 30 ml;Montpellier;$ 5998.02;50%;$ 2999.01
5706;betametasona;CORTEROID;iny.f.a.x 1 x 2 ml;Montpellier;$ 6218.83;50%;$ 3109.42
5704;betametasona (acet.y fosf.disod);CORTEROID RETARD;iny.f.a.x 1 x 2 ml;Montpellier;$ 13967.21;50%;$ 6983.61
5705;betametasona (acet.y fosf.disod);CORTEROID RETARD;iny.f.a.x 1 x 5 ml;Montpellier;$ 26873.17;50%;$ 13436.59
11918;betametasona (diprop.y f.disod.);CRONOCORTEROID;iny.a.x 1 x 2 ml;Montpellier;$ 14035.61;50%;$ 7017.81
5666;betametasona+gentamicina;BACTICORT;cr.x 30 g;Montpellier;$ 27641.73;40%;$ 16585.04
49319;betametasona+gentamicina+asoc.;BACTICORT COMPLEX;cr.x 20 g;Montpellier;$ 18962.29;40%;$ 11377.37
5667;betametasona+gentamicina+asoc.;BACTICORT COMPLEX;cr.x 30 g;Montpellier;$ 28550.4;40%;$ 17130.24
5807;bisacodilo;MODATON;5 mg comp.rec.x 20;Montpellier;$ 4939.22;50%;$ 2469.61
4197;bisacodilo;MODATON;5 mg comp.rec.x 50;Montpellier;$ 9350.87;50%;$ 4675.44
58650;budesonide+formoterol;LIERBRON;200 cáps.x 120+aplicador;Montpellier;$ 66551.12;60%;$ 26620.45
58649;budesonide+formoterol;LIERBRON;200 cáps.x 60 +aplicador;Montpellier;$ 80049.77;60%;$ 32019.91
58651;budesonide+formoterol;LIERBRON;400 cáps.x 60 +aplicador;Montpellier;$ 87612.97;60%;$ 35045.19
2572;cefadroxilo;CEFACILINA;1000 mg comp.x 8;Montpellier;$ 3077.97;60%;$ 1231.19
2516;cefadroxilo;CEFACILINA;500 mg comp.x 16;Montpellier;$ 14143.38;60%;$ 5657.35
2470;cefadroxilo;CEFACILINA;500 mg comp.x 8;Montpellier;$ 7265.75;60%;$ 2906.3
39479;claritromicina;CLARIMAX 125;125 mg susp.x 60 ml;Montpellier;$ 13784.58;60%;$ 5513.83
39480;claritromicina;CLARIMAX 250;250 mg susp.x 60 ml;Montpellier;$ 27452.41;60%;$ 10980.96
38662;claritromicina;CLARIMAX UD;500 mg comp.rec.AP.x 4;Montpellier;$ 9301.04;60%;$ 3720.42
38663;claritromicina;CLARIMAX UD;500 mg comp.rec.AP.x 8;Montpellier;$ 18265.13;60%;$ 7306.05
38661;claritromicina;CLARIMAX 500;500 mg comp.rec.x 16;Montpellier;$ 32359.94;60%;$ 12943.98
38660;claritromicina;CLARIMAX 500;500 mg comp.rec.x 8;Montpellier;$ 18779.69;60%;$ 7511.88
10116;clenbuterol;OXIBRON;comp.x 20;Montpellier;$ 3417.91;60%;$ 1367.16
59420;clindamicina;MICROBION;300 mg cáps.x 16;Montpellier;$ 17651.89;60%;$ 7060.76
50045;clopidogrel;MONREX;75 mg comp.rec.x 30;Montpellier;$ 61234.11;50%;$ 30617.06
61422;dapagliflozina;DAGLIBEN;10 mg comp.rec.x 30;Montpellier;$ 66364.87;100%;$ 0
37705;desloratadina;NOVO ALERPRIV;5 mg comp.rec.x 10;Montpellier;$ 9918.61;40%;$ 5951.17
37706;desloratadina;NOVO ALERPRIV;5 mg comp.rec.x 20;Montpellier;$ 18455.25;40%;$ 11073.15
38311;desloratadina;NOVO ALERPRIV;jbe.x 60 ml;Montpellier;$ 575.48;40%;$ 345.29
25921;diclofenac potásico;METAFLEX;susp.x 90 ml;Montpellier;$ 21968.31;40%;$ 13180.99
40476;diclofenac potásico+paracetamol;METAFLEX GESIC FORTE;comp.rec.x 10;Montpellier;$ 9693.58;40%;$ 5816.15
36693;diclofenac potásico+paracetamol;METAFLEX GESIC;comp.rec.x 10;Montpellier;$ 9162.17;40%;$ 5497.3
40477;diclofenac potásico+paracetamol;METAFLEX GESIC FORTE;comp.rec.x 20;Montpellier;$ 19183.77;40%;$ 11510.26
36694;diclofenac potásico+paracetamol;METAFLEX GESIC;comp.rec.x 20;Montpellier;$ 17016.16;40%;$ 10209.7
32770;diclofenac sódico;METAFLEX 50;50 mg comp.rec.x 10;Montpellier;$ 4421.36;40%;$ 2652.82
37703;diclofenac sódico;METAFLEX 75;75 mg comp.rec.x 10;Montpellier;$ 10802.11;40%;$ 6481.27
25918;diclofenac sódico;METAFLEX 75;75 mg comp.rec.x 20;Montpellier;$ 21376.23;40%;$ 12825.74
25920;diclofenac sódico;METAFLEX 75;75 mg comp.rec.x 40;Montpellier;$ 25832.5;40%;$ 15499.5
45002;diclofenac sódico;METAFLEX 50 CB;cáps.blandas x 15;Montpellier;$ 4035.67;40%;$ 2421.4
50302;diclofenac sódico;METAFLEX 75 CB;cáps.blandas x 15;Montpellier;$ 25259.1;40%;$ 15155.46
50303;diclofenac sódico;METAFLEX 75 CB;cáps.blandas x 30;Montpellier;$ 43147.24;40%;$ 25888.34
45003;diclofenac sódico;METAFLEX 50 CB;cáps.blandas x 30;Montpellier;$ 7960.71;40%;$ 4776.43
25915;diclofenac+pridinol;METAFLEX PLUS;comp.rec.x 20;Montpellier;$ 20327.08;40%;$ 12196.25
25916;diclofenac+pridinol;METAFLEX PLUS;comp.rec.x 40;Montpellier;$ 29084.35;40%;$ 17450.61
45004;diclofenac+pridinol;METAFLEX PLUS CB;cáps.blandas x 15;Montpellier;$ 20788.91;40%;$ 12473.35
45005;diclofenac+pridinol;METAFLEX PLUS CB;cáps.blandas x 30;Montpellier;$ 38558.05;40%;$ 23134.83
43321;diclofenac+vit.b12+betametasona;METAFLEX B12;comp.rec.x 15;Montpellier;$ 21680.09;40%;$ 13008.05
43322;diclofenac+vit.b12+betametasona;METAFLEX B12;iny.f.a.x 3/3 x 3 ml;Montpellier;$ 35809.66;40%;$ 21485.8
39843;dimenhidrinato;AGIRAX;comp.x 10;Montpellier;$ 7607;50%;$ 3803.5
39844;dimenhidrinato;AGIRAX;comp.x 20;Montpellier;$ 14247.11;50%;$ 7123.56
33746;dipirona;DIOXADOL;comp.x 10;Montpellier;$ 5709.54;50%;$ 2854.77
40475;dipirona;DIOXADOL;jbe.x 120 ml;Montpellier;$ 8719.74;50%;$ 4359.87
18469;dipirona;DIOXADOL;jbe.x 200 ml;Montpellier;$ 14717.99;50%;$ 7359
58241;duloxetina;OPTIBRAL;30 mg cáps.x 30;Montpellier;$ 51352.74;50%;$ 25676.37
58242;duloxetina;OPTIBRAL;60 mg cáps.x 30;Montpellier;$ 51753.77;50%;$ 25876.89
31693;ergotamina+cafeína+asoc.;MIGRAL;500 mg comp.x 100;Montpellier;$ 50704.28;50%;$ 25352.14
3712;ergotamina+cafeína+asoc.;MIGRAL;500 mg comp.x 20;Montpellier;$ 11046.36;50%;$ 5523.18
3722;ergotamina+cafeína+asoc.;MIGRAL;500 mg comp.x 50;Montpellier;$ 26711.44;50%;$ 13355.72
5806;ergotamina+cafeína+asoc.;MIGRAL COMPOSITUM;comp.x 100;Montpellier;$ 52036;50%;$ 26018
5804;ergotamina+cafeína+asoc.;MIGRAL COMPOSITUM;comp.x 20;Montpellier;$ 11426.07;50%;$ 5713.04
5805;ergotamina+cafeína+asoc.;MIGRAL COMPOSITUM;comp.x 50;Montpellier;$ 27148.81;50%;$ 13574.41
5803;ergotamina+cafeína+asoc.;MIGRAL;sup.x 10;Montpellier;$ 6665.34;50%;$ 3332.67
53734;escitalopram;REMPEC;10 mg comp.x 30;Montpellier;$ 33049.32;50%;$ 16524.66
53735;escitalopram;REMPEC;20 mg comp.x 30;Montpellier;$ 60589.03;50%;$ 30294.52
56767;eszopiclona;DORCAN;2 mg comp.rec.x 30;Montpellier;$ 17044.31;50%;$ 8522.16
56768;eszopiclona;DORCAN;3 mg comp.rec.x 30;Montpellier;$ 15566.21;50%;$ 7783.11
57379;etoricoxib;TALGIAX;120 mg comp.rec.x 10;Montpellier;$ 18974.39;50%;$ 9487.2
57376;etoricoxib;TALGIAX;60 mg comp.rec.x 30;Montpellier;$ 26347.4;50%;$ 13173.7
57377;etoricoxib;TALGIAX;90 mg comp.rec.x 15;Montpellier;$ 26969.99;50%;$ 13485
57378;etoricoxib;TALGIAX;90 mg comp.rec.x 30;Montpellier;$ 42767.54;50%;$ 21383.77
45230;fenofibrato micronizado;DAUNLIP;cáps.x 30;Montpellier;$ 39507.05;60%;$ 15802.82
45231;fenofibrato micronizado;DAUNLIP;cáps.x 60;Montpellier;$ 73189.51;60%;$ 29275.8
52147;fenofíbrico,ác.;SERUBEL 135;135 mg cáps.lib.prol.x30;Montpellier;$ 38149.69;60%;$ 15259.88
52146;fenofíbrico,ác.;SERUBEL 45;45 mg cáps.lib.prol.x 30;Montpellier;$ 32403.04;60%;$ 12961.22
35973;fluticasona;PROAIR NASAL;susp.ac.nasal x 120 ds.;Montpellier;$ 13527.46;80%;$ 2705.49
37967;fluticasona;PROAIR NASAL;susp.ac.nasal x 60 ds.;Montpellier;$ 7933.01;80%;$ 1586.6
43664;fluticasona+salmeterol;PROAIR BRONQUIAL;125/25mcg aer.x 120dosis;Montpellier;$ 64637.54;60%;$ 25855.02
43666;fluticasona+salmeterol;PROAIR BRONQUIAL;250/25mcg aer.x 120dosis;Montpellier;$ 68518.29;60%;$ 27407.32
45232;fluticasona+salmeterol;PROAIR BRONQUIAL 250/50;cáps.p/inh.x 60+aplic.;Montpellier;$ 55603.05;60%;$ 22241.22
45233;fluticasona+salmeterol;PROAIR BRONQUIAL 500/50;cáps.p/inh.x 60+aplic.;Montpellier;$ 56304.64;60%;$ 22521.86
12109;glibenclamida;GLIDANIL;comp.x 30;Montpellier;$ 7294.26;100%;$ 0
12110;glibenclamida;GLIDANIL;comp.x 60;Montpellier;$ 14421.26;100%;$ 0
32768;glimepiride;GLEMAZ 2;2 mg comp.ran.x 30;Montpellier;$ 11802.57;100%;$ 0
25923;glimepiride;GLEMAZ;4 mg comp.trirran.x 15;Montpellier;$ 7683.34;100%;$ 0
25924;glimepiride;GLEMAZ;4 mg comp.trirran.x 30;Montpellier;$ 21488.33;100%;$ 0
47027;glimepiride;GLEMAZ;4 mg comp.trirran.x 60;Montpellier;$ 40436.9;100%;$ 0
47930;glimepiride+metformina;GLEMAZ MET 2/1000;2/1000 mg comp.rec.x 30;Montpellier;$ 13896.38;50%;$ 6948.19
47931;glimepiride+metformina;GLEMAZ MET 2/1000;2/1000 mg comp.rec.x 60;Montpellier;$ 26015.71;50%;$ 13007.86
47932;glimepiride+metformina;GLEMAZ MET 4/1000;4/1000 mg comp.rec.x 30;Montpellier;$ 24581.5;50%;$ 12290.75
47933;glimepiride+metformina;GLEMAZ MET 4/1000;4/1000 mg comp.rec.x 60;Montpellier;$ 45370.31;50%;$ 22685.16
13930;ibuprofeno+ergotamina+cafeína;MIGRAL II;comp.rec.x 20;Montpellier;$ 13020.39;40%;$ 7812.23
13931;ibuprofeno+ergotamina+cafeína;MIGRAL II;comp.rec.x 50;Montpellier;$ 29844.43;40%;$ 17906.66
5775;indometacina;IM 75 MONTPELLIER;cr.x 100 g;Montpellier;$ 23115.76;50%;$ 11557.88
5771;indometacina;IM 75 MONTPELLIER;cáps.x 24;Montpellier;$ 26381.78;50%;$ 13190.89
5772;indometacina;IM 75 MONTPELLIER;cáps.x 50;Montpellier;$ 48238.41;50%;$ 24119.21
22059;indometacina;IM 75 MONTPELLIER;gel x 50 g;Montpellier;$ 20095.3;50%;$ 10047.65
44939;indometacina;IM 75 MONTPELLIER;iny.f.a.x 3 x 2 ml;Montpellier;$ 23288.33;50%;$ 11644.17
5774;indometacina;IM 75 MONTPELLIER;sup.x 10;Montpellier;$ 25977.14;50%;$ 12988.57
50984;insulina glargina;INSULINA OPTISULIN SOLOSTAR;lap.prell.desc.x5x3ml;Montpellier;$ 235603.7;100%;$ 0
41668;levofloxacina;BACTIFREN 500;500 mg comp.rec.x 7;Montpellier;$ 15311.37;60%;$ 6124.55
41964;levofloxacina;BACTIFREN 750;750 mg comp.rec.x 5;Montpellier;$ 17508.37;60%;$ 7003.35
11919;levotiroxina;T4 MONTPELLIER 100;100 mcg comp.x 50;Montpellier;$ 12419;80%;$ 2483.8
39846;levotiroxina;T4 MONTPELLIER 112;112 mcg comp.x 50;Montpellier;$ 16820.11;80%;$ 3364.02
33627;levotiroxina;T4 MONTPELLIER 125;125 mcg comp.x 50;Montpellier;$ 17592.57;80%;$ 3518.51
39847;levotiroxina;T4 MONTPELLIER 137;137 mcg comp.x 50;Montpellier;$ 19232.93;80%;$ 3846.59
15331;levotiroxina;T4 MONTPELLIER 150;150 mcg comp.x 50;Montpellier;$ 19601.34;80%;$ 3920.27
39848;levotiroxina;T4 MONTPELLIER 175;175 mcg comp.x 50;Montpellier;$ 21158.06;80%;$ 4231.61
33628;levotiroxina;T4 MONTPELLIER 200;200 mcg comp.x 50;Montpellier;$ 21609.53;80%;$ 4321.91
38312;levotiroxina;T4 MONTPELLIER;200 mcg iny.a.x 1 ml;Montpellier;$ 45631.96;80%;$ 9126.39
54297;levotiroxina;T4 MONTPELLIER 25;25 mcg comp.x 50;Montpellier;$ 8170.78;80%;$ 1634.16
33625;levotiroxina;T4 MONTPELLIER 50;50 mcg comp.x 50;Montpellier;$ 8616.64;80%;$ 1723.33
33626;levotiroxina;T4 MONTPELLIER 75;75 mcg comp.x 50;Montpellier;$ 10772.15;80%;$ 2154.43
39845;levotiroxina;T4 MONTPELLIER 88;88 mcg comp.x 50;Montpellier;$ 11191.31;80%;$ 2238.26
54595;liotironina;T3 MONTPELLIER 20;comp.x 30;Montpellier;$ 18977.82;50%;$ 9488.91
10170;loratadina;ALERPRIV;comp.x 10;Montpellier;$ 9426.02;40%;$ 5655.61
10171;loratadina;ALERPRIV;comp.x 30;Montpellier;$ 22782.57;40%;$ 13669.54
19626;loratadina;ALERPRIV;jbe.x 120 ml;Montpellier;$ 6579.76;40%;$ 3947.86
10172;loratadina;ALERPRIV;jbe.x 60 ml;Montpellier;$ 7282.89;40%;$ 4369.73
19993;loratadina+betametasona;HISTAMINO CORTEROID L;comp.x 10;Montpellier;$ 10645.22;40%;$ 6387.13
19994;loratadina+betametasona;HISTAMINO CORTEROID L;comp.x 20;Montpellier;$ 20130.59;40%;$ 12078.35
19995;loratadina+betametasona;HISTAMINO CORTEROID L;jbe.x 60 ml;Montpellier;$ 10551.69;40%;$ 6331.01
18542;loratadina+pseudoefedrina;ALERPRIV D;comp.x 10;Montpellier;$ 10137.31;40%;$ 6082.39
46079;loratadina+pseudoefedrina;ALERPRIV D;jbe.x 50 ml;Montpellier;$ 7189.5;40%;$ 4313.7
45229;metformina;DBI AP FORTE;1000 mg comp.rec.x 100;Montpellier;$ 48644.45;100%;$ 0
32396;metformina;DBI AP FORTE;1000 mg comp.rec.x 30;Montpellier;$ 16021.67;100%;$ 0
32397;metformina;DBI AP FORTE;1000 mg comp.rec.x 60;Montpellier;$ 29455.43;100%;$ 0
46082;metformina;DBI AP 500;500 mg comp.rec.AP x 100;Montpellier;$ 32247.25;100%;$ 0
46080;metformina;DBI AP 500;500 mg comp.rec.AP x 30;Montpellier;$ 10155.36;100%;$ 0
46081;metformina;DBI AP 500;500 mg comp.rec.AP x 60;Montpellier;$ 19341.32;100%;$ 0
10174;metformina;DBI METFORMINA;500 mg comp.x 100;Montpellier;$ 21440.62;100%;$ 0
10173;metformina;DBI METFORMINA;500 mg comp.x 30;Montpellier;$ 5917.7;100%;$ 0
31692;metformina;DBI METFORMINA;500 mg comp.x 60;Montpellier;$ 11792.19;100%;$ 0
12910;metformina;DBI AP METFORMINA;850 mg comp.rec.x 100;Montpellier;$ 39556.29;100%;$ 0
12909;metformina;DBI AP METFORMINA;850 mg comp.rec.x 30;Montpellier;$ 12103.68;100%;$ 0
30980;metformina;DBI AP METFORMINA;850 mg comp.rec.x 60;Montpellier;$ 23814.42;100%;$ 0
45428;metformina;DBI METFORMINA;sol.x 150 ml;Montpellier;$ 1026.08;100%;$ 0
45429;metformina;DBI METFORMINA;sol.x 500 ml;Montpellier;$ 2228.44;100%;$ 0
35782;metformina+glibenclamida;DBI DUO 500/2.5;500/2.5 mg comp.x 30;Montpellier;$ 10132.71;80%;$ 2026.54
35783;metformina+glibenclamida;DBI DUO 500/5;500/5 mg comp.x 30;Montpellier;$ 10787.41;80%;$ 2157.48
35784;metformina+glibenclamida;DBI DUO 500/5;500/5 mg comp.x 60;Montpellier;$ 18928.24;80%;$ 3785.65
46644;montelukast;ASMAVITAN;10 mg comp.rec.x 30;Montpellier;$ 40406.19;50%;$ 20203.1
46646;montelukast;ASMAVITAN;4 mg comp.mast.x 30;Montpellier;$ 38081.81;50%;$ 19040.91
46647;montelukast;ASMAVITAN;4 mg gran.sob.x 30;Montpellier;$ 37630.39;50%;$ 18815.2
46645;montelukast;ASMAVITAN;5 mg comp.mast.x 30;Montpellier;$ 38826.45;50%;$ 19413.23
59956;montelukast+levocetirizina;ALERVITAN;comp.rec.x 30;Montpellier;$ 35577.31;50%;$ 17788.66
51974;nebivolol;MOBAN;10 mg comp.x 30;Montpellier;$ 35986.58;50%;$ 17993.29
51973;nebivolol;MOBAN;5 mg comp.x 30;Montpellier;$ 19686.7;50%;$ 9843.35
20105;paracetamol+dipirona;DIOXADOL;sol.x 30 ml;Montpellier;$ 14242.08;40%;$ 8545.25
22971;paracetamol+pseudoefedrina+asoc.;REFRIANEX COMPUESTO;comp.rec.x 20;Montpellier;$ 9395.08;40%;$ 5637.05
5842;paracetamol+pseudoefedrina+asoc.;REFRIANEX;comp.x 20;Montpellier;$ 8446.64;40%;$ 5067.98
46084;paracetamol+pseudoefedrina+asoc.;REFRIANEX COMPUESTO;jbe.x 100 ml;Montpellier;$ 10077.37;40%;$ 6046.42
46083;paracetamol+pseudoefedrina+asoc.;REFRIANEX;jbe.x 100 ml;Montpellier;$ 10028.13;40%;$ 6016.88
5781;potasio,gluconato;KAON;elixir x 150 ml;Montpellier;$ 4900.28;50%;$ 2450.14
5782;potasio,gluconato;KAON;elixir x 500 ml;Montpellier;$ 12813.82;50%;$ 6406.91
5783;potasio,gluconato;KAON;pvo.sob.x 30;Montpellier;$ 13699.97;50%;$ 6849.99
48828;pregabalina;LUNEL;150 mg cáps.x 30;Montpellier;$ 62580.24;50%;$ 31290.12
48825;pregabalina;LUNEL;25 mg cáps.x 30;Montpellier;$ 11601.63;50%;$ 5800.82
48826;pregabalina;LUNEL;75 mg caps.x 15;Montpellier;$ 917.27;50%;$ 458.64
53729;pregabalina;LUNEL 75 PRACTIDOSIS;75 mg comp.birran.x 30;Montpellier;$ 39464.15;50%;$ 19732.08
48827;pregabalina;LUNEL;75 mg cáps.x 30;Montpellier;$ 38584.33;50%;$ 19292.17
46648;risedronato;RENTOP 150;150 mg comp.rec.x 1;Montpellier;$ 34234.87;50%;$ 17117.44
50304;risedronato;RENTOP 150;150 mg comp.rec.x 3;Montpellier;$ 77036.67;50%;$ 38518.34
57373;rosuvastatina;ROSUSTATIN;10 mg comp.x 30;Montpellier;$ 24183.49;60%;$ 9673.4
57374;rosuvastatina;ROSUSTATIN;10 mg comp.x 60;Montpellier;$ 47724.31;60%;$ 19089.72
57375;rosuvastatina;ROSUSTATIN;20 mg comp.x 30;Montpellier;$ 42853.69;60%;$ 17141.48
57372;rosuvastatina;ROSUSTATIN;5 mg comp.x 30;Montpellier;$ 15755.37;60%;$ 6302.15
5680;simeticona;CARBOGASOL FORTE;cáps.x 120 (60+60);Montpellier;$ 19531.25;50%;$ 9765.63
5682;simeticona;CARBOGASOL FORTE;cáps.x 40 (20+20);Montpellier;$ 8090.12;50%;$ 4045.06
5679;simeticona;CARBOGASOL;liq.x 30 ml;Montpellier;$ 4504.05;50%;$ 2252.03
27177;sodio,picosulfato;MODATON;gts.x 30 ml;Montpellier;$ 8446.87;50%;$ 4223.44
55725;tiotropio,bromuro;NUBIBRON;cáps.p/inh. x 30;Montpellier;$ 112694;50%;$ 56347
53733;tióctico,ác.;PRIOTIC;600 mg comp.x 30;Montpellier;$ 44838.93;50%;$ 22419.47
55084;tramadol+paracetamol;TAXAT;comp.x 10;Montpellier;$ 14493.63;40%;$ 8696.18
55085;tramadol+paracetamol;TAXAT;comp.x 20;Montpellier;$ 28565.12;40%;$ 17139.07
55086;tramadol+paracetamol;TAXAT;comp.x 30;Montpellier;$ 36577.13;40%;$ 21946.28
47776;valsartán;DIAPRESAN 160;160 mg comp.rec.x 15;Montpellier;$ 9910.59;60%;$ 3964.24
47777;valsartán;DIAPRESAN 160;160 mg comp.rec.x 30;Montpellier;$ 35816.38;60%;$ 14326.55
60421;valsartán;DIAPRESAN 320;320 mg comp.rec.x 30;Montpellier;$ 36226.51;60%;$ 14490.6
47774;valsartán;DIAPRESAN 80;80 mg comp.rec.x 15;Montpellier;$ 9672.63;60%;$ 3869.05
47775;valsartán;DIAPRESAN 80;80 mg comp.rec.x 30;Montpellier;$ 27718.89;60%;$ 11087.56
55210;valsartán+amlodipina;DIAPRESAN A;160/10 mg comp.rec.x 30;Montpellier;$ 36498.35;50%;$ 18249.18
55209;valsartán+amlodipina;DIAPRESAN A;160/5 mg comp.rec.x 30;Montpellier;$ 37717.23;50%;$ 18858.62
57370;valsartán+hidrocloroti.+amlodip.;DIAPRESAN TRIPLE;160/12.5/10 mg comp.x 30;Montpellier;$ 52469.31;50%;$ 26234.66
57371;valsartán+hidrocloroti.+amlodip.;DIAPRESAN TRIPLE;160/12.5/5 mg comp.x 30;Montpellier;$ 52469.31;50%;$ 26234.66
57369;valsartán+hidrocloroti.+amlodip.;DIAPRESAN TRIPLE;320/25/10 mg comp.x 30;Montpellier;$ 58475.66;50%;$ 29237.83
48543;valsartán+hidroclorotiazida;DIAPRESAN D;160/12.5 mg comp.rec.x30;Montpellier;$ 35896.3;50%;$ 17948.15
48544;valsartán+hidroclorotiazida;DIAPRESAN D;160/25 mg comp.rec.x30;Montpellier;$ 41595.53;50%;$ 20797.77
60422;valsartán+hidroclorotiazida;DIAPRESAN D;320/12.5 mg comp.rec.x30;Montpellier;$ 39302.45;50%;$ 19651.23
60423;valsartán+hidroclorotiazida;DIAPRESAN D;320/25 mg comp.rec.x30;Montpellier;$ 39572.22;50%;$ 19786.11
48542;valsartán+hidroclorotiazida;DIAPRESAN D;80/12.5 mg comp.rec.x 30;Montpellier;$ 27889.42;50%;$ 13944.71
53732;venlafaxina;MAXIBRAL XR;150 mg cáps.x 30;Montpellier;$ 38784.13;50%;$ 19392.07
53730;venlafaxina;MAXIBRAL XR;37.5 mg cáps.x 30;Montpellier;$ 27249.92;50%;$ 13624.96
53731;venlafaxina;MAXIBRAL XR;75 mg cáps.x 30;Montpellier;$ 28512.59;50%;$ 14256.3
43667;vildagliptin;ZOMARIST;50 mg comp.x 28;Montpellier;$ 41806.16;100%;$ 0
42615;vildagliptin;ZOMARIST;50 mg comp.x 56;Montpellier;$ 79755.99;100%;$ 0
43669;vildagliptin+metformina;ZOMARIST MET;50/1000 mg comp.x 30;Montpellier;$ 56754.73;100%;$ 0
42617;vildagliptin+metformina;ZOMARIST MET;50/1000 mg comp.x 60;Montpellier;$ 107294.41;100%;$ 0
50043;vildagliptin+metformina;ZOMARIST MET;50/500 mg comp.x 30;Montpellier;$ 48922.93;100%;$ 0
50042;vildagliptin+metformina;ZOMARIST MET;50/500 mg comp.x 60;Montpellier;$ 93335.21;100%;$ 0
43668;vildagliptin+metformina;ZOMARIST MET;50/850 mg comp.x 30;Montpellier;$ 48922.93;100%;$ 0
42616;vildagliptin+metformina;ZOMARIST MET;50/850 mg comp.x 60;Montpellier;$ 93335.21;100%;$ 0
3915;vit.b,complejo+asoc.;MEMOREX COMPUESTO;comp.x 20;Montpellier;$ 23955.7;40%;$ 14373.42
3917;vit.b,complejo+asoc.;MEMOREX COMPUESTO;comp.x 40;Montpellier;$ 40949.73;40%;$ 24569.84
5800;vit.b,complejo+asoc.;MEMOREX COMPUESTO;jbe.x 200 ml;Montpellier;$ 19316.12;40%;$ 11589.67
56301;vit.d3;OSTEODYN;cáps.x 1;Montpellier;$ 14317.63;40%;$ 8590.58
56302;vit.d3;OSTEODYN;cáps.x 2;Montpellier;$ 19423.32;40%;$ 11653.99
47512;vit.d3;OSTEODYN;sol.oral x 2 ml;Montpellier;$ 10406.04;40%;$ 6243.62
27042;amlodipina;ZUNDIC;10 mg comp.x 30;Nolter;$ 18153.87;60%;$ 7261.55
27041;amlodipina;ZUNDIC;5 mg comp.x 30;Nolter;$ 11255.56;60%;$ 4502.22
52314;cilostazol;ZOLPLAT;100 mg comp.x 30;Nolter;$ 31349.28;60%;$ 12539.71
52313;cilostazol;ZOLPLAT;50 mg comp.x 30;Nolter;$ 17728.19;60%;$ 7091.28
27593;cincocaína,clorh.+asoc.;PROCTYL;pda.x 10 g;Nolter;$ 8855.87;50%;$ 4427.94
24920;cincocaína,clorh.+asoc.;PROCTYL;pda.x 30 g;Nolter;$ 19009.48;50%;$ 9504.74
51772;diosmina+hesperidina micronizada;VEDIPAL;1000 mg comp.x 30;Nolter;$ 63469.41;40%;$ 38081.65
49121;diosmina+hesperidina micronizada;VEDIPAL;500 mg comp.x 30;Nolter;$ 34852.52;40%;$ 20911.51
49122;diosmina+hesperidina micronizada;VEDIPAL;500 mg comp.x 60;Nolter;$ 63528.4;40%;$ 38117.04
62616;empagliflozina;EMADIAN;10 mg comp.rec.x 30;Nolter;$ 88222.59;100%;$ 0
62618;empagliflozina;EMADIAN;25 mg comp.rec.x 30;Nolter;$ 94822.61;100%;$ 0
43720;lidocaína+hidrocortisona;PROCTYL HC;pda.x 10 g;Nolter;$ 10900.61;50%;$ 5450.31
43721;lidocaína+hidrocortisona;PROCTYL HC;pda.x 30 g;Nolter;$ 22316.66;50%;$ 11158.33
60979;olmesartán;OLTUX;20 mg comp.rec.x 30;Nolter;$ 32529.91;60%;$ 13011.96
60980;olmesartán;OLTUX;40 mg comp.rec.x 30;Nolter;$ 42201.56;60%;$ 16880.62
53222;rosuvastatina;ROSUFEN;10 mg comp.rec.x 30;Nolter;$ 26570.22;60%;$ 10628.09
53223;rosuvastatina;ROSUFEN;20 mg comp.rec.x 30;Nolter;$ 48957.33;60%;$ 19582.93
54822;rosuvastatina;ROSUFEN;40 mg comp.rec.x 30;Nolter;$ 75407.24;60%;$ 30162.9
53221;rosuvastatina;ROSUFEN;5 mg comp.rec.x 30;Nolter;$ 17741.3;60%;$ 7096.52
58457;rosuvastatina+ezetimibe;ROSUFEN DUO;10/10 mg comp. x 30;Nolter;$ 34267.68;50%;$ 17133.84
58458;rosuvastatina+ezetimibe;ROSUFEN DUO;20/10 mg comp. x 30;Nolter;$ 60423.68;50%;$ 30211.84
58456;rosuvastatina+ezetimibe;ROSUFEN DUO;5/10 mg comp. x 30;Nolter;$ 31465.96;50%;$ 15732.98
60835;sitagliptina;JALZER;100 mg comp.x 30;Nolter;$ 95584.11;100%;$ 0
60834;sitagliptina;JALZER;50 mg comp.x 30;Nolter;$ 89119.34;100%;$ 0
60838;sitagliptina+metformina,clorh.;JALZERMET;50/1000 mg comp.x 30;Nolter;$ 55754.69;100%;$ 0
60839;sitagliptina+metformina,clorh.;JALZERMET;50/1000 mg comp.x 60;Nolter;$ 134447.3;100%;$ 0
60836;sitagliptina+metformina,clorh.;JALZERMET;50/850 mg comp.x 30;Nolter;$ 49657.19;100%;$ 0
60837;sitagliptina+metformina,clorh.;JALZERMET;50/850 mg comp.x 60;Nolter;$ 125166.67;100%;$ 0
36543;diclofenac sódico;DICLOCALM;75 mg a.x 100 x 3 ml;Northia;$ 43333.43;40%;$ 26000.06
36502;gentamicina;PLURISEMINA;400 mg f.a.x 50 x 10 ml;Northia;$ 17261.09;60%;$ 6904.44
40692;amoxicilina+ambroxol;GRINSIL RESPIRATORIO NF;500 mg comp.rec.x 16;Nova Argentia;$ 548.9;50%;$ 274.45
14272;diclofenac+vit.b12+betametasona;VESALION B12;iny.x 6;Nova Argentia;$ 842.26;40%;$ 505.36
45310;prasugrel;TROCAL;10 mg comp.x 30;Nova Argentia;$ 586.88;50%;$ 293.44
43513;aliskiren;RASILEZ;150 mg comp.rec.x 28;Novartis;$ 891.88;50%;$ 445.94
43515;aliskiren;RASILEZ;300 mg comp.rec.x 28;Novartis;$ 891.88;50%;$ 445.94
17749;baclofeno;LIORESAL INTRATECAL;0.05 mg/1 ml iny.a.x 5;Novartis;$ 83390.48;50%;$ 41695.24
17748;baclofeno;LIORESAL INTRATECAL;10 mg/20 ml iny.a.x 1;Novartis;$ 223268.44;50%;$ 111634.22
25864;baclofeno;LIORESAL INTRATECAL;10 mg/5 ml iny.a.x 1;Novartis;$ 223268.44;50%;$ 111634.22
43963;baclofeno;LIORESAL;comp.x 60;Novartis;$ 29162.31;50%;$ 14581.16
23098;brinzolamida;AZOPT;1% susp.oft.x 5 ml;Novartis;$ 32671.34;60%;$ 13068.54
44772;brinzolamida+timolol;AZARGA;fco.x 5 ml;Novartis;$ 40183.75;50%;$ 20091.88
8119;calcitonina;CALCITONINA SANDOZ;100 UI a.x 5;Novartis;$ 1217.38;50%;$ 608.69
18948;calcitonina;CALCITONINA SANDOZ NASAL;100 UI spray x 2-28 ds.;Novartis;$ 2161.87;50%;$ 1080.94
8120;calcitonina;CALCITONINA SANDOZ MINOR;50 UI a.x 5;Novartis;$ 540.64;50%;$ 270.32
9414;carbamazepina;TEGRETOL;200 mg comp.x 60;Novartis;$ 36598.38;80%;$ 7319.68
9259;carbamazepina;TEGRETOL 400 LC;400 mg comp.x 30;Novartis;$ 51539.89;80%;$ 10307.98
629;carbamazepina;TEGRETOL 400 LC;400 mg comp.x 60;Novartis;$ 86726.86;80%;$ 17345.37
43335;carbamazepina;TEGRETOL;jbe.x 100 ml;Novartis;$ 9382.66;80%;$ 1876.53
14975;dexametasona+neomicina+asoc.;ISOPTOMAX;susp.oft.x 5 ml;Novartis;$ 14709.4;50%;$ 7354.7
14976;dexametasona+neomicina+asoc.;ISOPTOMAX;ung.oft.x 3.5 g;Novartis;$ 16297.76;50%;$ 8148.88
11935;fluorometolona;FLAREX;susp.oft.x 5 ml;Novartis;$ 27427.68;50%;$ 13713.84
28933;fluvastatina;LESCOL XL;80 mg comp.x 28;Novartis;$ 2042.83;60%;$ 817.13
45705;indacaterol;ONBRIZE BREEZHALER;150 mcg cáps.p/inh.x30;Novartis;$ 87975.78;50%;$ 43987.89
45706;indacaterol;ONBRIZE BREEZHALER;300 mcg cáps.p/inh.x30;Novartis;$ 92972.32;50%;$ 46486.16
45421;metilfenidato;RITALINA LA;10 mg cáps.x 30;Novartis;$ 78676.33;50%;$ 39338.17
33839;metilfenidato;RITALINA LA;20 mg cáps.x 30;Novartis;$ 81691.39;50%;$ 40845.7
35093;metilfenidato;RITALINA LA;30 mg cáps.x 30;Novartis;$ 91624.73;50%;$ 45812.37
35094;metilfenidato;RITALINA LA;40 mg cáps.x 30;Novartis;$ 91624.73;50%;$ 45812.37
13494;metilfenidato;RITALINA;comp.x 30;Novartis;$ 38138.69;50%;$ 19069.35
36318;moxifloxacina;VIGAMOX;0.5% sol.oft.x 5 ml;Novartis;$ 43107.53;80%;$ 8621.51
43416;moxifloxacina+dexametasona clor.;VIGADEXA;sol.oft.x 5 ml;Novartis;$ 42286.11;80%;$ 8457.22
38114;nepafenac;NEVANAC;0.1% fco.got.x 5 ml;Novartis;$ 39578.04;50%;$ 19789.02
21143;olopatadine;PATANOL;0.1% fco.gotero x 5 ml;Novartis;$ 34778.85;50%;$ 17389.43
41436;olopatadine;PATANOL S;0.2% fco.gotero x 2.5 ml;Novartis;$ 36201.48;50%;$ 18100.74
10129;oxcarbazepina;TRILEPTAL;300 mg comp.x 30;Novartis;$ 65694.93;80%;$ 13138.99
10130;oxcarbazepina;TRILEPTAL;300 mg comp.x 60;Novartis;$ 117521.89;80%;$ 23504.38
10131;oxcarbazepina;TRILEPTAL;600 mg comp.x 30;Novartis;$ 126460.86;80%;$ 25292.17
10132;oxcarbazepina;TRILEPTAL;600 mg comp.x 60;Novartis;$ 215385.67;80%;$ 43077.13
22592;oxcarbazepina;TRILEPTAL;jbe.x 100 ml;Novartis;$ 41024.86;80%;$ 8204.97
165;pilocarpina;ISOPTO CARPINA;2% sol.oft.x 15 ml;Novartis;$ 9552.75;80%;$ 1910.55
12266;terbinafina;LAMISIL;250 mg comp.x 28;Novartis;$ 26910.85;50%;$ 13455.43
6580;timolol,maleato;PLOSTIM;0.50% sol.oft.x 5 ml;Novartis;$ 15914.97;80%;$ 3182.99
18659;tobramicina;TOBREX;gts.oft.x 5 ml;Novartis;$ 15935.64;60%;$ 6374.26
3385;tobramicina+dexametasona;TOBRADEX;susp.oft.x 5 ml;Novartis;$ 17973.73;50%;$ 8986.87
10872;tobramicina+dexametasona;TOBRADEX;ung.x 3.5 g;Novartis;$ 18705.44;50%;$ 9352.72
28478;travoprost;TRAVATAN;sol.oft.x 2.5 ml;Novartis;$ 31717.95;60%;$ 12687.18
41786;travoprost+timolol;DUOTRAV;sol.oft.x 2.5 ml;Novartis;$ 43419.48;50%;$ 21709.74
42683;acetilcisteína;ACC EXPECTORANTE;600 mg comp.eferv.x 10;Novartis-Sandoz;$ 5439.62;40%;$ 3263.77
42684;acetilcisteína;ACC EXPECTORANTE;600 mg comp.eferv.x 20;Novartis-Sandoz;$ 8848.8;40%;$ 5309.28
41939;calcio,carbonato+asoc.;CALCIUM SANDOZ 1000 MG;comp.efer.x 30;Novartis-Sandoz;$ 5432.52;60%;$ 2173.01
2174;clomipramina;ANAFRANIL;a.x 10;Novartis-Sandoz;$ 392.21;50%;$ 196.11
35837;fentanilo;TALNUR;25 mcg/h parches x 5;Novartis-Sandoz;$ 5357.45;50%;$ 2678.73
35838;fentanilo;TALNUR;50 mcg/h parches x 5;Novartis-Sandoz;$ 7992.86;50%;$ 3996.43
35839;fentanilo;TALNUR;75 mcg/h parches x 5;Novartis-Sandoz;$ 11830.07;50%;$ 5915.04
33583;tamsulosina;TAMSUNA;0.4 mg cáps.x 30;Novartis-Sandoz;$ 7540.96;50%;$ 3770.48
9445;tizanidina;SIRDALUD;comp.x 15;Novartis-Sandoz;$ 2340.27;50%;$ 1170.14
9909;dispositivo para aplic.insulina;AGUJAS NOVOFINE 30 G;agujas x 100;Novo Nordisk;$ 27400;100%;$ 0
39905;dispositivo para aplic.insulina;AGUJAS NOVOFINE 32 G TIP;agujas x 100;Novo Nordisk;$ 28564.28;100%;$ 0
27440;glucagon;GLUCAGEN HYPOKIT;1mg f.a.x1+disolv.jga.pr;Novo Nordisk;$ 65471.29;50%;$ 32735.65
30360;insulina aspártica;INSULINA NOVORAPID PENFILL;100 UI cart.x 5 x 3 ml;Novo Nordisk;$ 190645.47;100%;$ 0
31833;insulina aspártica;INSULINA NOVORAPID FLEXPEN;100 UI lapic.x 5 x 3 ml;Novo Nordisk;$ 235545.23;100%;$ 0
31832;insulina aspártica bifásica;INSULINA NOVOMIX 30 FLEXPEN;100 UI lapiceras x5 x3ml;Novo Nordisk;$ 231108.61;100%;$ 0
57128;insulina degludec;INSULINA TRESIBA FLEXTOUCH;200 U lapiceras x3 x3 ml;Novo Nordisk;$ 370571.42;100%;$ 0
24018;insulina humana;INSULINA INSULATARD PENFILL;HM 100 UI cart.x 5 x 3ml;Novo Nordisk;$ 86813.97;100%;$ 0
5801;insulina humana;INSULINA INSULATARD;HM 100 UI f.a.x 10 ml;Novo Nordisk;$ 36426.53;100%;$ 0
33014;insulina humana;INSULINA INSULATARD FLEXPEN;HM 100UI lap.prellx5x3ml;Novo Nordisk;$ 123705.73;100%;$ 0
63925;semaglutida;WEGOVY;0.25 mg/ds lap.x1 x1.5ml;Novo Nordisk;$ 341828.19;40%;$ 205096.91
63926;semaglutida;WEGOVY;0.5 mg/ds lap.x1 x1.5ml;Novo Nordisk;$ 341828.19;40%;$ 205096.91
63927;semaglutida;WEGOVY;1 mg/ds lap.x1 x3ml;Novo Nordisk;$ 410193.83;40%;$ 246116.3
63928;semaglutida;WEGOVY;1.7 mg/ds lap.x1 x3ml;Novo Nordisk;$ 574271.39;40%;$ 344562.83
63929;semaglutida;WEGOVY;2.4 mg/ds lap.x1 x3ml;Novo Nordisk;$ 803979.94;40%;$ 482387.96
48845;acetazolamida;ACETA;250 mg comp.x 20;Novoplos;$ 14890.02;80%;$ 2978
26585;benzoílo,peróxido;ECNAGEL P.B.;10% gel x 60 g;Novoplos;$ 19664.56;50%;$ 9832.28
47661;ciprofloxacina;CIFLOXIN;sol.oft.x 5 ml;Novoplos;$ 11663.97;60%;$ 4665.59
48393;ciprofloxacina+dexametasona;DEXACORT C;gts.oft.x 10 ml;Novoplos;$ 9811.13;50%;$ 4905.57
47657;dextrán+hidroxipropilmetilcel;BIO EYES LAGRIMAS;sol.oft.x 10 ml;Novoplos;$ 12852.22;50%;$ 6426.11
53507;eritromicina;ERITROPLOS;ung.oft.x 3.5 g;Novoplos;$ 11965.83;50%;$ 5982.92
48576;hialuronato sódico;BIOSOL GEL;gel oft.x 5 g;Novoplos;$ 16432.66;50%;$ 8216.33
50235;hialurónico,ác.;BIOSOL LC;gts.oft.estéril x 7.5 ml;Novoplos;$ 20162.14;50%;$ 10081.07
47666;hialurónico,ác.;BIOSOL GOTAS;sol.oft.estéril x 10 ml;Novoplos;$ 14991.5;50%;$ 7495.75
51976;olopatadine;ZEPIKEN;0.2% sol.oft.x 5 ml;Novoplos;$ 26914;50%;$ 13457
58404;sodio,cloruro;NACLOR;0.9% sol. oft. x 10 ml;Novoplos;$ 5711.21;50%;$ 2855.61
58405;sodio,cloruro;NACLOR;5% sol. oft. x 10 ml;Novoplos;$ 9254.3;50%;$ 4627.15
52584;timolol,maleato;TIMOPLOS LC;sol.oft.estér.x 7.5 ml;Novoplos;$ 19416.84;80%;$ 3883.37
56010;travoprost;TRAVOPLOS;sol.oft.x 5 ml;Novoplos;$ 33754.35;60%;$ 13501.74
32937;almidón de maíz modificado;ESPESAN +;lata x 300 g;Nutricia-Bag¿;$ 22222.4;100%;$ 0
6144;bisacodilo+asoc.;EN-GA-LAX;grag.x 10;Omega;$ 1365.87;50%;$ 682.94
14325;bisacodilo+asoc.;EN-GA-LAX;grag.x 6;Omega;$ 886.41;50%;$ 443.21
6168;carbinoxamina;OMEGA 100;comp.x 20;Omega;$ 1228.58;50%;$ 614.29
6169;carbinoxamina;OMEGA 100;comp.x 50;Omega;$ 2057.2;50%;$ 1028.6
6170;carbinoxamina;OMEGA 100;gts.x 20 ml;Omega;$ 1905.75;50%;$ 952.88
16869;carbinoxamina;OMEGA 100;jbe.x 120 ml;Omega;$ 1471.94;50%;$ 735.97
13051;escina+asoc.;ESCINA OMEGA;gel x 50 g;Omega;$ 2689.92;50%;$ 1344.96
9603;escina+asoc.;ESCINA OMEGA FORTE;grag.x 20;Omega;$ 2775.63;50%;$ 1387.82
6146;escina+asoc.;ESCINA OMEGA;grag.x 20;Omega;$ 2481.87;50%;$ 1240.94
9604;escina+asoc.;ESCINA OMEGA FORTE;grag.x 50;Omega;$ 5332.65;50%;$ 2666.33
6147;escina+asoc.;ESCINA OMEGA;grag.x 50;Omega;$ 4351.07;50%;$ 2175.54
26005;fluconazol;FEMIXOL;150 mg comp.x 1;Omega;$ 1378.92;50%;$ 689.46
26006;fluconazol;FEMIXOL;150 mg comp.x 2;Omega;$ 2584.57;50%;$ 1292.29
14152;ibuprofeno;DOLORSYN 400;400 mg comp.x 10;Omega;$ 669.31;40%;$ 401.59
20388;ibuprofeno;DOLORSYN 400;400 mg comp.x 30;Omega;$ 1058.31;40%;$ 634.99
31112;ketoconazol+hidrocort.+gentamic.;LINFOL DERMICO;cr.x 20 g;Omega;$ 1294.54;40%;$ 776.72
31552;lactobacilos;LACTINEX;óv.x 12;Omega;$ 6839.3;50%;$ 3419.65
31551;lactobacilos;LACTINEX;óv.x 6;Omega;$ 4614.37;50%;$ 2307.19
15432;metronidazol;NALOX;comp.x 10;Omega;$ 898.57;50%;$ 449.29
15433;metronidazol;NALOX;comp.x 20;Omega;$ 1543.92;50%;$ 771.96
15434;metronidazol;NALOX;óv.x 12;Omega;$ 1863.81;50%;$ 931.91
32964;metronidazol;NALOX;óv.x 6;Omega;$ 1146.29;50%;$ 573.15
6152;metronidazol+asoc.;LINFOL;comp.x 20;Omega;$ 1602.46;50%;$ 801.23
6154;metronidazol+asoc.;LINFOL;óv.x 12;Omega;$ 2386.43;50%;$ 1193.22
6153;metronidazol+asoc.;LINFOL;óv.x 6;Omega;$ 1438.36;50%;$ 719.18
35200;miconazol+metronidazol+asoc.;LINFOL CICATRIZANTE;óv.x 12;Omega;$ 2300.22;40%;$ 1380.13
35199;miconazol+metronidazol+asoc.;LINFOL CICATRIZANTE;óv.x 6;Omega;$ 1202.91;40%;$ 721.75
12236;nistatina;DIPNI;100000 UI comp.vag.x 12;Omega;$ 1624.01;50%;$ 812.01
12235;nistatina;DIPNI;100000 UI comp.vag.x 6;Omega;$ 1152.31;50%;$ 576.16
12237;nistatina;DIPNI;500000 UI comp.oral.x 12;Omega;$ 1298.14;50%;$ 649.07
12238;nistatina;DIPNI;500000 UI comp.oral.x 30;Omega;$ 3517.94;50%;$ 1758.97
17942;norfloxacina;URO-LINFOL;comp.x 20;Omega;$ 2720.63;60%;$ 1088.25
32965;norfloxacina;URO-LINFOL;comp.x 6;Omega;$ 1012.65;60%;$ 405.06
41086;policarbófilo ác.;HIDROGEL;aplic.MVD x 12;Omega;$ 4315.54;50%;$ 2157.77
14487;policarbófilo ác.;HIDROGEL;aplic.MVD x 2;Omega;$ 1321.06;50%;$ 660.53
13274;policarbófilo ác.;HIDROGEL;aplic.MVD x 6;Omega;$ 2351.73;50%;$ 1175.87
41085;policarbófilo ác.;HIDROGEL;óv.x 12;Omega;$ 3826.67;50%;$ 1913.34
27019;policarbófilo ác.;HIDROGEL;óv.x 6;Omega;$ 2109.16;50%;$ 1054.58
6177;tetraciclina;TETRACICLINA OMEGA;comp.x 16;Omega;$ 1402.98;60%;$ 561.19
3073;betametasona;DIPROSONE;cr.x 15 g;Organon Arg.;$ 20051.76;50%;$ 10025.88
3075;betametasona;DIPROSONE;loc.x 30 ml;Organon Arg.;$ 26209.59;50%;$ 13104.8
11226;betametasona;CELESTONE;líq.x 15 ml;Organon Arg.;$ 14121.31;50%;$ 7060.66
57279;betametasona (acet.y fosf.disod);CELESTONE CRONODOSE;f.a.x 1 x 2 ml;Organon Arg.;$ 14126.46;50%;$ 7063.23
3068;betametasona+gentamicina;DIPROGENTA;cr.x 20 g;Organon Arg.;$ 32168.42;40%;$ 19301.05
33483;betametasona+gentamicina+asoc.;QUADRIDERM;cr.x 10 g;Organon Arg.;$ 17883.91;40%;$ 10730.35
33484;betametasona+gentamicina+asoc.;QUADRIDERM;cr.x 20 g;Organon Arg.;$ 38270.67;40%;$ 22962.4
9568;clotrimazol+betametasona;LOTRICOMB;cr.x 30 g;Organon Arg.;$ 35162.72;40%;$ 21097.63
28809;desloratadina;AERIUS;5 mg comp.rec.x 10;Organon Arg.;$ 39531.1;40%;$ 23718.66
28810;desloratadina;AERIUS;5 mg comp.rec.x 30;Organon Arg.;$ 97452.76;40%;$ 58471.66
28879;desogestrel;CERAZETTE;comp.rec.x 28;Organon Arg.;$ 29753.17;50%;$ 14876.59
6191;desogestrel+etinilestradiol;MARVELON;comp.x 21;Organon Arg.;$ 23387.95;50%;$ 11693.98
15883;desogestrel+etinilestradiol;MERCILON;comp.x 21;Organon Arg.;$ 23387.95;50%;$ 11693.98
5401;enalapril;RENITEC;10 mg comp.x 30;Organon Arg.;$ 11398.81;80%;$ 2279.76
5402;enalapril;RENITEC;10 mg comp.x 60;Organon Arg.;$ 22795.86;80%;$ 4559.17
5403;enalapril;RENITEC;20 mg comp.x 30;Organon Arg.;$ 14820.76;80%;$ 2964.15
5404;enalapril;RENITEC;20 mg comp.x 60;Organon Arg.;$ 29640.61;80%;$ 5928.12
8756;enalapril;RENITEC;5 mg comp.x 60;Organon Arg.;$ 12447.18;80%;$ 2489.44
3135;enalapril+hidroclorotiazida;CO-RENITEC;10/25 mg comp.x 20;Organon Arg.;$ 12600.42;80%;$ 2520.08
3136;enalapril+hidroclorotiazida;CO-RENITEC;10/25 mg comp.x 60;Organon Arg.;$ 37799.58;80%;$ 7559.92
3307;enalapril+hidroclorotiazida;CO-RENITEC;20/12.5 mg comp.x 60;Organon Arg.;$ 45160.47;80%;$ 9032.09
36921;etoricoxib;ARCOXIA;120 mg comp.rec.x 7;Organon Arg.;$ 27397.91;50%;$ 13698.96
33993;etoricoxib;ARCOXIA;60 mg comp.rec.x 28;Organon Arg.;$ 56582.81;50%;$ 28291.41
31906;etoricoxib;ARCOXIA;90 mg comp.rec.x 14;Organon Arg.;$ 36936.35;50%;$ 18468.18
33994;etoricoxib;ARCOXIA;90 mg comp.rec.x 28;Organon Arg.;$ 70093.83;50%;$ 35046.92
33428;ezetimibe;ZETIA;10 mg comp.x 28;Organon Arg.;$ 22652.03;50%;$ 11326.02
35857;ezetimibe;EZETROL;10 mg comp.x 30;Organon Arg.;$ 21661.08;50%;$ 10830.54
35814;ezetimibe+simvastatin;VYTORIN;10/10 mg comp.x 30;Organon Arg.;$ 42338.33;50%;$ 21169.17
35815;ezetimibe+simvastatin;VYTORIN;10/20 mg comp.x 30;Organon Arg.;$ 42338.33;50%;$ 21169.17
35816;ezetimibe+simvastatin;VYTORIN;10/40 mg comp.x 30;Organon Arg.;$ 52341.28;50%;$ 26170.64
38438;felbamato;FELBAMYL;600 mg comp.x 40;Organon Arg.;$ 99261.14;80%;$ 19852.23
22178;felbamato;FELBAMYL;600 mg/5 ml susp.x 230ml;Organon Arg.;$ 114837.55;80%;$ 22967.51
21216;finasteride;PROPECIA;1 mg comp.rec.x 30;Organon Arg.;$ 69770.32;50%;$ 34885.16
11845;finasteride;PROSCAR;comp.x 30;Organon Arg.;$ 49820.71;50%;$ 24910.36
31308;losartán;COZAAREX;100 mg comp.x 30;Organon Arg.;$ 56387.28;60%;$ 22554.91
30338;losartán;COZAAREX;50 mg comp.x 30;Organon Arg.;$ 34994.47;60%;$ 13997.79
39705;losartán+hidroclorotiazida;COZAAREX D;100/12.5 mg comp.x 30;Organon Arg.;$ 49119.95;50%;$ 24559.98
28397;losartán+hidroclorotiazida;COZAAREX D;100/25 mg comp.x 30;Organon Arg.;$ 42859.67;50%;$ 21429.84
31283;losartán+hidroclorotiazida;COZAAREX D;50/12.5 mg comp.x 30;Organon Arg.;$ 39271.15;50%;$ 19635.58
6189;mianserina;LERIVON;30 mg comp.x 30;Organon Arg.;$ 24485.77;50%;$ 12242.89
18662;mirtazapina;REMERON;30 mg comp.x 30;Organon Arg.;$ 58736.86;50%;$ 29368.43
14905;mometasona furoato;NOVASONE;cr.x 15 g;Organon Arg.;$ 30367.27;50%;$ 15183.64
15028;mometasona furoato;ELOCON;loc.x 30 ml;Organon Arg.;$ 24626.41;50%;$ 12313.21
28590;mometasona furoato;NASONEX;nas.spray acuoso x140ds.;Organon Arg.;$ 56174.58;50%;$ 28087.29
33712;mometasona furoato;NASONEX MINI;nasal spray acuosox60ds.;Organon Arg.;$ 34393.96;50%;$ 17196.98
11230;mometasona furoato;ELOCON CREMA;pomo x 15 g;Organon Arg.;$ 26249.3;50%;$ 13124.65
22037;montelukast;SINGULAIR;10 mg comp.x 30;Organon Arg.;$ 65214.77;50%;$ 32607.39
27144;montelukast;SINGULAIR;niños 4 mg comp.mast.x30;Organon Arg.;$ 52395.84;50%;$ 26197.92
33860;montelukast;SINGULAIR;niños 4 mg gran.sob.x 30;Organon Arg.;$ 52395.84;50%;$ 26197.92
21564;montelukast;SINGULAIR;niños 5 mg comp.mast.x30;Organon Arg.;$ 53356.64;50%;$ 26678.32
10398;simvastatin;ZOCOR;10 mg comp.x 30;Organon Arg.;$ 27532.21;60%;$ 11012.88
18182;simvastatin;ZOCOR;20 mg comp.x 30;Organon Arg.;$ 40730.87;60%;$ 16292.35
22531;simvastatin;ZOCOR;40 mg comp.x 30;Organon Arg.;$ 48723.8;60%;$ 19489.52
26997;clindamicina;CLINDACIN;gel x 50 g;Panalab;$ 18009.73;60%;$ 7203.89
23143;clindamicina;CLINDACIN;sol.x 50 ml;Panalab;$ 15630.25;60%;$ 6252.1
31734;clindamicina+benzoílo,peróxido;DUO CLINDACIN;gel x 20 g;Panalab;$ 27468.82;50%;$ 13734.41
28765;clobetasol;RIBATRA;0.05% cr.x 30 g;Panalab;$ 29242.53;40%;$ 17545.52
28767;clobetasol;RIBATRA;0.05% loc.x 30 ml;Panalab;$ 34884.58;40%;$ 20930.75
28766;clobetasol;RIBATRA;0.05% ung.x 30 g;Panalab;$ 29242.53;40%;$ 17545.52
38149;espironolactona;MODULACTONE 100;100 mg comp.x 30;Panalab;$ 20447.15;50%;$ 10223.58
38148;espironolactona;MODULACTONE 25;25 mg comp.x 30;Panalab;$ 13126.56;50%;$ 6563.28
48814;finasteride;HPB PANALAB;5 mg comp.rec.x 28;Panalab;$ 46499.57;50%;$ 23249.79
48815;finasteride;HPB PANALAB;5 mg comp.rec.x 56;Panalab;$ 83857.03;50%;$ 41928.52
49398;finasteride;HPB PANALAB;5 mg comp.rec.x 84;Panalab;$ 1772.73;50%;$ 886.37
26274;fluconazol;PONARIS;150 mg comp.x 2;Panalab;$ 7036;50%;$ 3518
26275;fluconazol;PONARIS;150 mg comp.x 4;Panalab;$ 23713.39;50%;$ 11856.7
26276;fluconazol;PONARIS;150 mg comp.x 8;Panalab;$ 43010.55;50%;$ 21505.28
34422;imiquimod;IMIMORE;5% cr.sob.x 12 x 0.25 g;Panalab;$ 695;50%;$ 347.5
43878;imiquimod;IMIMORE;5% cr.sob.x 24 x 0.25 g;Panalab;$ 953;50%;$ 476.5
34421;imiquimod;IMIMORE;5% cr.sob.x 6 x 0.25 g;Panalab;$ 696;50%;$ 348
52441;imiquimod;IMIMORE;5% cr.x 3 g;Panalab;$ 29412.84;50%;$ 14706.42
52442;imiquimod;IMIMORE;5% cr.x 6 g;Panalab;$ 40891.81;50%;$ 20445.91
38964;itraconazol;PANASTAT 200;cáps.x 14;Panalab;$ 29704.38;50%;$ 14852.19
32877;itraconazol;PANASTAT;cáps.x 15;Panalab;$ 27015.03;50%;$ 13507.52
38962;itraconazol;PANASTAT 200;cáps.x 2;Panalab;$ 1372;50%;$ 686
43326;itraconazol;PANASTAT 200;cáps.x 21;Panalab;$ 46460.06;50%;$ 23230.03
36737;itraconazol;PANASTAT;cáps.x 30;Panalab;$ 45843.2;50%;$ 22921.6
38963;itraconazol;PANASTAT 200;cáps.x 7;Panalab;$ 20666.53;50%;$ 10333.27
28113;ketoconazol+hidrocort.+gentamic.;TRIDERMAL;cr.x 30 g;Panalab;$ 43116.49;40%;$ 25869.89
33447;levocetirizina;SUPRALER;5 mg comp.x 10;Panalab;$ 9764.42;50%;$ 4882.21
33448;levocetirizina;SUPRALER;5 mg comp.x 30;Panalab;$ 24660.94;50%;$ 12330.47
37176;levofloxacina;ULTRAQUIN;500 mg comp.rec.x 14;Panalab;$ 1736;60%;$ 694.4
37741;levofloxacina;ULTRAQUIN;500 mg comp.rec.x 7;Panalab;$ 1025;60%;$ 410
41634;levofloxacina;ULTRAQUIN;750 mg comp.rec.x 5;Panalab;$ 1141;60%;$ 456.4
26273;metronidazol;REPLIGEN;1% cr.x 30 g;Panalab;$ 18074.25;50%;$ 9037.13
40234;metronidazol;REPLIGEN;1% cr.x 60 g;Panalab;$ 31145.63;50%;$ 15572.82
48816;serenoa repens;SERECUR;320 mg cáps.x 28;Panalab;$ 61569;50%;$ 30784.5
48817;serenoa repens;SERECUR;320 mg cáps.x 56;Panalab;$ 106578.76;50%;$ 53289.38
51992;tadalafilo;MOMENTUM;20 mg comp.rec.x 2;Panalab;$ 15858.49;50%;$ 7929.25
51993;tadalafilo;MOMENTUM;20 mg comp.rec.x 4;Panalab;$ 30750.64;50%;$ 15375.32
51994;tadalafilo;MOMENTUM;20 mg comp.rec.x 8;Panalab;$ 60985.02;50%;$ 30492.51
51991;tadalafilo;MOMENTUM;5 mg comp.rec.x 15;Panalab;$ 1972;50%;$ 986
37939;terazosina;PANAPROST;2 mg comp.x 30;Panalab;$ 176.51;50%;$ 88.26
37940;terazosina;PANAPROST;5 mg comp.x 30;Panalab;$ 16918.01;50%;$ 8459.01
48147;terbinafina;TEREKOL;1% cr.x 30 g;Panalab;$ 11955.13;50%;$ 5977.57
23246;terbinafina;TEREKOL;250 mg comp.x 14;Panalab;$ 19840.47;50%;$ 9920.24
23247;terbinafina;TEREKOL;250 mg comp.x 28;Panalab;$ 38431.41;50%;$ 19215.71
38644;tibolona;TIBOCLIM;2.5 mg comp.x 30;Panalab;$ 456;50%;$ 228
22628;tioconazol;TIOMICOL;sol.p/uñas x 12 ml;Panalab;$ 39728.83;50%;$ 19864.42
43066;tolterodina;URGINOL SR;4 mg cáps.lib.prol.x 30;Panalab;$ 734.95;50%;$ 367.48
48684;tolterodina;URGINOL SR;4 mg cáps.lib.prol.x 60;Panalab;$ 1748.89;50%;$ 874.45
48535;tolterodina;URGINOL;comp.x 28;Panalab;$ 38553.76;50%;$ 19276.88
48536;tolterodina;URGINOL;comp.x 56;Panalab;$ 59379.49;50%;$ 29689.75
43506;valaciclovir;VIRAMIXAL;1 g comp.rec.x 21;Panalab;$ 147192.68;60%;$ 58877.07
35701;valaciclovir;VIRAMIXAL;500 mg comp.x 10;Panalab;$ 51659.75;60%;$ 20663.9
35702;valaciclovir;VIRAMIXAL;500 mg comp.x 42;Panalab;$ 138454.79;60%;$ 55381.92
17307;aniracetam;PERGAMID;750 mg comp.x 30;Pfizer;$ 667.51;50%;$ 333.76
17308;aniracetam;PERGAMID;750 mg comp.x 60;Pfizer;$ 7796.6;50%;$ 3898.3
15169;azitromicina;ZITROMAX;500 mg tab.x 3;Pfizer;$ 12256.67;60%;$ 4902.67
12629;azitromicina;ZITROMAX;600 mg susp.oral x 15 ml;Pfizer;$ 17093.07;60%;$ 6837.23
13700;budesonide;PULMOLISOFLAM C/AEROCAMARA;aer.x 100 dosis;Pfizer;$ 541.13;80%;$ 108.23
13701;budesonide;PULMOLISOFLAM PEDIATRICO C/OPTICHAMBER;aer.x 200 dosis;Pfizer;$ 552.6;80%;$ 110.52
18983;cabergolina;DOSTINEX;0.5 mg comp.x 2;Pfizer;$ 13817.62;80%;$ 2763.52
18984;cabergolina;DOSTINEX;0.5 mg comp.x 8;Pfizer;$ 50292.16;80%;$ 10058.43
29559;cabergolina;CABASER;1 mg comp.x 30;Pfizer;$ 58566.44;80%;$ 11713.29
29560;cabergolina;CABASER;2 mg comp.x 30;Pfizer;$ 3576.2;80%;$ 715.24
21796;clindamicina;DALACIN C 300;300 mg cáps.x 16;Pfizer;$ 19612.85;60%;$ 7845.14
5862;clorpropamida;DIABINESE;250 mg comp.x 50;Pfizer;$ 2763.77;80%;$ 552.75
48450;desvenlafaxina;PRISTIQ;100mg comp.lib.prol.x 30;Pfizer;$ 65908.66;50%;$ 32954.33
48873;desvenlafaxina;PRISTIQ;50 mg comp.lib.prol.x 30;Pfizer;$ 38754.89;50%;$ 19377.45
48874;desvenlafaxina;PRISTIQ;50 mg comp.lib.prol.x 60;Pfizer;$ 77503.56;50%;$ 38751.78
9887;doxiciclina;VIBRAMICINA;100 mg tab.x 16;Pfizer;$ 19320.93;60%;$ 7728.37
10048;doxiciclina;VIBRAMICINA;100 mg tab.x 5;Pfizer;$ 5972.26;60%;$ 2388.9
15967;doxiciclina;VIBRAMICINA 50;50 mg caps.x 20;Pfizer;$ 1131.34;60%;$ 452.54
48884;enalapril;ARTERIOPRIL;10 mg comp.x 30;Pfizer;$ 783.24;80%;$ 156.65
48883;enalapril;ARTERIOPRIL;5 mg comp.x 30;Pfizer;$ 439.71;80%;$ 87.94
1304;espironolactona;ALDACTONE A;100 mg comp.x 30;Pfizer;$ 28191.05;50%;$ 14095.53
45561;espironolactona;ALDACTONE A;100 mg comp.x 60;Pfizer;$ 9278.04;50%;$ 4639.02
32969;espironolactona;ALDACTONE A;25 mg comp.x 20;Pfizer;$ 17041.18;50%;$ 8520.59
18719;espironolactona;ALDACTONE A;25 mg comp.x 30;Pfizer;$ 25561.97;50%;$ 12780.99
45560;espironolactona;ALDACTONE A;25 mg comp.x 60;Pfizer;$ 31442.41;50%;$ 15721.21
35833;espironolactona;ALDACTONE A;50 mg comp.x 30;Pfizer;$ 34536;50%;$ 17268
41785;espironolactona+furosemida;ALDACTONE D 25/20;comp.x 30;Pfizer;$ 27775.23;50%;$ 13887.62
37052;espironolactona+furosemida;ALDACTONE D 25/40;comp.x 30;Pfizer;$ 27786.93;50%;$ 13893.47
49280;espironolactona+furosemida;ALDACTONE D 25/40;comp.x 60;Pfizer;$ 37153.1;50%;$ 18576.55
49279;espironolactona+furosemida;ALDACTONE D 25/20;comp.x 60;Pfizer;$ 38224.55;50%;$ 19112.28
12032;estradiol;RONFASE;2 mg comp.x 28;Pfizer;$ 12452.2;50%;$ 6226.1
585;estradiol+medroxiprogesterona;FARLUDIOL;comp.x 30;Pfizer;$ 539.69;50%;$ 269.85
28710;estrógenos conjugados nat.;PREMARIN CD;0.3 mg grag.x 28;Pfizer;$ 663.45;50%;$ 331.73
9945;estrógenos conjugados nat.;PREMARIN CD;0.625 mg grag.x 28;Pfizer;$ 4143.73;50%;$ 2071.87
33620;estrógenos conjugados nat.;PREMARIN CREMA;cr.vag.x 26 g c/aplic.;Pfizer;$ 1898.83;50%;$ 949.42
9490;fluconazol;TRIFLUCAN;100 mg caps.x 7;Pfizer;$ 715.88;50%;$ 357.94
24468;fluconazol;TRIFLUCAN;150 mg caps.x 4;Pfizer;$ 827.21;50%;$ 413.61
10147;fluconazol;TRIFLUCAN;200 mg caps.x 7;Pfizer;$ 1388.24;50%;$ 694.12
19998;gabapentin;NEURONTIN;100 mg caps.x 100;Pfizer;$ 2501.9;60%;$ 1000.76
13209;gemfibrozil;LOPID UD;900 mg comp.x 15;Pfizer;$ 2762.92;60%;$ 1105.17
13210;gemfibrozil;LOPID UD;900 mg comp.x 30;Pfizer;$ 36003.95;60%;$ 14401.58
6326;gemfibrozil;LOPID 600;comp.x 30;Pfizer;$ 28390.04;60%;$ 11356.02
6327;gemfibrozil;LOPID 600;comp.x 60;Pfizer;$ 49550.96;60%;$ 19820.38
3899;glicerina+asoc.;MICRONEMA;tubos x 3 x 6.2 ml;Pfizer;$ 9509.1;50%;$ 4754.55
7335;glipizida;MINODIAB;5 mg comp.x 30;Pfizer;$ 3258.82;100%;$ 0
7336;glipizida;MINODIAB;5 mg comp.x 90;Pfizer;$ 2441.72;100%;$ 0
39622;ibuprofeno;IBUPIRETAS JR.;comp.mast.x 20;Pfizer;$ 10319.93;40%;$ 6191.96
35142;ibuprofeno;IBUPIRAC 600 MG;comp.x 10;Pfizer;$ 9332.19;40%;$ 5599.31
44027;ibuprofeno;IBUPIRAC 800 MG;comp.x 20;Pfizer;$ 22455.57;40%;$ 13473.34
3744;ibuprofeno;IBUPIRAC 600 MG;comp.x 20;Pfizer;$ 16075.23;40%;$ 9645.14
3745;ibuprofeno;IBUPIRAC 600 MG;comp.x 50;Pfizer;$ 37615.36;40%;$ 22569.22
49034;ibuprofeno;IBUPIRAC 800 MG;comp.x 50;Pfizer;$ 5460.21;40%;$ 3276.13
50006;ibuprofeno;IBUPIRAC 600 CAPSULA BLANDA;cáps.blandas x 10;Pfizer;$ 9866.74;40%;$ 5920.04
50005;ibuprofeno;IBUPIRAC 600 CAPSULA BLANDA;cáps.blandas x 20;Pfizer;$ 17293.48;40%;$ 10376.09
50004;ibuprofeno;IBUPIRAC 600 CAPSULA BLANDA;cáps.blandas x 50;Pfizer;$ 40887.01;40%;$ 24532.21
49035;ibuprofeno;IBUPIRAC SUSPENSION 4%;sus.x200ml con y sin jga;Pfizer;$ 22507.34;40%;$ 13504.4
37831;ibuprofeno;IBUPIRAC SUSPENSION 4%;sus.x90ml con y sin jga;Pfizer;$ 15191.85;40%;$ 9115.11
38720;ibuprofeno;IBUPIRAC GOTAS;susp.oral gts.x 30 ml;Pfizer;$ 10479.97;40%;$ 6287.98
15695;ibuprofeno+clorzoxazona;IBUPIRAC FLEX;400 mg comp.rec.x 10;Pfizer;$ 11663.41;40%;$ 6998.05
15696;ibuprofeno+clorzoxazona;IBUPIRAC FLEX;400 mg comp.rec.x 20;Pfizer;$ 21017.68;40%;$ 12610.61
51612;ibuprofeno+clorzoxazona;IBUPIRAC FLEX CAPSULAS BLANDAS;400 mg cáps.bl.x 10;Pfizer;$ 12085.51;40%;$ 7251.31
51613;ibuprofeno+clorzoxazona;IBUPIRAC FLEX CAPSULAS BLANDAS;400 mg cáps.bl.x 20;Pfizer;$ 21680.43;40%;$ 13008.26
36771;ibuprofeno+clorzoxazona;IBUPIRAC FLEX 600;comp.rec.x 10;Pfizer;$ 13987.9;40%;$ 8392.74
49033;ibuprofeno+clorzoxazona;IBUPIRAC FLEX 600;comp.rec.x 20;Pfizer;$ 25759.62;40%;$ 15455.77
12117;ibuprofeno+ergotamina+cafeína;IBUPIRAC MIGRA;comp.x 20;Pfizer;$ 15419.35;40%;$ 9251.61
9213;isosorbide,dinitrato;ISORDIL;5 mg comp.x 25;Pfizer;$ 665.79;60%;$ 266.32
9214;isosorbide,dinitrato;ISORDIL;5 mg comp.x 50;Pfizer;$ 1008.8;60%;$ 403.52
21652;ketorolac;DOLTEN SL;10 mg comp.subl.x 10;Pfizer;$ 13149.77;50%;$ 6574.89
9605;ketorolac;DOLTEN;10 mg comp.x 10;Pfizer;$ 9734.87;50%;$ 4867.44
9936;ketorolac;DOLTEN;10 mg comp.x 20;Pfizer;$ 14702.73;50%;$ 7351.37
9937;ketorolac;DOLTEN;20 mg comp.x 10;Pfizer;$ 13530.2;50%;$ 6765.1
9938;ketorolac;DOLTEN;20 mg comp.x 20;Pfizer;$ 22563.16;50%;$ 11281.58
9606;ketorolac;DOLTEN;30 mg iny.a.x 5 x 2 ml;Pfizer;$ 7979.7;50%;$ 3989.85
9607;ketorolac;DOLTEN;60 mg iny.a.x 1 x 2 ml;Pfizer;$ 542.58;50%;$ 271.29
11485;ketorolac;DOLTEN;60 mg iny.a.x 3 x 2 ml;Pfizer;$ 18781.34;50%;$ 9390.67
1401;ketotifeno;RESPIMEX;comp.x 60;Pfizer;$ 6585.68;60%;$ 2634.27
1400;ketotifeno;RESPIMEX;jbe.x 200 ml;Pfizer;$ 8206.5;60%;$ 3282.6
13113;levodopa+carbidopa;LEBOCAR;100/25 comp. x 30;Pfizer;$ 14268.7;80%;$ 2853.74
13114;levodopa+carbidopa;LEBOCAR;100/25 comp. x 60;Pfizer;$ 24000.48;80%;$ 4800.1
9706;levodopa+carbidopa;LEBOCAR;250/25 comp. x 30;Pfizer;$ 19721.42;80%;$ 3944.28
11017;levodopa+carbidopa;LEBOCAR;250/25 comp. x 60;Pfizer;$ 35669.47;80%;$ 7133.89
9224;levonorgestrel+etinilestradiol;NORDETTE;grag.x 21;Pfizer;$ 845.2;50%;$ 422.6
28207;lorazepam;TRAPAX;1 mg comp.x 30;Pfizer;$ 4585.51;50%;$ 2292.76
28211;lorazepam;TRAPAX SUBLINGUAL;1 mg comp.x 30;Pfizer;$ 8800.05;50%;$ 4400.03
9243;lorazepam;TRAPAX;1 mg comp.x 50;Pfizer;$ 7936.68;50%;$ 3968.34
28208;lorazepam;TRAPAX;1 mg comp.x 60;Pfizer;$ 8856.87;50%;$ 4428.44
28209;lorazepam;TRAPAX;2.5 mg comp.x 30;Pfizer;$ 6440.07;50%;$ 3220.04
9245;lorazepam;TRAPAX;2.5 mg comp.x 50;Pfizer;$ 10835.57;50%;$ 5417.79
28210;lorazepam;TRAPAX;2.5 mg comp.x 60;Pfizer;$ 13249.19;50%;$ 6624.6
51679;losartán;LOSARTAN PFIZER;100 mg comp.rec.x 30;Pfizer;$ 2953.88;60%;$ 1181.55
51678;losartán;LOSARTAN PFIZER;50 mg comp.rec.x 30;Pfizer;$ 2290.65;60%;$ 916.26
7349;nicergolina;SERMION;10 mg comp.rec.x 50;Pfizer;$ 772.15;50%;$ 386.08
7351;nicergolina;SERMION;30 mg comp.rec.x 30;Pfizer;$ 766.32;50%;$ 383.16
31834;nicergolina;SERMION AP;comp.rec.x 60;Pfizer;$ 1671.98;50%;$ 835.99
28596;oxitetraciclina+hidrocortisona;TERRA CORTRIL;spray x 100 ml;Pfizer;$ 15038.1;50%;$ 7519.05
6413;oxitetraciclina+hidrocortisona;TERRA CORTRIL;ung.tópico 14.2 g;Pfizer;$ 576.08;50%;$ 288.04
45115;polisacáridos de s.pneumoniae;PREVENAR 13;jga.prell.x 1 x 0.5 ml;Pfizer;$ 84357.31;50%;$ 42178.66
1340;potasio,cloruro+asoc.;CO SALT;fco.salero x 140 g;Pfizer;$ 2606.54;50%;$ 1303.27
22307;sulfasalazina;AZULFIDINE EN-TABS;500 mg tab.x 60;Pfizer;$ 6238.5;50%;$ 3119.25
9099;sultamicilina;UNASYNA;375 mg tab.x 16;Pfizer;$ 2330.39;60%;$ 932.16
9377;sultamicilina;UNASYNA;375 mg tab.x 8;Pfizer;$ 1230.78;60%;$ 492.31
15700;tinidazol;FASIGYN;1 g tab.orales x 4;Pfizer;$ 180.77;50%;$ 90.39
13596;tioconazol+asoc.;TROSYD;28% sol.p/uñas x 12 ml;Pfizer;$ 2075.93;50%;$ 1037.97
48458;tramadol;TRAMADOLTEN RETARD;100 mg comp.x 10;Pfizer;$ 582.45;50%;$ 291.23
52661;tramadol;TRAMADOLTEN;50 mg comp.x 20;Pfizer;$ 1522.73;50%;$ 761.37
48459;tramadol+paracetamol;TRAMADOLTEN PLUS;comp.x 20;Pfizer;$ 2896.21;40%;$ 1737.73
4989;trihexifenidilo;ARTANE;5 mg comp.x 50;Pfizer;$ 15033.4;80%;$ 3006.68
10406;trimebutina;DEBRIDAT 200;200 mg comp.x 20;Pfizer;$ 1294.61;50%;$ 647.31
14094;trimebutina;DEBRIDAT 200;200 mg comp.x 40;Pfizer;$ 2421.49;50%;$ 1210.75
25868;trimebutina;DEBRIDAT AP;300 mg comp.lib.prol.x20;Pfizer;$ 1705.62;50%;$ 852.81
15540;trimebutina+bromazepam;DEBRIDAT B;comp.x 30;Pfizer;$ 9050.38;40%;$ 5430.23
39620;trimebutina+bromazepam;DEBRIDAT B 200;comp.x 30;Pfizer;$ 11050.26;40%;$ 6630.16
41101;vareniclina,tartrato;CHAMPIX;1 mg comp.x 56;Pfizer;$ 18302.21;50%;$ 9151.11
43436;vareniclina,tartrato;CHAMPIX;kit de inicio;Pfizer;$ 18283.35;50%;$ 9141.68
43437;vareniclina,tartrato;CHAMPIX;kit tratamiento completo;Pfizer;$ 44041.56;50%;$ 22020.78
46070;vit.+minerales;CENTRUM SILVER FORTE;comp.rec.x 30;Pfizer;$ 590.86;40%;$ 354.52
45646;vit.+minerales;CENTRUM FORTE;comp.rec.x 30;Pfizer;$ 540.4;40%;$ 324.24
46071;vit.+minerales;CENTRUM SILVER FORTE;comp.rec.x 60;Pfizer;$ 1007.26;40%;$ 604.36
45647;vit.+minerales;CENTRUM FORTE;comp.rec.x 60;Pfizer;$ 918.62;40%;$ 551.17
46575;vit.+minerales;CENTRUM PRENATAL;comp.rec.x 60;Pfizer;$ 713.99;40%;$ 428.39
31985;azelastina;ALLERGODIL;colirio x 6 ml;PharmaDorf;$ 571.45;50%;$ 285.73
37051;ciprofloxacina;CIPROFLOXACINA DORF;sol.oft.x 5 ml;PharmaDorf;$ 9841.71;60%;$ 3936.68
41315;ciprofloxacina+dexametasona;CIPROFLOXACINA D DORF;sol.oft.x 5 ml;PharmaDorf;$ 11858.6;50%;$ 5929.3
31061;clonazepam;EDICTUM 2 MG;comp.x 30;PharmaDorf;$ 9972.26;80%;$ 1994.45
31064;clonazepam;EDICTUM 0.5 MG;comp.x 30;PharmaDorf;$ 8869.82;50%;$ 4434.91
36837;clonazepam;EDICTUM 0.5 MG;comp.x 50;PharmaDorf;$ 882.77;50%;$ 441.39
36838;clonazepam;EDICTUM 2 MG;comp.x 50;PharmaDorf;$ 886.33;80%;$ 177.27
58658;clonazepam;EDICTUM 2 MG;comp.x 60;PharmaDorf;$ 13872.25;80%;$ 2774.45
58659;clonazepam;EDICTUM 0.5 MG;comp.x 60;PharmaDorf;$ 13819.82;50%;$ 6909.91
39902;desogestrel;LUMILAC;comp.rec.x 28;PharmaDorf;$ 15320.97;50%;$ 7660.49
32636;dexametasona;DEXAMETASONA DORF;sol.oft.x 10 ml;PharmaDorf;$ 25892.32;50%;$ 12946.16
43302;dienogest+etinilestradiol;DIENOPIL;comp.x 21;PharmaDorf;$ 13997.36;50%;$ 6998.68
38321;dorzolamida+timolol;DORZOLAMIDA T DORF;sol.oft.x 5 ml;PharmaDorf;$ 2966.1;60%;$ 1186.44
41147;drospirenona+etinilestradiol;MAXIMA MD 24;comp.rec.x 24 + plac.x 4;PharmaDorf;$ 25311.36;50%;$ 12655.68
38259;drospirenona+etinilestradiol;MAXIMA;comp.rec.x 28;PharmaDorf;$ 21128.8;50%;$ 10564.4
41146;drospirenona+etinilestradiol;MAXIMA MD;comp.rec.x 28;PharmaDorf;$ 23563.87;50%;$ 11781.94
38617;etinilestradiol+gestodeno;LIVIANNE;comp.rec.x 21;PharmaDorf;$ 963.59;50%;$ 481.8
38261;etinilestradiol+gestodeno;VENISSE;comp.rec.x 28;PharmaDorf;$ 12470.73;50%;$ 6235.37
42699;etinilestradiol+gestodeno;LIVIANNE 28;comp.rec.x 28;PharmaDorf;$ 11291.1;50%;$ 5645.55
31060;finasteride;DARIC;comp.x 30;PharmaDorf;$ 1783.98;50%;$ 891.99
41717;fluticasona;LIRTODAC;125 mcg aer.x 120 dosis;PharmaDorf;$ 1932.53;80%;$ 386.51
41720;fluticasona;LIRTODAC;250 mcg aer.x 120 dosis;PharmaDorf;$ 2090.3;80%;$ 418.06
41722;fluticasona+salmeterol;LIRTODAC PLUS;125/25mcg aer.x 120dosis;PharmaDorf;$ 2533.73;60%;$ 1013.49
41723;fluticasona+salmeterol;LIRTODAC PLUS;250/25mcg aer.x 120dosis;PharmaDorf;$ 2654.59;60%;$ 1061.84
8906;furazolidona;GIARDIL;susp.x 250 ml;PharmaDorf;$ 8604.55;50%;$ 4302.28
38613;fólico,ác.;FOLINEMIC;1 mg comp.x 30;PharmaDorf;$ 7255.31;50%;$ 3627.66
38615;fólico,ác.;FOLINEMIC;5 mg comp.x 30;PharmaDorf;$ 9566.72;50%;$ 4783.36
47617;hialuronato sódico;HIALUDORF HD;sol.oft.x 10 ml;PharmaDorf;$ 19431.28;50%;$ 9715.64
32791;hialuronato sódico;HIALUDORF;sol.oft.x 10 ml;PharmaDorf;$ 14457.56;50%;$ 7228.78
51484;hialuronato sódico;HIALUDORF;sol.oft.x 15 ml;PharmaDorf;$ 892.51;50%;$ 446.26
37696;hidroxipropilmetilcelulosa;LAGRIMA DORF;sol.oft.x 10 ml;PharmaDorf;$ 8428.89;50%;$ 4214.45
51488;hidroxipropilmetilcelulosa;LAGRIMA DORF;sol.oft.x 15 ml;PharmaDorf;$ 10564.2;50%;$ 5282.1
39182;ibandrónico,ác.;ELASTERIN;150 mg comp.rec.x 1;PharmaDorf;$ 446.5;50%;$ 223.25
52911;ibandrónico,ác.;ELASTERIN;150 mg comp.rec.x 3;PharmaDorf;$ 1001.15;50%;$ 500.58
47608;ibandrónico,ác.;POSCLIM;150 mg comp.x 1;PharmaDorf;$ 1367.55;50%;$ 683.78
47609;ibandrónico,ác.;POSCLIM;150 mg comp.x 3;PharmaDorf;$ 3117.14;50%;$ 1558.57
42467;ibandrónico,ác.+asoc.;ELASTERIN MAX;comp.rec.x 1 + comp.x 30;PharmaDorf;$ 549.36;50%;$ 274.68
34716;latanoprost;LATANOPROST DORF;50mcg/ml sol.oft.x 2.5ml;PharmaDorf;$ 23766.26;60%;$ 9506.5
51485;latanoprost;LATANOPROST DORF;50mcg/ml sol.oft.x 3 ml;PharmaDorf;$ 403.19;60%;$ 161.28
41783;latanoprost+timolol;LATIMODORF;gts.oft.x 2.5 ml;PharmaDorf;$ 21463.36;50%;$ 10731.68
39903;levonorgestrel+etinilestradiol;NORFEN;comp.x 28;PharmaDorf;$ 5804.74;50%;$ 2902.37
7063;metronidazol;FLAGYL;500 mg comp.x 20;PharmaDorf;$ 13337.24;50%;$ 6668.62
7061;metronidazol;FLAGYL;500 mg óv.x 10;PharmaDorf;$ 11479.72;50%;$ 5739.86
37708;miconazol+metronidazol+asoc.;SEPTIGYN;óv.x 12;PharmaDorf;$ 27196.77;40%;$ 16318.06
37707;miconazol+metronidazol+asoc.;SEPTIGYN;óv.x 6;PharmaDorf;$ 15242.66;40%;$ 9145.6
42618;naproxeno;MOX FORTE;comp.rec.x 10;PharmaDorf;$ 12780.91;40%;$ 7668.55
10659;norfloxacina;MEMENTO NF;comp.rec.x 10;PharmaDorf;$ 425.21;60%;$ 170.08
10660;norfloxacina;MEMENTO NF;comp.rec.x 20;PharmaDorf;$ 768.85;60%;$ 307.54
6490;nortriptilina+asoc.;KARILE;10 mg comp.x 20;PharmaDorf;$ 1512.98;50%;$ 756.49
6491;nortriptilina+asoc.;KARILE;20 mg comp.x 20;PharmaDorf;$ 18437.42;50%;$ 9218.71
6492;nortriptilina+asoc.;KARILE;40 mg comp.x 20;PharmaDorf;$ 27664.31;50%;$ 13832.16
57618;nortriptilina+asoc.;KARILE;40 mg comp.x 50;PharmaDorf;$ 51209.26;50%;$ 25604.63
47727;olopatadine;KEIM ALER;0.1% sol.oft.ester.x5 ml;PharmaDorf;$ 26191.65;50%;$ 13095.83
51489;olopatadine;KEIM ALER;0.1% sol.oft.ester.x6 ml;PharmaDorf;$ 385.34;50%;$ 192.67
45497;ramipril;TRITACE;10 mg comp.x 30;PharmaDorf;$ 49347.67;60%;$ 19739.07
20465;ramipril;TRITACE;2.5 mg comp.x 30;PharmaDorf;$ 20314.19;60%;$ 8125.68
20466;ramipril;TRITACE;2.5 mg comp.x 60;PharmaDorf;$ 758.78;60%;$ 303.51
20467;ramipril;TRITACE;5 mg comp.x 30;PharmaDorf;$ 36348.07;60%;$ 14539.23
43067;ramipril+hidroclorotiazida;TRITACE 10 HCT;10 mg comp.x 28;PharmaDorf;$ 866.29;50%;$ 433.15
20436;ramipril+hidroclorotiazida;TRITACE 5 HCT;5 mg comp.x 30;PharmaDorf;$ 41175.14;50%;$ 20587.57
12217;sumatriptán;MICRANIL;comp.x 2;PharmaDorf;$ 1394.72;50%;$ 697.36
49813;sumatriptán;MICRANIL;comp.x 4;PharmaDorf;$ 45702.72;50%;$ 22851.36
57046;sumatriptán;MICRANIL;comp.x 6;PharmaDorf;$ 55315.61;50%;$ 27657.81
49812;sumatriptán;MICRANIL;jga.prell.x 1 x 0.5 ml;PharmaDorf;$ 78757.28;50%;$ 39378.64
33815;timolol,maleato;TIMOLOL DORF;0.5% sol.oft.x 5 ml;PharmaDorf;$ 10361.48;80%;$ 2072.3
31986;tobramicina;TOBRAMICINA DORF;sol.oft.x 5 ml;PharmaDorf;$ 183.26;60%;$ 73.3
32789;tobramicina+dexametasona+asoc.;T+D+H DORF;sol.oft.x 5 ml;PharmaDorf;$ 10894.41;50%;$ 5447.21
51483;tobramicina+dexametasona+asoc.;T+D+H DORF;sol.oft.x 6 ml;PharmaDorf;$ 169.48;50%;$ 84.74
38941;ursodesoxicólico,ác.;URSODIOL;150 mg comp.x 20;Pharmanove;$ 16320.3;50%;$ 8160.15
38939;ursodesoxicólico,ác.;URSODIOL;300 mg comp.x 30;Pharmanove;$ 38373.89;50%;$ 19186.95
38940;ursodesoxicólico,ác.;URSODIOL;300 mg comp.x 50;Pharmanove;$ 67155.47;50%;$ 33577.74
41171;ursodesoxicólico,ác.;URSODIOL;500 mg comp.x 30;Pharmanove;$ 68958.97;50%;$ 34479.49
41172;ursodesoxicólico,ác.;URSODIOL;500 mg comp.x 50;Pharmanove;$ 113516.27;50%;$ 56758.14
37862;aloe vera;CAPSON AV;100% cr.x 60 g;Pharmatrix;$ 28618.07;40%;$ 17170.84
16304;aloe vera;CAPSON AV;100% gel x 100 g;Pharmatrix;$ 33353.16;40%;$ 20011.9
15228;aloe vera;CAPSON AV;100% spray x 30 ml;Pharmatrix;$ 28618.07;40%;$ 17170.84
43181;clindamicina+benzoílo,peróxido;CP ACNE DUO MULTIDOSIS;gel dosif. simult. x 30g;Pharmatrix;$ 29322.31;50%;$ 14661.16
34003;clindamicina+benzoílo,peróxido;CP ACNE DUO;pomo x12.5g +pote x12.5g;Pharmatrix;$ 17099.21;50%;$ 8549.61
37861;clindamicina+benzoílo,peróxido;CP ACNE DUO PAK;sob.x 30;Pharmatrix;$ 29322.31;50%;$ 14661.16
18270;eritromicina;TRIXNE;toallitas desc.x 30;Pharmatrix;$ 16372.34;50%;$ 8186.17
24541;eritromicina;TRIXNE 4%;toallitas desc.x 30;Pharmatrix;$ 25694.25;50%;$ 12847.13
28621;eritromicina;TRIXNE 4% GEL;unidosis x 30 ml;Pharmatrix;$ 20658.58;50%;$ 10329.29
40612;fluorouracilo;ACLER;cr.x 20 g;Pharmatrix;$ 38881.69;50%;$ 19440.85
38584;fusídico,ác.;DRUM;2% cr.x 15 g;Pharmatrix;$ 11929.12;60%;$ 4771.65
38585;fusídico,ác.+betametasona;DRUM ß;2/0.1% cr.x 15 g;Pharmatrix;$ 20777.54;40%;$ 12466.52
30162;metronidazol;PADET 1 %;cr.x 30 g;Pharmatrix;$ 16883.82;50%;$ 8441.91
40611;metronidazol;PADET 1 %;dispensador cr.x 60 g;Pharmatrix;$ 25793.46;50%;$ 12896.73
47770;metronidazol;PADET 1 % GEL;gel x 30 g;Pharmatrix;$ 27166.44;50%;$ 13583.22
29130;metronidazol;PADET 0.75 % GEL;gel x 30 g;Pharmatrix;$ 26609.26;50%;$ 13304.63
39967;miconazol;MICOPUL;cr.x 40 g;Pharmatrix;$ 13340.05;40%;$ 8004.03
43182;salicílico,ác.;VERRUTRIX;sob.x 2 x 5 após.c/u;Pharmatrix;$ 13957.64;50%;$ 6978.82
24206;salicílico,ác.;VERRUTRIX;sob.x 4 x 5 após.c/u;Pharmatrix;$ 22308.34;50%;$ 11154.17
28623;salicílico,ác.;SALPAD 2%;toallitas x 30;Pharmatrix;$ 16275.89;50%;$ 8137.95
28622;salicílico,ác.;SALPAD 6% GEL;unidosis x 30 g;Pharmatrix;$ 17155.15;50%;$ 8577.58
42514;salicílico,ác.+asoc.;SALPAD T;shamp.x 150 ml;Pharmatrix;$ 19770.69;50%;$ 9885.35
17076;tretinoína;NITEREY;0.02% cr.x 30 g;Pharmatrix;$ 26441.83;50%;$ 13220.92
17077;tretinoína;NITEREY;0.05% cr.x 30 g;Pharmatrix;$ 28197.31;50%;$ 14098.66
21317;triamcinolona;GLYTOP-F;cr.x 30 g;Pharmatrix;$ 16466.51;50%;$ 8233.26
21316;triamcinolona;GLYTOP;cr.x 30 g;Pharmatrix;$ 14506.29;50%;$ 7253.15
25498;condroitín,sulfato;STRUCTUM;500 mg caps.x 60;Pierre Fabre M¿;$ 682.12;50%;$ 341.06
9677;glicoproteínas+ribosomas;RIBOVAC;0.75 mg comp.x 12;Pierre Fabre M¿;$ 702.56;50%;$ 351.28
16855;glicoproteínas+ribosomas;RIBOVAC;gran.sob.x 12;Pierre Fabre M¿;$ 1127.04;50%;$ 563.52
16854;glicoproteínas+ribosomas;RIBOVAC;gran.sob.x 4;Pierre Fabre M¿;$ 464.09;50%;$ 232.05
44886;enoxolona+asoc.;ARTHRODONT;pasta dent.gingival x80g;Pierre Fabre Or;$ 1265.67;50%;$ 632.84
24868;brimonidina;BRIMOPRESS;0.2% sol.oft.x 5 ml;Poen;$ 32072.84;60%;$ 12829.14
46784;brimonidina+timolol;BRIMOPRESS T;sol.oft.x 5 ml;Poen;$ 33242.84;50%;$ 16621.42
40085;bromfenac;NATAX;fco.gotero x 5 ml;Poen;$ 26229.29;50%;$ 13114.65
42470;carbomer;ACRYLARM PLUS;gel oft.x 10 g;Poen;$ 20334.85;50%;$ 10167.43
44942;carboximetilcelulosa sódica;AUCIC 1.5%;gel.oft.x 5 g;Poen;$ 18332.82;50%;$ 9166.41
37856;carboximetilcelulosa sódica;AUCIC 0.5%;sol.oft.x 10 ml;Poen;$ 12568.91;50%;$ 6284.46
39562;carboximetilcelulosa sódica;AUCIC 1%;sol.oft.x 10 ml;Poen;$ 13753.6;50%;$ 6876.8
19942;carteolol,clorh.;POENGLAUCOL;2% gts.oft.x 5 ml;Poen;$ 1205.45;60%;$ 482.18
47768;ciclosporina;CLOSPORIL 0.1%;gts.oft.x 5 ml;Poen;$ 46115.57;60%;$ 18446.23
34388;ciprofloxacina+dexametasona;QUIDEX;gts.oft.x 5 ml;Poen;$ 14045.85;60%;$ 5618.34
38712;ciprofloxacina+dexametasona;QUIDEX;ung.oft.x 3.5 g;Poen;$ 17378.06;60%;$ 6951.22
6601;cromoglicato disódico;CLAROFTAL;colirio x 10 ml;Poen;$ 1455.12;60%;$ 582.05
50022;difluprednato;TOLF;emuls.oft.x 5 ml;Poen;$ 32650.44;50%;$ 16325.22
25086;dorzolamida+timolol;GLAUCOTENSIL TD;colirio x 5 ml;Poen;$ 40044.13;60%;$ 16017.65
60641;dorzolamida+timolol;GLAUCOTENSIL TD LC;sol.oft.x 5 ml;Poen;$ 35094.18;60%;$ 14037.67
23320;eritromicina;ERITROFARM;colirio x 5 ml;Poen;$ 17179.14;50%;$ 8589.57
31844;eritromicina;ERITROFARM;ung.oft.unidosis x 20;Poen;$ 17328.53;50%;$ 8664.27
48738;gatifloxacina;GATIF FORTE;sol.oft.x 5 ml;Poen;$ 32818.79;80%;$ 6563.76
46342;gatifloxacina+dexametasona;GATIDEX;sol.oftálmica x 5 ml;Poen;$ 33175.59;50%;$ 16587.8
45559;hialuronato sódico;DROPSTAR P;colirio x 10 ml;Poen;$ 21666.91;50%;$ 10833.46
31160;hialuronato sódico;DROPSTAR;colirio x 10 ml;Poen;$ 20197.78;50%;$ 10098.89
14099;ketorolac;POENKERAT;0.5% colirio x 5 ml;Poen;$ 17764.69;50%;$ 8882.35
53457;latanoprost;LOUTEN;emuls.x 2.5 ml;Poen;$ 30432.92;60%;$ 12173.17
31161;latanoprost+timolol;LOUTEN T;colirio x 2.5 ml;Poen;$ 34464.74;50%;$ 17232.37
38372;loteprednol+tobramicina;LOTEMICIN;susp.oft.x 5 ml;Poen;$ 16133.08;50%;$ 8066.54
27057;loteprednol,etabonato;LOTESOFT;susp.oft.x 5 ml;Poen;$ 19409.52;50%;$ 9704.76
54430;loteprednol,etabonato;LOTESOFT;ung.oft.x 3.5 g;Poen;$ 15556.46;50%;$ 7778.23
36464;luteína+vit.c+vit.e+asoc.;DIARIS;cáps.x 30;Poen;$ 32806.02;40%;$ 19683.61
14352;pilocarpina+timolol;GLAUCOTENSIL;colirio x 5 ml;Poen;$ 1057.57;80%;$ 211.51
22474;poliacrílico,ác.;ACRYLARM;gel oft.x 10 g;Poen;$ 18593.72;50%;$ 9296.86
6602;timolol,maleato;POENTIMOL;0.50% colirio x 5 ml;Poen;$ 12476.35;80%;$ 2495.27
6606;tobramicina;GOTABIOTIC;colirio x 5 ml;Poen;$ 11784.6;60%;$ 4713.84
19577;tobramicina;GOTABIOTIC;gel oft.x 5 g;Poen;$ 12320.42;60%;$ 4928.17
38713;tobramicina;GOTABIOTIC;pack sol.oft.x 6 x 5 ml;Poen;$ 3718.63;60%;$ 1487.45
17492;tobramicina+dexametasona;GOTABIOTIC F;colirio x 5 ml;Poen;$ 13093.99;50%;$ 6547
31989;tobramicina+dexametasona;GOTABIOTIC F;ung.oft.x 3.5 g;Poen;$ 14351.68;50%;$ 7175.84
9694;tobramicina+dexametasona+asoc.;GOTABIOTIC D;colirio x 5 ml;Poen;$ 12252.08;50%;$ 6126.04
51628;trehalosa+caboximetilcelulosa,só;AUCIC PLUS;sol.oft.x 10 ml;Poen;$ 22312.8;50%;$ 11156.4
46123;fosfomicina;FOSFOMICINA LUAR;1 g IV iny.f.a.caja x 10;Qu¿mica Luar;$ 102341.43;50%;$ 51170.72
46814;sodio,cloruro;NACLIN;a.x 30 x 5 ml;Qu¿mica Luar;$ 67860.9;50%;$ 33930.45
45153;sodio,cloruro;NACLIN;a.x 60 x 5 ml;Qu¿mica Luar;$ 130685.82;50%;$ 65342.91
5896;amikacina;AMIKACINA RICHET;(como base) 500 mg a.x 1;Richet;$ 21600.15;60%;$ 8640.06
62640;amlodipina;AMLODIPINA RICHET;10 mg comp.rec.x 60;Richet;$ 53436.36;60%;$ 21374.54
36396;amlodipina;AMLODIPINA RICHET;10 mg comp.x 30;Richet;$ 21973.4;60%;$ 8789.36
62639;amlodipina;AMLODIPINA RICHET;5 mg comp.rec.x 60;Richet;$ 28758.08;60%;$ 11503.23
36392;amlodipina;AMLODIPINA RICHET;5 mg comp.x 30;Richet;$ 12772.87;60%;$ 5109.15
6252;amoxicilina;AMOXICILINA RICHET;1 g comp.x 16;Richet;$ 21561.59;60%;$ 8624.64
6250;amoxicilina;AMOXICILINA RICHET;1 g comp.x 8;Richet;$ 10332.95;60%;$ 4133.18
11673;amoxicilina;AMOXICILINA RICHET;250 mg pvo.p/susp.x 90ml;Richet;$ 8681.88;60%;$ 3472.75
7536;amoxicilina;AMOXICILINA RICHET;250 mg pvo.p/susp.x120ml;Richet;$ 10764.96;60%;$ 4305.98
7138;amoxicilina;AMOXICILINA RICHET;500 mg comp.ran.x 16;Richet;$ 7667.42;60%;$ 3066.97
13967;amoxicilina;AMOXICILINA RICHET;500 mg pvo.p/susp.x 60ml;Richet;$ 9117.28;60%;$ 3646.91
13968;amoxicilina;AMOXICILINA RICHET;500 mg pvo.p/susp.x 90ml;Richet;$ 10147.81;60%;$ 4059.12
13969;amoxicilina;AMOXICILINA RICHET;500 mg pvo.p/susp.x120ml;Richet;$ 14087.91;60%;$ 5635.16
45859;amoxicilina;AMOXICILINA RICHET DUO;750 mg pvo.p/susp.x 70ml;Richet;$ 11922;60%;$ 4768.8
45861;amoxicilina;AMOXICILINA RICHET DUO;875 mg comp.x 14 (TRZB);Richet;$ 11139.96;60%;$ 4455.98
23788;amoxicilina+clavulánico,ác.;AMOXICILINA CLAVULANICO RICHET;1000 mg comp.x 8;Richet;$ 16799.74;60%;$ 6719.9
23789;amoxicilina+clavulánico,ác.;AMOXICILINA CLAVULANICO RICHET;1000/125mg comp.x 16;Richet;$ 26514.94;60%;$ 10605.98
23790;amoxicilina+clavulánico,ác.;AMOXICILINA CLAVULANICO RICHET;250 mg pvo.p/susp.x 60ml;Richet;$ 9629.54;60%;$ 3851.82
27562;amoxicilina+clavulánico,ác.;AMOXICILINA CLAVULANICO RICHET;250 mg pvo.p/susp.x 90ml;Richet;$ 13360.46;60%;$ 5344.18
35661;amoxicilina+clavulánico,ác.;AMOXICILINA CLAVULANICO 7:1 RICHET;400/57.5 mg susp.x 70 ml;Richet;$ 13944.26;60%;$ 5577.7
23787;amoxicilina+clavulánico,ác.;AMOXICILINA CLAVULANICO RICHET;500 mg comp.x 16;Richet;$ 22480.18;60%;$ 8992.07
23786;amoxicilina+clavulánico,ác.;AMOXICILINA CLAVULANICO RICHET;500 mg comp.x 8;Richet;$ 11855.42;60%;$ 4742.17
35660;amoxicilina+clavulánico,ác.;AMOXICILINA CLAVULANICO 7:1 RICHET;875/125 mg comp.x 14;Richet;$ 22494.28;60%;$ 8997.71
999;ampicilina;AMPICILINA RICHET;1 g comp.x 16;Richet;$ 22238.39;60%;$ 8895.36
928;ampicilina;AMPICILINA RICHET;1 g comp.x 8;Richet;$ 11145.08;60%;$ 4458.03
7153;ampicilina;AMPICILINA RICHET;500 mg comp.x 16;Richet;$ 15147.59;60%;$ 6059.04
17429;ampicilina+sulbactam;SULTAMICILINA RICHET;1.5 g iny.f.a.x 1;Richet;$ 9368.82;60%;$ 3747.53
36810;atorvastatín;ATORVASTATIN RICHET;10 mg comp.rec.x 30;Richet;$ 29212.09;60%;$ 11684.84
36811;atorvastatín;ATORVASTATIN RICHET;10 mg comp.rec.x 60;Richet;$ 56284.34;60%;$ 22513.74
36812;atorvastatín;ATORVASTATIN RICHET;20 mg comp.rec.x 30;Richet;$ 46645.82;60%;$ 18658.33
36813;atorvastatín;ATORVASTATIN RICHET;20 mg comp.rec.x 60;Richet;$ 93242.63;60%;$ 37297.05
36814;atorvastatín;ATORVASTATIN RICHET;40 mg comp.rec.x 30;Richet;$ 56130.15;60%;$ 22452.06
20008;azitromicina;AZITROMICINA RICHET;500 mg comp.x 3;Richet;$ 11373.26;60%;$ 4549.3
20255;azitromicina;AZITROMICINA RICHET;500 mg comp.x 6;Richet;$ 15762.09;60%;$ 6304.84
20009;azitromicina;AZITROMICINA RICHET;pvo.p/susp.oral x 15 ml;Richet;$ 12404.75;60%;$ 4961.9
47579;betahistina;BETAHISTINA RICHET;16 mg comp.x 30;Richet;$ 17504.87;40%;$ 10502.92
58243;betahistina;BETAHISTINA RICHET;16 mg comp.x 60;Richet;$ 29462.98;40%;$ 17677.79
47580;betahistina;BETAHISTINA RICHET;24 mg comp.x 30;Richet;$ 24521.37;40%;$ 14712.82
62074;betahistina;BETAHISTINA RICHET;24 mg comp.x 60;Richet;$ 48217.35;40%;$ 28930.41
47578;betahistina;BETAHISTINA RICHET;8 mg comp.x 30;Richet;$ 15387.53;40%;$ 9232.52
47502;candesartán cilexetil;CANDESARTAN RICHET;16 mg comp.x 30;Richet;$ 65513.08;60%;$ 26205.23
47501;candesartán cilexetil;CANDESARTAN RICHET;8 mg comp.x 30;Richet;$ 43682.45;60%;$ 17472.98
39949;carvedilol;CARVEDILOL RICHET;12.5 mg comp.x 28;Richet;$ 13350.33;60%;$ 5340.13
57145;carvedilol;CARVEDILOL RICHET;12.5 mg comp.x 30;Richet;$ 13859.41;60%;$ 5543.76
57146;carvedilol;CARVEDILOL RICHET;12.5 mg comp.x 56;Richet;$ 17384.86;60%;$ 6953.94
62076;carvedilol;CARVEDILOL RICHET;12.5 mg comp.x 60;Richet;$ 19147.36;60%;$ 7658.94
39950;carvedilol;CARVEDILOL RICHET;25 mg comp.x 28;Richet;$ 16278.5;60%;$ 6511.4
56766;carvedilol;CARVEDILOL RICHET;25 mg comp.x 30;Richet;$ 16493.26;60%;$ 6597.3
57147;carvedilol;CARVEDILOL RICHET;25 mg comp.x 56;Richet;$ 21548.78;60%;$ 8619.51
62077;carvedilol;CARVEDILOL RICHET;25 mg comp.x 60;Richet;$ 24141.28;60%;$ 9656.51
51600;carvedilol;CARVEDILOL RICHET;50 mg comp.x 28;Richet;$ 18845.23;60%;$ 7538.09
39948;carvedilol;CARVEDILOL RICHET;6.25 mg comp.x 28;Richet;$ 10711.53;60%;$ 4284.61
57395;carvedilol;CARVEDILOL RICHET;6.25 mg comp.x 30;Richet;$ 10822.91;60%;$ 4329.16
57396;carvedilol;CARVEDILOL RICHET;6.25 mg comp.x 56;Richet;$ 13327.76;60%;$ 5331.1
62075;carvedilol;CARVEDILOL RICHET;6.25 mg comp.x 60;Richet;$ 14486.18;60%;$ 5794.47
49795;cefalexina;CEFALEXINA RICHET;1 g comp.x 14;Richet;$ 22537.2;60%;$ 9014.88
6281;cefalexina;CEFALEXINA RICHET;1 g comp.x 16 (TRZB);Richet;$ 24087.81;60%;$ 9635.12
6276;cefalexina;CEFALEXINA RICHET;1 g comp.x 8;Richet;$ 12135.4;60%;$ 4854.16
11676;cefalexina;CEFALEXINA RICHET;250 mg pvo.p/susp.x 18ds;Richet;$ 7334.27;60%;$ 2933.71
7553;cefalexina;CEFALEXINA RICHET;250 mg pvo.p/susp.x 24ds;Richet;$ 7944.2;60%;$ 3177.68
7165;cefalexina;CEFALEXINA RICHET;500 mg comp.x 8;Richet;$ 6533.71;60%;$ 2613.48
18752;cefalexina;CEFALEXINA RICHET;500 mg pvo.p/susp.x12ds.;Richet;$ 11448.88;60%;$ 4579.55
18753;cefalexina;CEFALEXINA RICHET;500 mg pvo.p/susp.x18ds.;Richet;$ 11992.98;60%;$ 4797.19
18754;cefalexina;CEFALEXINA RICHET;500 mg pvo.p/susp.x24ds.;Richet;$ 15421.41;60%;$ 6168.56
7166;cefalexina;CEFALEXINA RICHET;500mg comp.ran.x16(TRZB);Richet;$ 11392.28;60%;$ 4556.91
58422;cefalexina;CEFALEXINA RICHET;500mg comp.ran.x24(TRZB);Richet;$ 15312.1;60%;$ 6124.84
7171;cefazolina;CEFAZOLINA RICHET;1000 mg iny.f.a.x 1;Richet;$ 12651.8;60%;$ 5060.72
17797;cefoxitina;CEFOXITINA RICHET;1 g iny.f.a.+a.sol.;Richet;$ 53996.05;60%;$ 21598.42
13320;ceftazidima;CEFTAZIDIMA RICHET;1 g iny.f.a. (C/u);Richet;$ 12097.62;60%;$ 4839.05
13324;ceftriaxona;CEFTRIAXONA RICHET;1 g IM f.a.+a.solv.(C/u);Richet;$ 21574.45;60%;$ 8629.78
13323;ceftriaxona;CEFTRIAXONA RICHET;1 g IV f.a.+a.solv.;Richet;$ 15686.75;60%;$ 6274.7
17803;cefuroxima;CEFUROXIMA RICHET;1.5 g iny.f.a.;Richet;$ 7961.61;60%;$ 3184.64
17800;cefuroxima;CEFUROXIMA RICHET;500 mg comp.x 8;Richet;$ 21116.61;60%;$ 8446.64
17802;cefuroxima;CEFUROXIMA RICHET;750 mg iny.f.a.;Richet;$ 3712.6;60%;$ 1485.04
17801;cefuroxima;CEFUROXIMA RICHET SUSPENSION 125 MG;jbe.x 70 ml;Richet;$ 34449.92;60%;$ 13779.97
50863;cilostazol;CILOSTAZOL RICHET;100 mg comp.x 30;Richet;$ 32427.39;60%;$ 12970.96
50864;cilostazol;CILOSTAZOL RICHET;100 mg comp.x 60;Richet;$ 65617.35;60%;$ 26246.94
50862;cilostazol;CILOSTAZOL RICHET;50 mg comp.x 30;Richet;$ 19024.53;60%;$ 7609.81
15600;ciprofloxacina;CIPROFLOXACINA RICHET;500 mg comp.rec.x 10;Richet;$ 15368.01;60%;$ 6147.2
55160;ciprofloxacina;CIPROFLOXACINA RICHET;500 mg comp.rec.x 20;Richet;$ 28867.2;60%;$ 11546.88
33733;claritromicina;CLARITROMICINA RICHET;250mg/5ml susp.oralx60ml;Richet;$ 26461.15;60%;$ 10584.46
23792;claritromicina;CLARITROMICINA RICHET;500 mg IV iny.f.a.;Richet;$ 35385.67;60%;$ 14154.27
23796;claritromicina;CLARITROMICINA RICHET;500 mg comp.x 16;Richet;$ 28900.27;60%;$ 11560.11
23795;claritromicina;CLARITROMICINA RICHET;500 mg comp.x 8;Richet;$ 17668.47;60%;$ 7067.39
17438;clindamicina;CLINDAMICINA RICHET;300 mg cáps.x 16;Richet;$ 16255.78;60%;$ 6502.31
42583;clopidogrel;CLOPIDOGREL RICHET;75 mg comp.x 30;Richet;$ 48799.73;50%;$ 24399.87
48530;clopidogrel;CLOPIDOGREL RICHET;75 mg comp.x 60;Richet;$ 73320.34;50%;$ 36660.17
39374;colistina metansulfonato;COLISTINA RICHET;iny.f.a.x 2 ml + solv.;Richet;$ 24730.18;60%;$ 9892.07
47417;desloratadina;DESLORATADINA RICHET;5 mg comp.x 14;Richet;$ 11281.19;40%;$ 6768.71
47416;desloratadina;DESLORATADINA RICHET;5 mg comp.x 7;Richet;$ 6586.79;40%;$ 3952.07
7174;dexametasona;DEXAMETASONA 21 FOSFATO RICHET;8mg/2ml iny.a.x 1 c/jga.;Richet;$ 15412.33;50%;$ 7706.17
50466;donepecilo;DONEPECILO RICHET;10 mg comp.x 30;Richet;$ 46357.31;50%;$ 23178.66
50465;donepecilo;DONEPECILO RICHET;5 mg comp.x 30;Richet;$ 37100.12;50%;$ 18550.06
50756;enalapril;ENALAPRIL RICHET;10 mg comp.x 30;Richet;$ 9314.59;80%;$ 1862.92
12908;enalapril;ENALAPRIL RICHET;10 mg comp.x 50;Richet;$ 15849.35;80%;$ 3169.87
50757;enalapril;ENALAPRIL RICHET;10 mg comp.x 60;Richet;$ 17927.14;80%;$ 3585.43
62581;enalapril;ENALAPRIL RICHET;20 mg comp.rec.x 30;Richet;$ 10986.12;80%;$ 2197.22
62638;enalapril;ENALAPRIL RICHET;20 mg comp.rec.x 60;Richet;$ 21063.37;80%;$ 4212.67
6377;estreptomicina;ESTREPTOMICINA RICHET TP;1 g iny.f.a.x 1;Richet;$ 24448.11;60%;$ 9779.24
56646;fenofibrato micronizado;FENOFIBRATO MICRONIZADO RICHET;200 mg cáps.x 30;Richet;$ 35440.06;60%;$ 14176.02
56647;fenofibrato micronizado;FENOFIBRATO MICRONIZADO RICHET;200 mg cáps.x 60;Richet;$ 64566.77;60%;$ 25826.71
6207;fenoximetilpenicilina;PENICILINA ORAL RICHET;1000000 UI comp.x 12;Richet;$ 8166.66;60%;$ 3266.66
57472;fenoximetilpenicilina;PENICILINA ORAL RICHET;1000000 UI comp.x 18;Richet;$ 10774.37;60%;$ 4309.75
6211;fenoximetilpenicilina;PENICILINA ORAL RICHET;1000000 UI comp.x 24;Richet;$ 14378.06;60%;$ 5751.22
6243;fenoximetilpenicilina;PENICILINA ORAL RICHET;1500000 UI comp.x 12;Richet;$ 12602.16;60%;$ 5040.86
57566;fenoximetilpenicilina;PENICILINA ORAL RICHET;1500000 UI comp.x 18;Richet;$ 16315.53;60%;$ 6526.21
6255;fenoximetilpenicilina;PENICILINA ORAL RICHET;1500000 UI comp.x 24;Richet;$ 21830.73;60%;$ 8732.29
16273;fluconazol;FLUCONAZOL RICHET;100 mg comp.x 10;Richet;$ 64618.18;50%;$ 32309.09
16274;fluconazol;FLUCONAZOL RICHET;150 mg comp.x 1;Richet;$ 6688.23;50%;$ 3344.12
16275;fluconazol;FLUCONAZOL RICHET;150 mg comp.x 2;Richet;$ 11883.21;50%;$ 5941.61
47500;fluconazol;FLUCONAZOL RICHET;150 mg comp.x 4;Richet;$ 20179.74;50%;$ 10089.87
62406;fluconazol;FLUCONAZOL RICHET;150 mg comp.x 8;Richet;$ 36127.67;50%;$ 18063.84
16277;fluconazol;FLUCONAZOL RICHET;200 mg comp.x 10;Richet;$ 103002.16;50%;$ 51501.08
58421;fluconazol;FLUCONAZOL RICHET;200 mg comp.x 30;Richet;$ 261663.34;50%;$ 130831.67
21803;fluconazol;FLUCONAZOL RICHET;50mg/5ml susp.oral x35ml;Richet;$ 30820.87;50%;$ 15410.44
28504;ganciclovir;GANCICLOVIR RICHET;IV 500 mg f.a.x 1;Richet;$ 53555.69;60%;$ 21422.28
7180;gentamicina;GENTAMICINA (COMO SULFATO) RICHET;80 mg iny.a.x 2 x 2 ml;Richet;$ 14727.89;60%;$ 5891.16
7181;gentamicina;GENTAMICINA (COMO SULFATO) RICHET;80 mg iny.a.x 6 x 2 ml;Richet;$ 35868.64;60%;$ 14347.46
1048;hidrocortisona;HIDROCORTISONA RICHET;10 mg comp.x 30;Richet;$ 10211.8;50%;$ 5105.9
7742;hidrocortisona;HIDROCORTISONA RICHET;500 mg liof.f.a.x 1;Richet;$ 23526.32;50%;$ 11763.16
17811;hierro+fólico,ác.;SULFATO FERROSO RICHET;525 mg comp.x 30 (TRZB);Richet;$ 21141.18;50%;$ 10570.59
22438;hierro+fólico,ác.;SULFATO FERROSO RICHET;525 mg comp.x 60;Richet;$ 40722.17;50%;$ 20361.09
44837;ibandrónico,ác.;IBANDRONATO RICHET;150 mg comp.rec.x 1;Richet;$ 22715.03;50%;$ 11357.52
48531;ibandrónico,ác.;IBANDRONATO RICHET;150 mg comp.rec.x 3;Richet;$ 64154.72;50%;$ 32077.36
44701;ketorolac;KETOROLAC TROMETAMINA RICHET;10 mg comp.subl.x 10;Richet;$ 1464.18;50%;$ 732.09
50018;labetalol;LABETALOL RICHET;200 mg comp.x 20;Richet;$ 16184.6;50%;$ 8092.3
54825;levetiracetam;LEVETIRACETAM RICHET;100 mg/ml susp.x 300 ml;Richet;$ 151962.16;50%;$ 75981.08
39978;levofloxacina;LEVOFLOXACINA RICHET;25 mg/ml f.a.x 1 x 20 ml;Richet;$ 31233.37;60%;$ 12493.35
58353;levofloxacina;LEVOFLOXACINA RICHET;500 mg comp. rec.x 14;Richet;$ 27109.92;60%;$ 10843.97
38313;levofloxacina;LEVOFLOXACINA RICHET;500 mg comp. rec.x 7;Richet;$ 15384.2;60%;$ 6153.68
48532;levofloxacina;LEVOFLOXACINA RICHET;750 mg comp. rec.x 5;Richet;$ 17389.8;60%;$ 6955.92
7792;loperamida;LOPERAMIDA RICHET;2 mg comp.x 10;Richet;$ 346.81;50%;$ 173.41
37478;losartán;LOSARTAN RICHET;100 mg comp.x 30;Richet;$ 25762.89;60%;$ 10305.16
37479;losartán;LOSARTAN RICHET;100 mg comp.x 60;Richet;$ 50160.13;60%;$ 20064.05
37477;losartán;LOSARTAN RICHET;50 mg comp.x 30 (TRZB);Richet;$ 20792.91;60%;$ 8317.16
54625;losartán;LOSARTAN RICHET;50 mg comp.x 60;Richet;$ 41591.76;60%;$ 16636.7
50140;memantine;MEMANTINA RICHET;10 mg comp.x 30;Richet;$ 27938.91;50%;$ 13969.46
50141;memantine;MEMANTINA RICHET;10 mg comp.x 60;Richet;$ 60978.53;50%;$ 30489.27
50142;memantine;MEMANTINA RICHET;20 mg comp.x 30;Richet;$ 41904.6;50%;$ 20952.3
36817;meprednisona;MEPREDNISONA RICHET;4 mg comp.x 20 (TRZB);Richet;$ 8115.69;50%;$ 4057.85
27575;meprednisona;MEPREDNISONA RICHET;40 mg comp.x 20 (TRZB);Richet;$ 41532.31;50%;$ 20766.16
27573;meprednisona;MEPREDNISONA RICHET;8 mg comp.x 20 (TRZB);Richet;$ 17296.72;50%;$ 8648.36
14684;metronidazol;METRONIDAZOL RICHET;500 mg óv.x 8;Richet;$ 2138.83;50%;$ 1069.42
47719;minociclina;MINOCICLINA RICHET;100 mg comp.x 30;Richet;$ 45369.85;60%;$ 18147.94
48239;montelukast;MONTELUKAST RICHET;10 mg comp.rec.x 30;Richet;$ 35144.83;50%;$ 17572.42
48242;montelukast;MONTELUKAST RICHET;4 mg comp.mast.x 30;Richet;$ 33831.97;50%;$ 16915.99
48240;montelukast;MONTELUKAST RICHET;5 mg comp.mast.x 30;Richet;$ 34048.91;50%;$ 17024.46
14339;norfloxacina;NORFLOXACINA RICHET;400 mg comp.x 10;Richet;$ 11420.6;60%;$ 4568.24
14340;norfloxacina;NORFLOXACINA RICHET;400 mg comp.x 20;Richet;$ 22155.19;60%;$ 8862.08
24356;omeprazol;OMEPRAZOL RICHET;40 mg IV f.a.x 1;Richet;$ 31786.27;40%;$ 19071.76
6088;penicilina g benzatínica;PENICILINA G BENZATINICA RICHET;1200000 UI f.a.x 1;Richet;$ 11547.31;60%;$ 4618.92
6101;penicilina g benzatínica;PENICILINA G BENZATINICA RICHET;2400000 UI f.a.x 1;Richet;$ 19214.86;60%;$ 7685.94
55415;pregabalina;PREGABALINA RICHET 150;150 mg cáps.x 30;Richet;$ 52981;50%;$ 26490.5
55414;pregabalina;PREGABALINA RICHET 75;75 mg cáps.x 30;Richet;$ 34087.98;50%;$ 17043.99
57397;pregabalina;PREGABALINA RICHET 75;75 mg cáps.x 60;Richet;$ 67817.09;50%;$ 33908.55
18140;rifampicina;RIFAMPICINA RICHET;300 mg cáps.x 8;Richet;$ 10508.14;60%;$ 4203.26
24354;rifampicina;RIFAMPICINA AA RICHET;600 mg iny.f.a.x 1x 50ml;Richet;$ 40662.47;60%;$ 16264.99
18141;rifampicina;RIFAMPICINA RICHET;jbe.x 50 ml;Richet;$ 11669.92;60%;$ 4667.97
40383;rosuvastatina;ROSUVASTATINA RICHET;10 mg comp.x 28;Richet;$ 20106.08;60%;$ 8042.43
55857;rosuvastatina;ROSUVASTATINA RICHET;10 mg comp.x 30;Richet;$ 20335.13;60%;$ 8134.05
45402;rosuvastatina;ROSUVASTATINA RICHET;20 mg comp.x 28;Richet;$ 35846.38;60%;$ 14338.55
55858;rosuvastatina;ROSUVASTATINA RICHET;20 mg comp.x 30;Richet;$ 36501.91;60%;$ 14600.76
53220;rosuvastatina;ROSUVASTATINA RICHET;40 mg comp.x 28;Richet;$ 63274.09;60%;$ 25309.64
60795;rosuvastatina;ROSUVASTATINA RICHET;40 mg comp.x 30;Richet;$ 60468.41;60%;$ 24187.36
31120;sulfadiazina de plata+asoc.;SULFADIAZINA DE PLATA A RICHET;1% cr.dérm.x 30 g;Richet;$ 385.14;50%;$ 192.57
38675;sulfadiazina de plata+asoc.;SULFADIAZINA DE PLATA A RICHET;cr.dérm.x 200 g;Richet;$ 2689.41;50%;$ 1344.71
31119;sulfadiazina de plata+asoc.;SULFADIAZINA DE PLATA A RICHET;cr.dérm.x 400 g;Richet;$ 6936.2;50%;$ 3468.1
17805;sultamicilina;SULTAMICILINA RICHET;375 mg comp.x 16;Richet;$ 1225.2;60%;$ 490.08
57636;tadalafilo;TADALAFILO RICHET;20 mg comp.x 4;Richet;$ 33243.63;50%;$ 16621.82
46564;tamsulosina;TAMSULOSINA RICHET;0.4mg cáps.L.C.x30(TRZB);Richet;$ 40832.59;50%;$ 20416.3
46565;tamsulosina;TAMSULOSINA RICHET;0.4mg cáps.lib.cont.x 60;Richet;$ 66853.31;50%;$ 33426.66
62580;telmisartán;TELMISARTAN RICHET;40 mg comp.rec.x 28;Richet;$ 54448.87;60%;$ 21779.55
62579;telmisartán;TELMISARTAN RICHET;80 mg comp.rec.x 28;Richet;$ 78733.84;60%;$ 31493.54
37081;terbinafina;TERBINAFINA (COMO CLORHIDRATO) RICHET;250 mg comp.x 14;Richet;$ 16650.16;50%;$ 8325.08
37082;terbinafina;TERBINAFINA (COMO CLORHIDRATO) RICHET;250 mg comp.x 28;Richet;$ 31757.93;50%;$ 15878.97
51234;tirotricina+asoc.;CARAMELOS ANTIBIOTICOS RICHET;caram.x 9;Richet;$ 1067.82;50%;$ 533.91
48077;aceite de pescado;OMACOR;caps.blandas x 28;Richmond;$ 4967.36;50%;$ 2483.68
50397;acetilsalicílico,ác.+asoc.;TRINOMIA;100/40/10 mg cáps.x 28;Richmond;$ 5985.91;50%;$ 2992.96
50396;acetilsalicílico,ác.+asoc.;TRINOMIA;100/40/5 mg cáps.x 28;Richmond;$ 5112.74;50%;$ 2556.37
50096;amlodipina;AMZE;10 mg comp.x 28;Richmond;$ 24571.89;60%;$ 9828.76
50095;amlodipina;AMZE;5 mg comp.x 28;Richmond;$ 14470.84;60%;$ 5788.34
27852;atorvastatín;VASTINA;10 mg comp.x 30;Richmond;$ 34312.98;60%;$ 13725.19
27853;atorvastatín;VASTINA;20 mg comp.x 30;Richmond;$ 60042.81;60%;$ 24017.12
41685;cerebrolisina;RENACENZ;a.x 5 x 10 ml;Richmond;$ 316433.76;50%;$ 158216.88
48963;clopidogrel;ANTIPLAQ;75 mg comp.x 28;Richmond;$ 1945.79;50%;$ 972.9
32802;clopidogrel;ANTIPLAQ;75 mg comp.x 30;Richmond;$ 63198.71;50%;$ 31599.36
49488;codeína+paracetamol;DOLOFRIX;30 mg comp.x 30;Richmond;$ 36607.88;40%;$ 21964.73
49489;codeína+paracetamol;DOLOFRIX FORTE;60 mg comp.x 30;Richmond;$ 56611.74;40%;$ 33967.04
63237;dapagliflozina;DONSYBA;10 mg comp. x 30;Richmond;$ 70736.12;100%;$ 0
54762;diclofenac sódico+codeína;DOLOFRIX PLUS;50 mg comp.x 30;Richmond;$ 983.79;40%;$ 590.27
38403;donepecilo;DONEPES;10 mg comp.rec.x 30;Richmond;$ 49696.8;50%;$ 24848.4
38402;donepecilo;DONEPES;5 mg comp.rec.x 30;Richmond;$ 39673.27;50%;$ 19836.64
44582;escitalopram;TALPRAM 10;comp.rec.x 30;Richmond;$ 38099.65;50%;$ 19049.83
44583;escitalopram;TALPRAM 20;comp.rec.x 30;Richmond;$ 68283.83;50%;$ 34141.92
45373;levetiracetam;VECETAM 1000;comp.rec.ran.x 30;Richmond;$ 158616.14;50%;$ 79308.07
45372;levetiracetam;VECETAM 500;comp.rec.ran.x 60;Richmond;$ 152965.66;50%;$ 76482.83
48966;losartán;TACARDIA;100 mg comp.x 28;Richmond;$ 33295.84;60%;$ 13318.34
48964;losartán;TACARDIA;50 mg comp.x 28;Richmond;$ 836.5;60%;$ 334.6
20535;losartán;TACARDIA;50 mg comp.x 30;Richmond;$ 27022.29;60%;$ 10808.92
48965;losartán;TACARDIA;50 mg comp.x 56;Richmond;$ 1582.79;60%;$ 633.12
43024;losartán;TACARDIA;50 mg comp.x 60;Richmond;$ 48176.6;60%;$ 19270.64
48967;losartán+hidroclorotiazida;TACARDIA D;50/12.5 mg comp.x 28;Richmond;$ 31635.82;50%;$ 15817.91
40400;memantine;PRILBEN;10 mg comp.rec.ran.x 30;Richmond;$ 37269.23;50%;$ 18634.62
46847;memantine;PRILBEN;20 mg comp.rec.ran.x 30;Richmond;$ 50752.35;50%;$ 25376.18
47924;olanzapina;REVERTRIX 10;10 mg comp.rec.x 10;Richmond;$ 912;50%;$ 456
47925;olanzapina;REVERTRIX 10;10 mg comp.rec.x 30;Richmond;$ 180799.53;50%;$ 90399.77
47922;olanzapina;REVERTRIX 5;5 mg comp.rec.x 10;Richmond;$ 481;50%;$ 240.5
47923;olanzapina;REVERTRIX 5;5 mg comp.rec.x 30;Richmond;$ 91180.45;50%;$ 45590.23
38409;paroxetina;SOSTEL;20 mg comp.rec.x 30;Richmond;$ 40729.07;50%;$ 20364.54
54801;pregabalina;MYSTIKA 150;150 mg comp.rec.x 30;Richmond;$ 53344.81;50%;$ 26672.41
52431;pregabalina;MYSTIKA;25 mg comp.x 30;Richmond;$ 593.68;50%;$ 296.84
54800;pregabalina;MYSTIKA 75 MULTIDOSIS;75mg comp.rec.birran.x30;Richmond;$ 37454.66;50%;$ 18727.33
60757;rivaroxabán;QUARXOM;10 mg comp.rec.x 15;Richmond;$ 81301.81;50%;$ 40650.91
60739;rivaroxabán;QUARXOM;15 mg comp.rec.x 30;Richmond;$ 117100.32;50%;$ 58550.16
60740;rivaroxabán;QUARXOM;20 mg comp.rec.x 30;Richmond;$ 120473.83;50%;$ 60236.92
50007;rosuvastatina;BILIP 10;10 mg comp.x 28;Richmond;$ 669.75;60%;$ 267.9
44337;rosuvastatina;BILIP 10;10 mg comp.x 30;Richmond;$ 25337.99;60%;$ 10135.2
50008;rosuvastatina;BILIP 20;20 mg comp.x 28;Richmond;$ 1266.67;60%;$ 506.67
44338;rosuvastatina;BILIP 20;20 mg comp.x 30;Richmond;$ 47919.74;60%;$ 19167.9
61170;rosuvastatina;BILIP 40;40 mg comp.x 30;Richmond;$ 71156.75;60%;$ 28462.7
58265;sacubitrilo+valsartán;HIPERVAL PLUS 100;comp.rec.x 30;Richmond;$ 96580.67;50%;$ 48290.34
58264;sacubitrilo+valsartán;HIPERVAL PLUS 50;comp.rec.x 30;Richmond;$ 91030.32;50%;$ 45515.16
58266;sacubitrilo+valsartán;HIPERVAL PLUS 100;comp.rec.x 60;Richmond;$ 188760.16;50%;$ 94380.08
58267;sacubitrilo+valsartán;HIPERVAL PLUS 200;comp.rec.x 60;Richmond;$ 205590.18;50%;$ 102795.09
58213;telmisartán;TELCARDIA;40 mg comp.x 28;Richmond;$ 63880.59;60%;$ 25552.24
58214;telmisartán;TELCARDIA;80 mg comp.x 28;Richmond;$ 89745.5;60%;$ 35898.2
39869;tióctico,ác.;TIONEUROL 600;600 mg comp.rec.x 30;Richmond;$ 50628.04;50%;$ 25314.02
48288;valsartán;HIPERVAL 160;comp.rec.x 28;Richmond;$ 34477.77;60%;$ 13791.11
48287;valsartán;HIPERVAL 80;comp.rec.x 28;Richmond;$ 27637.3;60%;$ 11054.92
35688;zolpidem;ZOLODORM;10 mg comp.rec.x 30;Richmond;$ 12778.76;50%;$ 6389.38
50265;accesorio;ACCU-CHEK FASTCLIX;lancetas x 102;Roche Diabetes;$ 28099.59;100%;$ 0
29044;accesorio;ACCU-CHEK SOFTCLIX NEW;lancetas x 200;Roche Diabetes;$ 28280.47;100%;$ 0
50264;accesorio;ACCU-CHEK FASTCLIX;lancetas x 24;Roche Diabetes;$ 7921.15;100%;$ 0
29043;accesorio;ACCU-CHEK SOFTCLIX NEW;lancetas x 25;Roche Diabetes;$ 4859.96;100%;$ 0
56144;dispositivo para aplic.insulina;AGUJAS ACCU-FINE;32G x 4mm agujas x 100;Roche Diabetes;$ 29717.78;100%;$ 0
59374;dispositivo para aplic.insulina;AGUJAS ACCU-FINE;32G x 6mm agujas x 100;Roche Diabetes;$ 29717.78;100%;$ 0
40740;tiras reactivas;ACCU-CHEK PERFORMA 25;tiras reactivas x 25;Roche Diabetes;$ 40357.38;100%;$ 0
53861;tiras reactivas;ACCU-CHEK ACTIVE GLUCOSA;tiras reactivas x 25;Roche Diabetes;$ 40357.38;100%;$ 0
53987;tiras reactivas;ACCU-CHEK GUIDE;tiras reactivas x 25;Roche Diabetes;$ 40357.38;100%;$ 0
53862;tiras reactivas;ACCU-CHEK ACTIVE GLUCOSA;tiras reactivas x 50;Roche Diabetes;$ 72675.58;100%;$ 0
40741;tiras reactivas;ACCU-CHEK PERFORMA 50;tiras reactivas x 50;Roche Diabetes;$ 72675.58;100%;$ 0
53986;tiras reactivas;ACCU-CHEK GUIDE;tiras reactivas x 50;Roche Diabetes;$ 72675.58;100%;$ 0
24493;acetilsalicílico,ác.+vit.c+vit.e;CARDIAX;comp.x 30;Roemmers;$ 13027;40%;$ 7816.2
35608;aciclovir;POVIRAL;400 mg comp.x 20;Roemmers;$ 17011.49;60%;$ 6804.6
35609;aciclovir;POVIRAL;400 mg comp.x 40;Roemmers;$ 32537.6;60%;$ 13015.04
32116;aciclovir;POVIRAL;800 mg comp.x 20;Roemmers;$ 27064.52;60%;$ 10825.81
32117;aciclovir;POVIRAL;800 mg comp.x 40;Roemmers;$ 51198.55;60%;$ 20479.42
32118;aciclovir;POVIRAL;susp.x 125 ml;Roemmers;$ 20464.06;60%;$ 8185.62
7638;amiodarona;ATLANSIL;comp.x 20;Roemmers;$ 16539.67;80%;$ 3307.93
7639;amiodarona;ATLANSIL;comp.x 50;Roemmers;$ 43156;80%;$ 8631.2
12541;amlodipina;COROVAL 10;10 mg comp.x 30;Roemmers;$ 25270.49;60%;$ 10108.2
61728;amlodipina;COROVAL 10;10 mg comp.x 60;Roemmers;$ 53843.8;60%;$ 21537.52
12540;amlodipina;COROVAL 5;5 mg comp.x 30;Roemmers;$ 15575.25;60%;$ 6230.1
61727;amlodipina;COROVAL 5;5 mg comp.x 60;Roemmers;$ 28977.35;60%;$ 11590.94
52686;amlodipina+losartán,potásico;LOSACOR A;5/100 mg comp.rec.x 30;Roemmers;$ 37089;50%;$ 18544.5
58962;amlodipina+losartán,potásico;LOSACOR A;5/100 mg comp.rec.x 60;Roemmers;$ 24990.34;50%;$ 12495.17
52685;amlodipina+losartán,potásico;LOSACOR A;5/50 mg comp.rec.x 30;Roemmers;$ 33426;50%;$ 16713
58963;amlodipina+losartán,potásico;LOSACOR A;5/50 mg comp.rec.x 60;Roemmers;$ 24750.29;50%;$ 12375.15
7592;amoxicilina;AMOXIDAL;1 g comp.x 16;Roemmers;$ 20576.49;60%;$ 8230.6
7600;amoxicilina;AMOXIDAL;1 g iny.x 1 dosis;Roemmers;$ 9211.78;60%;$ 3684.71
34487;amoxicilina;AMOXIDAL;500 mg comp.rec.x 21;Roemmers;$ 11010;60%;$ 4404
28091;amoxicilina;AMOXIDAL DUO;comp.x 14;Roemmers;$ 15407.58;60%;$ 6163.03
7596;amoxicilina;AMOXIDAL;ped.250 mg susp.x 90 ml;Roemmers;$ 8767.99;60%;$ 3507.2
15969;amoxicilina;AMOXIDAL;ped.500 mg susp.x 120 ml;Roemmers;$ 12718.64;60%;$ 5087.46
7598;amoxicilina;AMOXIDAL;ped.500 mg susp.x 90 ml;Roemmers;$ 10189.47;60%;$ 4075.79
44755;amoxicilina;AMOXIDAL DUO;susp.x 120 ml;Roemmers;$ 16237.56;60%;$ 6495.02
22806;amoxicilina;AMOXIDAL DUO;susp.x 70 ml;Roemmers;$ 12105.7;60%;$ 4842.28
50992;amoxicilina+acetilcisteína;AMOXIDAL DUO MUC;comp.rec.x 14;Roemmers;$ 16488.4;50%;$ 8244.2
28092;amoxicilina+ambroxol;AMOXIDAL RESPIRATORIO DUO;comp.rec.x 14;Roemmers;$ 16298.86;50%;$ 8149.43
32037;amoxicilina+ambroxol;AMOXIDAL RESPIRATORIO;comp.rec.x 16;Roemmers;$ 14737.27;50%;$ 7368.64
7603;amoxicilina+ambroxol;AMOXIDAL RESPIRATORIO;ped.500 mg susp.x 90 ml;Roemmers;$ 13464.83;50%;$ 6732.42
28093;amoxicilina+ambroxol;AMOXIDAL RESPIRATORIO DUO;susp.x 70 ml;Roemmers;$ 14773.12;50%;$ 7386.56
13625;amoxicilina+bromhexina;AMOXIDAL RESPIRATORIO;1 g iny.x 1 dosis;Roemmers;$ 9374.78;50%;$ 4687.39
31676;amoxicilina+clavulánico,ác.;OPTAMOX DUO;1 g comp.x 14;Roemmers;$ 31792.97;60%;$ 12717.19
6285;amoxicilina+clavulánico,ác.;OPTAMOX;500 mg comp.x 16;Roemmers;$ 34269.63;60%;$ 13707.85
6269;amoxicilina+clavulánico,ác.;OPTAMOX;500 mg comp.x 8;Roemmers;$ 17895;60%;$ 7158
6300;amoxicilina+clavulánico,ác.;OPTAMOX;Ped.250 mg susp.x 60 ml;Roemmers;$ 9674.72;60%;$ 3869.89
13626;amoxicilina+clavulánico,ác.;OPTAMOX;ped.250 mg susp.x 90 ml;Roemmers;$ 13369.2;60%;$ 5347.68
49936;amoxicilina+clavulánico,ác.;OPTAMOX DUO 14:1;susp.ped.x 140 ml;Roemmers;$ 27211.74;60%;$ 10884.7
45526;amoxicilina+clavulánico,ác.;OPTAMOX DUO;susp.x 140 ml;Roemmers;$ 25380.48;60%;$ 10152.19
21045;amoxicilina+clavulánico,ác.;OPTAMOX DUO;susp.x 70 ml;Roemmers;$ 20366.7;60%;$ 8146.68
46700;amoxicilina+ác.clavulánico+asoc.;OPTAMOX RESPIRATORIO DUO;comp.rec.x 14;Roemmers;$ 35623.96;60%;$ 14249.58
46701;amoxicilina+ác.clavulánico+asoc.;OPTAMOX RESPIRATORIO DUO;susp.x 140 ml;Roemmers;$ 29234.52;60%;$ 11693.81
32886;aripiprazol;IRAZEM;10 mg comp.x 30;Roemmers;$ 30108.32;50%;$ 15054.16
58890;aripiprazol;IRAZEM;10 mg comp.x 60;Roemmers;$ 54194.73;50%;$ 27097.37
32888;aripiprazol;IRAZEM;15 mg comp.x 30;Roemmers;$ 43842.72;50%;$ 21921.36
32889;aripiprazol;IRAZEM;20 mg comp.x 15;Roemmers;$ 27922.76;50%;$ 13961.38
36637;aripiprazol;IRAZEM;5 mg comp.x 30;Roemmers;$ 27441.15;50%;$ 13720.58
58889;aripiprazol;IRAZEM;5 mg comp.x 60;Roemmers;$ 49393;50%;$ 24696.5
50996;aripiprazol;IRAZEM;sol.oral x 150 ml;Roemmers;$ 43967.62;50%;$ 21983.81
18333;azitromicina;TRITAB;500 mg comp.rec.x 3;Roemmers;$ 14445.52;60%;$ 5778.21
23481;azitromicina;TRITAB;500 mg comp.rec.x 5;Roemmers;$ 16110.09;60%;$ 6444.04
33069;azitromicina;TRITAB;500 mg comp.rec.x 6;Roemmers;$ 19440.14;60%;$ 7776.06
25715;azitromicina;TRITAB;susp.oral x 15 ml;Roemmers;$ 9852.28;60%;$ 3940.91
31827;azitromicina;TRITAB;susp.oral x 30 ml;Roemmers;$ 19330.7;60%;$ 7732.28
45059;betametasona;DEPOCORT;0.6 mg comp.x 30;Roemmers;$ 11421.56;50%;$ 5710.78
44310;betametasona;DEPOCORT;0.6 mg/ml gts.x 30 ml;Roemmers;$ 5268.37;50%;$ 2634.19
45060;betametasona (acet.y fosf.disod);DEPOCORT RETARD;f.a.x 1 x 2 ml;Roemmers;$ 14050;50%;$ 7025
45061;betametasona (diprop.y f.disod.);DEPOCORT CRONO;f.a.x 1 x 2 ml;Roemmers;$ 10770.91;50%;$ 5385.46
47038;betametasona+gentamic.+miconazol;DEPOCORT BIOTIC;cr.x 20 g;Roemmers;$ 13283.56;40%;$ 7970.14
25417;bisoprolol;CORBIS;10 mg comp.rec.x 30;Roemmers;$ 23668;60%;$ 9467.2
58967;bisoprolol;CORBIS;10 mg comp.rec.x 60;Roemmers;$ 42604.94;60%;$ 17041.98
29741;bisoprolol;CORBIS;2.5 mg comp.rec.x 30;Roemmers;$ 9906.75;60%;$ 3962.7
58966;bisoprolol;CORBIS;2.5 mg comp.rec.x 60;Roemmers;$ 17836.5;60%;$ 7134.6
25416;bisoprolol;CORBIS;5 mg comp.rec.x 30;Roemmers;$ 18535;60%;$ 7414
58965;bisoprolol;CORBIS;5 mg comp.rec.x 60;Roemmers;$ 33365;60%;$ 13346
58964;bisoprolol+hidroclorotiazida;CORBIS D;5/12.5 mg comp.rec.x 60;Roemmers;$ 37963.37;50%;$ 18981.69
32054;bisoprolol+hidroclorotiazida;CORBIS D;5/12.5 mg comp.x 30;Roemmers;$ 21090;50%;$ 10545
46020;calcitriol;CALCIRAQUIFEROL;cáps.blandas x 30;Roemmers;$ 18070.13;60%;$ 7228.05
44979;carboximetilcisteína;MUCOLITIC;comp.eferv.x 10;Roemmers;$ 13398.56;50%;$ 6699.28
2952;carboximetilcisteína;MUCOLITIC;jbe.x 150 ml;Roemmers;$ 15641;50%;$ 7820.5
10234;carboximetilcisteína+dextrometor;MUCOLITIC ANTITUSIVO;jbe.x 100 ml;Roemmers;$ 18018.23;60%;$ 7207.29
37230;cefalexina;CEPOREXIN DUO 1 GR;1 g comp.x 14;Roemmers;$ 25854.69;60%;$ 10341.88
619;cefalexina;CEPOREXIN;500 mg comp.x 16;Roemmers;$ 13352.68;60%;$ 5341.07
618;cefalexina;CEPOREXIN;500 mg comp.x 8;Roemmers;$ 7710.54;60%;$ 3084.22
36746;cefalexina;CEPOREXIN;500 mg susp.x 120 ml;Roemmers;$ 1028.81;60%;$ 411.52
20637;cefalexina;CEPOREXIN;500 mg susp.x 90 ml;Roemmers;$ 13402.71;60%;$ 5361.08
41278;cefalexina;CEPOREXIN DUO 750;750 mg susp.ped.x 90 ml;Roemmers;$ 15453;60%;$ 6181.2
20636;cefalexina;CEPOREXIN;ped.250 mg susp.x 90 ml;Roemmers;$ 8204;60%;$ 3281.6
51121;cinitaprida;ROGASTRIL;1 mg comp.x 10;Roemmers;$ 10056.68;50%;$ 5028.34
28927;cinitaprida;ROGASTRIL;1 mg comp.x 30;Roemmers;$ 24304;50%;$ 12152
48652;cinitaprida+simeticona;ROGASTRIL PLUS;comp. x 15;Roemmers;$ 14959;50%;$ 7479.5
48653;cinitaprida+simeticona;ROGASTRIL PLUS;comp. x 30;Roemmers;$ 30294.88;50%;$ 15147.44
50997;cinitaprida+simeticona;ROGASTRIL PLUS MASTICABLE;comp.mast. x 10;Roemmers;$ 12341.82;50%;$ 6170.91
50998;cinitaprida+simeticona;ROGASTRIL PLUS MASTICABLE;comp.mast. x 30;Roemmers;$ 35796;50%;$ 17898
2695;ciprofloxacina;CIRIAX;500 mg comp.x 10;Roemmers;$ 20564.72;60%;$ 8225.89
52067;ciprofloxacina;CIRIAX;500 mg comp.x 20;Roemmers;$ 37694;60%;$ 15077.6
24696;citalopram;ZENTIUS;comp.rec.x 30;Roemmers;$ 30788.16;50%;$ 15394.08
22094;clonixinato lisina;DORIXINA;comp.x 20;Roemmers;$ 1489.18;50%;$ 744.59
14955;clonixinato lisina+ciclobenzapri;DORIXINA RELAX;comp.rec.x 20;Roemmers;$ 14573.11;50%;$ 7286.56
51315;clonixinato lisina+ergotamina;MIGRA DORIXINA;comp.x 10;Roemmers;$ 5567.27;50%;$ 2783.64
7726;clonixinato lisina+vit.b,compl.;DORIXINA B1 B6 B12;comp.x 20;Roemmers;$ 7343;40%;$ 4405.8
7660;clorfeniramina+asoc.;DECIDEX;gts.x 30 ml;Roemmers;$ 9974;40%;$ 5984.4
28602;colindifosfato de citidina;COMPLEGEL NOVO;250 mg comp.x 30;Roemmers;$ 54682;50%;$ 27341
23948;colindifosfato de citidina;COMPLEGEL NOVO;500 mg a.x 9 x 2 ml;Roemmers;$ 41586;50%;$ 20793
61907;dapagliflozina;ACUS;10 mg comp. x 30;Roemmers;$ 65861.18;100%;$ 0
32834;desloratadina;FRENALER;5 mg comp.rec.x 14;Roemmers;$ 12741;40%;$ 7644.6
63119;desloratadina;FRENALER;5 mg comp.rec.x 30;Roemmers;$ 26411;40%;$ 15846.6
32833;desloratadina;FRENALER;5 mg comp.rec.x 7;Roemmers;$ 7237;40%;$ 4342.2
32835;desloratadina;FRENALER;jbe.x 60 ml;Roemmers;$ 12409;40%;$ 7445.4
40470;desloratadina+betametasona;FRENALER CORT;comp.rec.x 10;Roemmers;$ 11683;40%;$ 7009.8
40471;desloratadina+betametasona;FRENALER CORT;jbe.x 60 ml;Roemmers;$ 13895;40%;$ 8337
46334;desloratadina+pseudoefedrina;FRENALER D;cáps.lib.prol.x 10;Roemmers;$ 10777;40%;$ 6466.2
48657;desvenlafaxina;IXIUM;100 mg comp.lib.prol.x10;Roemmers;$ 13910;50%;$ 6955
48658;desvenlafaxina;IXIUM;100 mg comp.lib.prol.x30;Roemmers;$ 54466.44;50%;$ 27233.22
47353;desvenlafaxina;IXIUM;50 mg comp.lib.prol.x 30;Roemmers;$ 32216.5;50%;$ 16108.25
58888;desvenlafaxina;IXIUM;50 mg comp.lib.prol.x 60;Roemmers;$ 69751.57;50%;$ 34875.79
48253;dexlansoprazol;DEXOPRAL 60;cáps. x 15;Roemmers;$ 27430;40%;$ 16458
48254;dexlansoprazol;DEXOPRAL 60;cáps. x 30;Roemmers;$ 54324;40%;$ 32594.4
48252;dexlansoprazol;DEXOPRAL 30;cáps. x 30;Roemmers;$ 38158;40%;$ 22894.8
32684;diazepam;PLIDAN;10 mg comp.rec.x 50;Roemmers;$ 14211.92;50%;$ 7105.96
32665;diazepam;PLIDAN;2 mg comp.rec.x 20;Roemmers;$ 3780;50%;$ 1890
32666;diazepam;PLIDAN;2 mg comp.rec.x 50;Roemmers;$ 7648;50%;$ 3824
33330;diazepam;PLIDAN;5 mg comp.rec.x 50;Roemmers;$ 11493.08;50%;$ 5746.54
28713;diazepam;DIACTAL ENEMA;pomo aplic.x 1 x 2.5 ml;Roemmers;$ 19990.99;50%;$ 9995.5
28714;diazepam;DIACTAL ENEMA;pomo aplic.x 5 x 2.5 ml;Roemmers;$ 75220.49;50%;$ 37610.25
36780;diazepam+trimebutina;PLIDEX T;comp.rec.x 20;Roemmers;$ 7559;40%;$ 4535.4
36781;diazepam+trimebutina;PLIDEX T;comp.rec.x 50;Roemmers;$ 18921;40%;$ 11352.6
43398;diazepam+trimebutina;PLIDEX T 200;comp.x 30;Roemmers;$ 17128;40%;$ 10276.8
4370;digoxina;LANOXIN (DIGOXINA);0.25 mg comp.x 100;Roemmers;$ 15477.96;80%;$ 3095.59
9109;digoxina;LANOXIN (DIGOXINA);0.25 mg comp.x 25;Roemmers;$ 9363.9;80%;$ 1872.78
9110;digoxina;LANOXIN (DIGOXINA);0.25 mg comp.x 50;Roemmers;$ 18059.84;80%;$ 3611.97
4545;diltiazem;ACALIX;120 mg comp.x 50;Roemmers;$ 26413.52;60%;$ 10565.41
7578;diltiazem;ACALIX AP;120 mg cáps.x 30;Roemmers;$ 24646.49;60%;$ 9858.6
17871;diltiazem;ACALIX CD;180 mg caps.x 30;Roemmers;$ 744.47;60%;$ 297.79
38106;diltiazem;ACALIX CRONOS;180 mg cáps.x 30;Roemmers;$ 28108.46;60%;$ 11243.38
17872;diltiazem;ACALIX CD;240 mg caps.x 30;Roemmers;$ 1567.68;60%;$ 627.07
38107;diltiazem;ACALIX CRONOS;240 mg cáps.x 30;Roemmers;$ 41060.67;60%;$ 16424.27
38108;diltiazem;ACALIX CRONOS;300 mg cáps.x 30;Roemmers;$ 46045.22;60%;$ 18418.09
7577;diltiazem;ACALIX;60 mg comp.x 50;Roemmers;$ 10313.33;60%;$ 4125.33
4532;diltiazem;ACALIX;90 mg comp.x 50;Roemmers;$ 14831.45;60%;$ 5932.58
21232;domperidona+bromazepam+simetic.;FARADIL NOVO;comp.x 50;Roemmers;$ 32500;40%;$ 19500
62590;empagliflozina;EDAGAN;10 mg comp.rec.x 30;Roemmers;$ 85645.96;100%;$ 0
62591;empagliflozina;EDAGAN;25 mg comp.rec.x 30;Roemmers;$ 92052.98;100%;$ 0
34959;enalapril;LOTRIAL;10 mg comp.x 30;Roemmers;$ 10795.71;80%;$ 2159.14
7801;enalapril;LOTRIAL;10 mg comp.x 50;Roemmers;$ 17868;80%;$ 3573.6
34960;enalapril;LOTRIAL;10 mg comp.x 60;Roemmers;$ 19986.27;80%;$ 3997.25
34955;enalapril;LOTRIAL;2.5 mg comp.x 30;Roemmers;$ 2707.61;80%;$ 541.52
34956;enalapril;LOTRIAL;2.5 mg comp.x 60;Roemmers;$ 5309.71;80%;$ 1061.94
34961;enalapril;LOTRIAL;20 mg comp.x 30;Roemmers;$ 12213.32;80%;$ 2442.66
34962;enalapril;LOTRIAL;20 mg comp.x 60;Roemmers;$ 23741.54;80%;$ 4748.31
34957;enalapril;LOTRIAL;5 mg comp.x 30;Roemmers;$ 5666.86;80%;$ 1133.37
7799;enalapril;LOTRIAL;5 mg comp.x 50;Roemmers;$ 9256.48;80%;$ 1851.3
34958;enalapril;LOTRIAL;5 mg comp.x 60;Roemmers;$ 10848.26;80%;$ 2169.65
31954;enalapril+hidroclorotiazida;LOTRIAL D-20;comp.x 30;Roemmers;$ 15800.13;80%;$ 3160.03
9508;enalapril+hidroclorotiazida;LOTRIAL D;comp.x 30;Roemmers;$ 15588.11;80%;$ 3117.62
45621;eplerenona;OLDREN;25 mg comp.rec.x 30;Roemmers;$ 36981.56;50%;$ 18490.78
45623;eplerenona;OLDREN;50 mg comp.rec.x 30;Roemmers;$ 53507;50%;$ 26753.5
31952;escitalopram;MERIDIAN;10 mg comp.rec.x 15;Roemmers;$ 19437.15;50%;$ 9718.58
31953;escitalopram;MERIDIAN;10 mg comp.rec.x 30;Roemmers;$ 37741.87;50%;$ 18870.94
58995;escitalopram;MERIDIAN;10 mg comp.rec.x 60;Roemmers;$ 67935.04;50%;$ 33967.52
31950;escitalopram;MERIDIAN 20;20 mg comp.rec.x 15;Roemmers;$ 34528.23;50%;$ 17264.12
31951;escitalopram;MERIDIAN 20;20 mg comp.rec.x 30;Roemmers;$ 67045.59;50%;$ 33522.8
38813;eszopiclona;INDUCTAL;2 mg comp.rec.x 30;Roemmers;$ 18454.52;50%;$ 9227.26
38814;eszopiclona;INDUCTAL;3 mg comp.rec.x 30;Roemmers;$ 23062.69;50%;$ 11531.35
54048;etoricoxib;DORICOXIB 120;120 mg comp.rec.x 10;Roemmers;$ 21044.54;50%;$ 10522.27
54046;etoricoxib;DORICOXIB 60;60 mg comp.rec.x 10;Roemmers;$ 13579;50%;$ 6789.5
54047;etoricoxib;DORICOXIB 60;60 mg comp.rec.x 30;Roemmers;$ 37715;50%;$ 18857.5
54049;etoricoxib;DORICOXIB 90;90 mg comp.rec.x 10;Roemmers;$ 20237;50%;$ 10118.5
54050;etoricoxib;DORICOXIB 90;90 mg comp.rec.x 30;Roemmers;$ 49088;50%;$ 24544
33955;ezetimibe;IXACOR;10 mg comp.x 30;Roemmers;$ 20596;50%;$ 10298
35896;ezetimibe+simvastatin;VASOTENAL EZ;10/10 mg comp.x 30;Roemmers;$ 26880.9;50%;$ 13440.45
38013;ezetimibe+simvastatin;VASOTENAL EZ;20/10 mg comp.x 30;Roemmers;$ 26830;50%;$ 13415
57103;famotidina;TAURAL F 20;20 mg comp.x 30;Roemmers;$ 9924;40%;$ 5954.4
57104;famotidina;TAURAL F 20;20 mg comp.x 60;Roemmers;$ 17842;40%;$ 10705.2
57102;famotidina;TAURAL F 40;40 mg comp.x 30;Roemmers;$ 19222;40%;$ 11533.2
7701;flecainida;DIONDEL;comp.x 20;Roemmers;$ 8312.76;60%;$ 3325.1
7702;flecainida;DIONDEL;comp.x 50;Roemmers;$ 47042.86;60%;$ 18817.14
22200;fluconazol;MICOLIS NOVO;150 mg cáps.x 2;Roemmers;$ 17671;50%;$ 8835.5
31843;fluconazol;MICOLIS NOVO;150 mg cáps.x 4;Roemmers;$ 32862;50%;$ 16431
36681;fluticasona;LIDIL CORT;spray nasal x 120 ds.;Roemmers;$ 14235.85;80%;$ 2847.17
36682;fluticasona;LIDIL CORT;spray nasal x 60 ds.;Roemmers;$ 7689.59;80%;$ 1537.92
17753;glimepiride;ENDIAL;2 mg comp.x 30;Roemmers;$ 12706.72;100%;$ 0
17754;glimepiride;ENDIAL;2 mg comp.x 60;Roemmers;$ 25556;100%;$ 0
17756;glimepiride;ENDIAL;4 mg comp.x 30;Roemmers;$ 22740;100%;$ 0
56968;glimepiride;ENDIAL;4 mg comp.x 60;Roemmers;$ 42913.75;100%;$ 0
40647;glimepiride+metformina;ENDIAL MET 2;2/1000 mg comp.rec.x 30;Roemmers;$ 14873;50%;$ 7436.5
58922;glimepiride+metformina;ENDIAL MET 2;2/1000 mg comp.rec.x 60;Roemmers;$ 28081;50%;$ 14040.5
40649;glimepiride+metformina;ENDIAL MET 4;4/1000 mg comp.rec.x 30;Roemmers;$ 26238.78;50%;$ 13119.39
58921;glimepiride+metformina;ENDIAL MET 4;4/1000 mg comp.rec.x 60;Roemmers;$ 48520;50%;$ 24260
35748;ibuprofeno;FEBRATIC;400 mg comp.x 20;Roemmers;$ 4514;40%;$ 2708.4
58505;insaponificables;PRONTAL;cáps.x 30;Roemmers;$ 36730;40%;$ 22038
45624;isosorbide,dinitrato;MEDOCOR SUBLINGUAL;5 mg comp.subl.x 30;Roemmers;$ 8467.76;60%;$ 3387.1
7804;isosorbide,mononitrato;MEDOCOR;comp.x 20;Roemmers;$ 5109.92;60%;$ 2043.97
7805;isosorbide,mononitrato;MEDOCOR;comp.x 40;Roemmers;$ 9721.94;60%;$ 3888.78
12605;isosorbide,mononitrato;MEDOCOR AP;cáps.x 30;Roemmers;$ 25963.54;60%;$ 10385.42
47041;ketorolac;DORIXINA FORTE NF;10 mg comp.rec.x 10;Roemmers;$ 7096;50%;$ 3548
47043;ketorolac;DORIXINA FORTE NF;10 mg comp.subl.x 10;Roemmers;$ 11644.91;50%;$ 5822.46
47044;ketorolac;DORIXINA FORTE NF;10 mg comp.subl.x 20;Roemmers;$ 22610;50%;$ 11305
47042;ketorolac;DORIXINA FORTE NF;20 mg comp.rec.x 10;Roemmers;$ 12884.67;50%;$ 6442.34
32657;lansoprazol;LANZOPRAL;susp.sob.x 30;Roemmers;$ 33182;40%;$ 19909.2
41546;levofloxacina;LEXOBRON 500;500 mg comp.rec.x 7;Roemmers;$ 15314.87;60%;$ 6125.95
41547;levofloxacina;LEXOBRON 750;750 mg comp.rec.x 5;Roemmers;$ 17508.13;60%;$ 7003.25
63901;levomepromazina;TOGREL;2 mg comp.x 30;Roemmers;$ 7383.43;50%;$ 3691.72
13689;levomepromazina;TOGREL;2 mg comp.x 50;Roemmers;$ 9913.75;50%;$ 4956.88
63902;levomepromazina;TOGREL;25 mg comp.x 30;Roemmers;$ 15458.37;50%;$ 7729.19
13690;levomepromazina;TOGREL;25 mg comp.x 50;Roemmers;$ 33967.24;50%;$ 16983.62
21179;loratadina+pseudoefedrina;DECIDEX PLUS;cáps.x 10;Roemmers;$ 9950;40%;$ 5970
31004;losartán;LOSACOR;100 mg comp.rec.x 30;Roemmers;$ 35837;60%;$ 14334.8
61392;losartán;LOSACOR;100 mg comp.rec.x 60;Roemmers;$ 54407.16;60%;$ 21762.86
15987;losartán;LOSACOR;50 mg comp.rec.x 30;Roemmers;$ 29309.62;60%;$ 11723.85
49974;losartán;LOSACOR;50 mg comp.rec.x 60;Roemmers;$ 55326;60%;$ 22130.4
32338;losartán+hidroclorotiazida;LOSACOR D;100/25 mg comp.rec.x 30;Roemmers;$ 37259;50%;$ 18629.5
16681;losartán+hidroclorotiazida;LOSACOR D;50/12.5 mg comp.rec.x 30;Roemmers;$ 34292;50%;$ 17146
35254;meloxicam;BRONAX;15 mg comp.x 10;Roemmers;$ 12674;40%;$ 7604.4
35255;meloxicam;BRONAX;15 mg comp.x 20;Roemmers;$ 24794;40%;$ 14876.4
43053;meloxicam;BRONAX;15 mg comp.x 30;Roemmers;$ 35095;40%;$ 21057
50993;meloxicam;BRONAX CB;15 mg cáps.bl.x 10;Roemmers;$ 12646;40%;$ 7587.6
50994;meloxicam;BRONAX CB;15 mg cáps.bl.x 30;Roemmers;$ 34923;40%;$ 20953.8
46336;meloxicam+betametasona+asoc.;BRONAX CORT;comp.rec.x 10;Roemmers;$ 13973;40%;$ 8383.8
46337;meloxicam+betametasona+asoc.;BRONAX CORT;comp.rec.x 20;Roemmers;$ 26676;40%;$ 16005.6
41548;meloxicam+pridinol;BRONAX FLEX;comp.x 10;Roemmers;$ 13718;40%;$ 8230.8
41549;meloxicam+pridinol;BRONAX FLEX;comp.x 20;Roemmers;$ 26202;40%;$ 15721.2
35119;memantine;MERITAL;comp.ran.x 30;Roemmers;$ 33367.05;50%;$ 16683.53
51673;memantine;MERITAL;comp.ran.x 60;Roemmers;$ 64791;50%;$ 32395.5
54804;memantine;MERITAL 20;comp.rec.x 30;Roemmers;$ 37040.29;50%;$ 18520.15
56909;memantine+donepecilo;MERITAL XR PLUS;14/10 cáps.lib.prol.x 30;Roemmers;$ 61242;50%;$ 30621
56910;memantine+donepecilo;MERITAL XR PLUS;28/10 cáps.lib.prol.x 30;Roemmers;$ 67642;50%;$ 33821
61006;metformina;BIGLUCEM AP;1000 mg comp.x 100;Roemmers;$ 43780;100%;$ 0
61003;metformina;BIGLUCEM AP;1000 mg comp.x 30;Roemmers;$ 14419.5;100%;$ 0
61004;metformina;BIGLUCEM AP;1000 mg comp.x 60;Roemmers;$ 26509.88;100%;$ 0
61009;metformina;BIGLUCEM AP;500 mg comp.x 100;Roemmers;$ 19296.55;100%;$ 0
61007;metformina;BIGLUCEM AP;500 mg comp.x 30;Roemmers;$ 7983.15;100%;$ 0
61008;metformina;BIGLUCEM AP;500 mg comp.x 60;Roemmers;$ 16053.68;100%;$ 0
61012;metformina;BIGLUCEM AP;850 mg comp.x 100;Roemmers;$ 21432.98;100%;$ 0
61010;metformina;BIGLUCEM AP;850 mg comp.x 30;Roemmers;$ 14067;100%;$ 0
61011;metformina;BIGLUCEM AP;850 mg comp.x 60;Roemmers;$ 10893.32;100%;$ 0
49938;montelukast;PLENAIR 10;10 mg comp.rec.x 30;Roemmers;$ 48006.55;50%;$ 24003.28
49940;montelukast;PLENAIR 4;4 mg comp.mast.x 30;Roemmers;$ 35361.78;50%;$ 17680.89
61914;montelukast;PLENAIR 4;4 mg gran.sob.x 30;Roemmers;$ 34855.57;50%;$ 17427.79
49939;montelukast;PLENAIR 5;5 mg comp.mast.x 30;Roemmers;$ 45774.81;50%;$ 22887.41
60111;montelukast+levocetirizina;PLENAIR PLUS;comp.rec.x 30;Roemmers;$ 34276.07;50%;$ 17138.04
52682;nebivolol;CORPRES 10;10 mg comp.x 30;Roemmers;$ 39680;50%;$ 19840
58892;nebivolol;CORPRES 10;10 mg comp.x 60;Roemmers;$ 80177;50%;$ 40088.5
52684;nebivolol;CORPRES 2.5;2.5 mg comp.x 30;Roemmers;$ 10177.66;50%;$ 5088.83
58881;nebivolol;CORPRES 2.5;2.5 mg comp.x 60;Roemmers;$ 19888.89;50%;$ 9944.45
52683;nebivolol;CORPRES 5;5 mg comp.x 30;Roemmers;$ 20808;50%;$ 10404
58891;nebivolol;CORPRES 5;5 mg comp.x 60;Roemmers;$ 42341.86;50%;$ 21170.93
54945;nebivolol+hidroclorotiazida;CORPRES D;5/12.5 mg comp.rec.x 30;Roemmers;$ 25156.1;50%;$ 12578.05
58882;nebivolol+hidroclorotiazida;CORPRES D;5/12.5 mg comp.rec.x 60;Roemmers;$ 50312.29;50%;$ 25156.15
38322;nitazoxanida;NIXORAN;500 mg comp.rec.x 6;Roemmers;$ 8563.05;50%;$ 4281.53
7930;paracetamol;TERMOFREN;gts.x 20 ml;Roemmers;$ 8139;40%;$ 4883.4
15871;paracetamol;TERMOFREN;sol.x 120 ml;Roemmers;$ 10875;40%;$ 6525
39267;piridostigmina;MESTINON TS;180 mg comp.x 30;Roemmers;$ 75108.73;50%;$ 37554.37
27096;piridostigmina;MESTINON;60 mg comp.x 100;Roemmers;$ 78172;50%;$ 39086
8367;piroxicam+carisoprodol;FLEXICAMIN;comp.x 20;Roemmers;$ 10496.2;50%;$ 5248.1
50335;piroxicam+carisoprodol+asoc.;FLEXICAMIN B12;comp.x 10;Roemmers;$ 20655.54;50%;$ 10327.77
8369;piroxicam+carisoprodol+asoc.;FLEXICAMIN B12;comp.x 20;Roemmers;$ 39196.61;50%;$ 19598.31
8368;piroxicam+carisoprodol+asoc.;FLEXICAMIN A;comp.x 20;Roemmers;$ 11671.94;50%;$ 5835.97
50333;piroxicam+dexametasona+asoc.;FLEXICAMIN B12;iny.f.a.x 1+a.x 1;Roemmers;$ 11613.87;50%;$ 5806.94
50334;piroxicam+dexametasona+asoc.;FLEXICAMIN B12;iny.f.a.x 4+a.x 4;Roemmers;$ 44078.23;50%;$ 22039.12
44345;prasugrel;PROCARDIA;10 mg comp.x 30;Roemmers;$ 56321.94;50%;$ 28160.97
44343;prasugrel;PROCARDIA;5 mg comp.x 30;Roemmers;$ 23547.62;50%;$ 11773.81
39898;pregabalina;PLENICA;150 mg cáps.x 30;Roemmers;$ 64988.97;50%;$ 32494.49
44885;pregabalina;PLENICA;25 mg cáps.x 30;Roemmers;$ 12936.85;50%;$ 6468.43
39899;pregabalina;PLENICA;300 mg cáps.x 30;Roemmers;$ 87462.96;50%;$ 43731.48
52070;pregabalina;PLENICA;50 mg cáps.x 15;Roemmers;$ 15130.64;50%;$ 7565.32
52071;pregabalina;PLENICA;50 mg cáps.x 30;Roemmers;$ 29397.51;50%;$ 14698.76
46723;pregabalina;PLENICA 75 PRACTIDOSIS;75 mg comp.x 15;Roemmers;$ 23575.8;50%;$ 11787.9
48656;pregabalina;PLENICA 75 PRACTIDOSIS;75 mg comp.x 30;Roemmers;$ 45784;50%;$ 22892
39896;pregabalina;PLENICA;75 mg cáps.x 15;Roemmers;$ 21848.96;50%;$ 10924.48
39897;pregabalina;PLENICA;75 mg cáps.x 30;Roemmers;$ 42821;50%;$ 21410.5
48655;pregabalina;PLENICA;75 mg cáps.x 60;Roemmers;$ 82534;50%;$ 41267
7899;propinox;SERTAL;gts.x 20 ml;Roemmers;$ 11511;50%;$ 5755.5
61183;propinox+clonixinato de lisina;SERTAL COMPUESTO VL;comp.rec.x 20;Roemmers;$ 16230.49;50%;$ 8115.25
45580;quetiapina;INQUETIA;100 mg comp.x 30;Roemmers;$ 99746.56;50%;$ 49873.28
45581;quetiapina;INQUETIA;200 mg comp.x 30;Roemmers;$ 122344.56;50%;$ 61172.28
45579;quetiapina;INQUETIA;25 mg comp.x 30;Roemmers;$ 59143;50%;$ 29571.5
39046;rasagilina;ELBRUS;1 mg comp.x 30;Roemmers;$ 32625.76;50%;$ 16312.88
54197;rifaximina;LISIBACTER;200 mg comp.rec.x 10;Roemmers;$ 10948.83;50%;$ 5474.42
54198;rifaximina;LISIBACTER;200 mg comp.rec.x 20;Roemmers;$ 18041.16;50%;$ 9020.58
61788;rifaximina;LISIBACTER;400 mg comp.rec.x 30;Roemmers;$ 52958.58;50%;$ 26479.29
54199;rifaximina;LISIBACTER;550 mg comp.rec.x 10;Roemmers;$ 30783;50%;$ 15391.5
54200;rifaximina;LISIBACTER;550 mg comp.rec.x 30;Roemmers;$ 79311;50%;$ 39655.5
61789;rifaximina;LISIBACTER;550 mg comp.rec.x 60;Roemmers;$ 112623.31;50%;$ 56311.66
60684;rivaroxabán;ABAXON;10 mg x 10 comp.rec.;Roemmers;$ 47071.09;50%;$ 23535.55
59963;rivaroxabán;ABAXON;10 mg x 30 comp.rec.;Roemmers;$ 130700.62;50%;$ 65350.31
59964;rivaroxabán;ABAXON;15 mg x 30 comp.rec.;Roemmers;$ 124347.72;50%;$ 62173.86
59962;rivaroxabán;ABAXON;2.5 mg x 30 comp.rec.;Roemmers;$ 67264.8;50%;$ 33632.4
59965;rivaroxabán;ABAXON;20 mg x 30 comp.rec.;Roemmers;$ 134583;50%;$ 67291.5
34503;rosuvastatina;ROVARTAL;10 mg comp.rec.x 30;Roemmers;$ 27351.89;60%;$ 10940.76
58231;rosuvastatina;ROVARTAL;10 mg comp.rec.x 60;Roemmers;$ 52864;60%;$ 21145.6
44813;rosuvastatina;ROVARTAL;20 mg comp.rec.x 30;Roemmers;$ 48989.89;60%;$ 19595.96
58961;rosuvastatina;ROVARTAL;20 mg comp.rec.x 60;Roemmers;$ 93131;60%;$ 37252.4
54944;rosuvastatina;ROVARTAL;40 mg comp.rec.x 30;Roemmers;$ 82820;60%;$ 33128
46335;rosuvastatina;ROVARTAL;5 mg comp.rec.x 30;Roemmers;$ 18044;60%;$ 7217.6
59059;rosuvastatina;ROVARTAL;5 mg comp.rec.x 60;Roemmers;$ 32377.64;60%;$ 12951.06
59967;rosuvastatina+ezetimibe;ROVARTAL EZ;10 mg cáps. x 30;Roemmers;$ 33437;50%;$ 16718.5
59968;rosuvastatina+ezetimibe;ROVARTAL EZ;20 mg cáps. x 30;Roemmers;$ 57789;50%;$ 28894.5
59966;rosuvastatina+ezetimibe;ROVARTAL EZ;5 mg cáps. x 30;Roemmers;$ 30793.51;50%;$ 15396.76
46294;sertralina;ASERTRAL;100 mg comp.ran.x 30;Roemmers;$ 40952.89;50%;$ 20476.45
58894;sertralina;ASERTRAL;100 mg comp.ran.x 60;Roemmers;$ 69814.48;50%;$ 34907.24
46293;sertralina;ASERTRAL;50 mg comp.ran.x 30;Roemmers;$ 27380.39;50%;$ 13690.2
58887;sertralina;ASERTRAL;50 mg comp.ran.x 60;Roemmers;$ 45884.79;50%;$ 22942.4
28758;sildenafil;VIMAX;100 mg comp.x 6;Roemmers;$ 24728;50%;$ 12364
21977;sildenafil;VIMAX;25 mg comp.x 2;Roemmers;$ 4547;50%;$ 2273.5
34713;sildenafil;VIMAX 50;50 mg comp.mast.x 2;Roemmers;$ 5967.9;50%;$ 2983.95
21978;sildenafil;VIMAX;50 mg comp.x 2;Roemmers;$ 6072.68;50%;$ 3036.34
28757;sildenafil;VIMAX;50 mg comp.x 6;Roemmers;$ 17983;50%;$ 8991.5
45874;sildenafil;VIMAX FLASH 50;50mg comp.dis.buc.rap.x6;Roemmers;$ 17746.54;50%;$ 8873.27
52074;sildenafil;VIMAX FLASH 100;comp.dis.buc.rap.x 10;Roemmers;$ 40243;50%;$ 20121.5
52073;sildenafil;VIMAX FLASH 100;comp.dis.buc.rap.x 2;Roemmers;$ 8279.94;50%;$ 4139.97
15375;simvastatin;VASOTENAL;10 mg comp.x 30;Roemmers;$ 25620;60%;$ 10248
21044;simvastatin;VASOTENAL;20 mg comp.x 30;Roemmers;$ 34294;60%;$ 13717.6
15373;simvastatin;VASOTENAL;5 mg comp.x 30;Roemmers;$ 7369;60%;$ 2947.6
61044;sitagliptina;AGLIPTIN;100 mg comp.x 30;Roemmers;$ 97466.47;100%;$ 0
61043;sitagliptina;AGLIPTIN;50 mg comp.x 30;Roemmers;$ 91634.58;100%;$ 0
61048;sitagliptina+metformina,clorh.;AGLIPTIN MET;50/1000 mg comp.x 30;Roemmers;$ 63480.56;100%;$ 0
61049;sitagliptina+metformina,clorh.;AGLIPTIN MET;50/1000 mg comp.x 60;Roemmers;$ 108067.65;100%;$ 0
61045;sitagliptina+metformina,clorh.;AGLIPTIN MET;50/500 mg comp.x 30;Roemmers;$ 51460.08;100%;$ 0
61046;sitagliptina+metformina,clorh.;AGLIPTIN MET;50/850 mg comp.x 30;Roemmers;$ 49855.2;100%;$ 0
61047;sitagliptina+metformina,clorh.;AGLIPTIN MET;50/850 mg comp.x 60;Roemmers;$ 107202;100%;$ 0
54051;sodio,divalproato;IMPROVAL 125;125 mg comp.rec.x 30;Roemmers;$ 17121.66;80%;$ 3424.33
54052;sodio,divalproato;IMPROVAL 250;250 mg comp.rec.x 30;Roemmers;$ 28555.98;80%;$ 5711.2
54053;sodio,divalproato;IMPROVAL 500;500 mg comp.rec.x 30;Roemmers;$ 47049;80%;$ 9409.8
54054;sodio,divalproato;IMPROVAL 500;500 mg comp.rec.x 60;Roemmers;$ 87056;80%;$ 17411.2
56720;solifenacina;SOLFACINA;10 mg comp.x 30;Roemmers;$ 50057.99;50%;$ 25029
56719;solifenacina;SOLFACINA;5 mg comp.x 30;Roemmers;$ 44297.8;50%;$ 22148.9
50572;sulfametoxazol+trimetoprima;DOSULFIN FORTE;comp.x 14;Roemmers;$ 14282.67;60%;$ 5713.07
58244;tadalafilo;INVICTUS MASTICABLE;20 mg comp.mast.x 1;Roemmers;$ 11371.15;50%;$ 5685.58
58245;tadalafilo;INVICTUS MASTICABLE;20 mg comp.mast.x 2;Roemmers;$ 21913.26;50%;$ 10956.63
58246;tadalafilo;INVICTUS MASTICABLE;20 mg comp.mast.x 4;Roemmers;$ 42907.9;50%;$ 21453.95
51226;tadalafilo;INVICTUS 20;20 mg comp.rec.x 1;Roemmers;$ 12634;50%;$ 6317
51227;tadalafilo;INVICTUS 20;20 mg comp.rec.x 2;Roemmers;$ 25015.56;50%;$ 12507.78
51228;tadalafilo;INVICTUS 20;20 mg comp.rec.x 4;Roemmers;$ 49546;50%;$ 24773
51225;tadalafilo;INVICTUS 5;5 mg comp.rec.x 30;Roemmers;$ 107971.84;50%;$ 53985.92
49260;tamsulosina;URIFLUX;0.4 mg cáps.x 30;Roemmers;$ 51814.38;50%;$ 25907.19
49961;tramadol+paracetamol;NERVIDOL;comp.rec.x 20;Roemmers;$ 49892;40%;$ 29935.2
43204;trimebutina;PLIDEX AP;300 mg comp.lib.prol.x30;Roemmers;$ 20354;50%;$ 10177
42296;trimebutina;PLIDEX 200;comp.x 30;Roemmers;$ 14379.65;50%;$ 7189.83
42294;trimebutina;PLIDEX 100;comp.x 30;Roemmers;$ 9922.63;50%;$ 4961.32
58968;trimebutina;PLIDEX 200;comp.x 60;Roemmers;$ 23492.78;50%;$ 11746.39
52075;trimebutina+simeticona;PLIDEX S;200/120 mg comp.rec.x 30;Roemmers;$ 19388;40%;$ 11632.8
52076;trimebutina+simeticona;PLIDEX S;200/120 mg comp.rec.x 60;Roemmers;$ 32027;40%;$ 19216.2
41029;valsartán;RACORVAL;160 mg comp.rec.x 28;Roemmers;$ 37257;60%;$ 14902.8
57264;valsartán;RACORVAL;160 mg comp.rec.x 30;Roemmers;$ 33887.04;60%;$ 13554.82
62220;valsartán;RACORVAL;160 mg comp.rec.x 60;Roemmers;$ 55031.33;60%;$ 22012.53
52870;valsartán;RACORVAL;320 mg comp.rec.x 30;Roemmers;$ 39587.3;60%;$ 15834.92
62225;valsartán;RACORVAL;320 mg comp.rec.x 60;Roemmers;$ 60547.81;60%;$ 24219.12
41026;valsartán;RACORVAL;80 mg comp.rec.x 14;Roemmers;$ 1568.96;60%;$ 627.58
41027;valsartán;RACORVAL;80 mg comp.rec.x 28;Roemmers;$ 27981;60%;$ 11192.4
57263;valsartán;RACORVAL;80 mg comp.rec.x 30;Roemmers;$ 25674.84;60%;$ 10269.94
62221;valsartán;RACORVAL;80 mg comp.rec.x 60;Roemmers;$ 41947.16;60%;$ 16778.86
46846;valsartán+amlodipina;RACORVAL A;160/10 mg comp.rec.x 28;Roemmers;$ 39942.89;50%;$ 19971.45
62218;valsartán+amlodipina;RACORVAL A;160/10 mg comp.rec.x 30;Roemmers;$ 41339.08;50%;$ 20669.54
62219;valsartán+amlodipina;RACORVAL A;160/10 mg comp.rec.x 60;Roemmers;$ 72969.79;50%;$ 36484.9
46845;valsartán+amlodipina;RACORVAL A;160/5 mg comp.rec.x 28;Roemmers;$ 43404.32;50%;$ 21702.16
62216;valsartán+amlodipina;RACORVAL A;160/5 mg comp.rec.x 30;Roemmers;$ 39978.73;50%;$ 19989.37
62217;valsartán+amlodipina;RACORVAL A;160/5 mg comp.rec.x 60;Roemmers;$ 70435.94;50%;$ 35217.97
55713;valsartán+hidrocloroti.+amlodip.;RACORVAL 3D;160/10/12.5mg comp.rex28;Roemmers;$ 49583.12;50%;$ 24791.56
62229;valsartán+hidrocloroti.+amlodip.;RACORVAL 3D;160/10/12.5mg comp.rex30;Roemmers;$ 50621.35;50%;$ 25310.68
52808;valsartán+hidrocloroti.+amlodip.;RACORVAL 3D;160/5/12.5mg comp.recx28;Roemmers;$ 50202.39;50%;$ 25101.2
62227;valsartán+hidrocloroti.+amlodip.;RACORVAL 3D;160/5/12.5mg comp.recx30;Roemmers;$ 49892.8;50%;$ 24946.4
58374;valsartán+hidrocloroti.+amlodip.;RACORVAL 3D;320/10/25mg comp.rec.x30;Roemmers;$ 58475.66;50%;$ 29237.83
42646;valsartán+hidroclorotiazida;RACORVAL D;160/12.5 mg comp.rec.x28;Roemmers;$ 34451;50%;$ 17225.5
62224;valsartán+hidroclorotiazida;RACORVAL D;160/12.5 mg comp.rec.x30;Roemmers;$ 28609.28;50%;$ 14304.64
62226;valsartán+hidroclorotiazida;RACORVAL D;160/12.5 mg comp.rec.x60;Roemmers;$ 57218.57;50%;$ 28609.29
42645;valsartán+hidroclorotiazida;RACORVAL D;80/12.5 mg comp.rec.x 28;Roemmers;$ 29657;50%;$ 14828.5
62222;valsartán+hidroclorotiazida;RACORVAL D;80/12.5 mg comp.rec.x 30;Roemmers;$ 25661.32;50%;$ 12830.66
62223;valsartán+hidroclorotiazida;RACORVAL D;80/12.5 mg comp.rec.x 60;Roemmers;$ 39788.32;50%;$ 19894.16
31003;venlafaxina;SESAREN XR;150 mg cáps.x 15;Roemmers;$ 16454;50%;$ 8227
36797;venlafaxina;SESAREN XR;150 mg cáps.x 30;Roemmers;$ 45129.96;50%;$ 22564.98
48650;venlafaxina;SESAREN XR;225 mg cáps.x 15;Roemmers;$ 22642;50%;$ 11321
48651;venlafaxina;SESAREN XR;225 mg cáps.x 30;Roemmers;$ 62135;50%;$ 31067.5
30999;venlafaxina;SESAREN;25 mg comp.x 30;Roemmers;$ 8040;50%;$ 4020
36795;venlafaxina;SESAREN XR;37.5 mg cáps.x 28;Roemmers;$ 29454;50%;$ 14727
31000;venlafaxina;SESAREN;50 mg comp.x 30;Roemmers;$ 15474;50%;$ 7737
31001;venlafaxina;SESAREN;75 mg comp.x 30;Roemmers;$ 21857;50%;$ 10928.5
31002;venlafaxina;SESAREN XR;75 mg cáps.x 15;Roemmers;$ 15082.88;50%;$ 7541.44
36796;venlafaxina;SESAREN XR;75 mg cáps.x 30;Roemmers;$ 31101.57;50%;$ 15550.79
29693;vit.d;RAQUIFEROL;fco.gotero x 4 ml;Roemmers;$ 9429;40%;$ 5657.4
60560;vit.d3;RAQUIFEROL D3;100000 UI cáps.bl. x 1;Roemmers;$ 12055;40%;$ 7233
60561;vit.d3;RAQUIFEROL D3;100000 UI cáps.bl. x 2;Roemmers;$ 19288;40%;$ 11572.8
52072;vit.d3;RAQUIFEROL D3;fco.gotero x 4 ml;Roemmers;$ 11503;40%;$ 6901.8
52078;vit.d3;RAQUIFEROL D3;sol.oral x 2 ml;Roemmers;$ 9494;40%;$ 5696.4
60855;amoxicilina;CLIACIL 1000;1000 mg comp.x 16;Ronnet;$ 18982.05;60%;$ 7592.82
60854;amoxicilina;CLIACIL 1000;1000 mg comp.x 8;Ronnet;$ 8984.2;60%;$ 3593.68
60353;amoxicilina;CLIACIL;500 mg comp.x 16;Ronnet;$ 7198;60%;$ 2879.2
60352;amoxicilina;CLIACIL;500 mg comp.x 8;Ronnet;$ 3458.8;60%;$ 1383.52
58819;atenolol;ATELSTA;100 mg comp.x 30;Ronnet;$ 11263.83;80%;$ 2252.77
58820;atenolol;ATELSTA;100 mg comp.x 60;Ronnet;$ 22551.96;80%;$ 4510.39
58817;atenolol;ATELSTA;25 mg comp.x 30;Ronnet;$ 5426.72;80%;$ 1085.34
58818;atenolol;ATELSTA;25 mg comp.x 60;Ronnet;$ 10712.71;80%;$ 2142.54
58438;atenolol;ATELSTA;50 mg comp.x 30;Ronnet;$ 8126.4;80%;$ 1625.28
61104;atenolol;ATELSTA;50 mg comp.x 60;Ronnet;$ 16232;80%;$ 3246.4
59805;atorvastatín;RONATOR;10 mg comp.x 30;Ronnet;$ 23634.17;60%;$ 9453.67
59804;atorvastatín;RONATOR;10 mg comp.x 60;Ronnet;$ 44240.29;60%;$ 17696.12
59803;atorvastatín;RONATOR;20 mg comp.x 30;Ronnet;$ 38539.34;60%;$ 15415.74
59802;atorvastatín;RONATOR;20 mg comp.x 60;Ronnet;$ 68284.74;60%;$ 27313.9
36568;azitromicina;TALCILINA;500 mg comp.rec.x 3;Ronnet;$ 10103.45;50%;$ 5051.73
39404;azitromicina;TALCILINA;500 mg comp.rec.x 6;Ronnet;$ 15333.71;50%;$ 7666.86
37832;carboximetilcisteína;SALVITOS;jbe.x 120 ml;Ronnet;$ 8178.29;50%;$ 4089.15
53997;cefalexina;RIBAMICIN;500 mg comp.x 16;Ronnet;$ 9745.2;60%;$ 3898.08
53996;cefalexina;RIBAMICIN;500 mg comp.x 8;Ronnet;$ 5904.02;60%;$ 2361.61
34526;clotrimazol;MYCANDEN;cr.x 20 g;Ronnet;$ 7080.15;40%;$ 4248.09
54592;clotrimazol;MYCANDEN;pvo.dérmico x 30 g;Ronnet;$ 9199;40%;$ 5519.4
32028;clotrimazol;MYCANDEN;spray x 60 ml;Ronnet;$ 12859;40%;$ 7715.4
34779;diclofenac dietilamina;NALGIFLEX GEL;gel x 50 g;Ronnet;$ 8794;40%;$ 5276.4
35858;diclofenac sódico;NALGIFLEX;50 mg comp.rec.x 15;Ronnet;$ 4792;40%;$ 2875.2
44436;diclofenac sódico;NALGIFLEX;50 mg comp.rec.x 30;Ronnet;$ 7785;40%;$ 4671
33543;diclofenac sódico;NALGIFLEX 75;75 mg comp.rec.x 15;Ronnet;$ 9605;40%;$ 5763
44437;diclofenac sódico;NALGIFLEX 75;75 mg comp.rec.x 30;Ronnet;$ 19785;40%;$ 11871
38818;diclofenac+pridinol;NALGIFLEX RELAX;comp.rec.gastrorr.x 15;Ronnet;$ 8915;40%;$ 5349
44435;diclofenac+pridinol;NALGIFLEX RELAX;comp.rec.gastrorr.x 30;Ronnet;$ 14926.4;40%;$ 8955.84
56700;lactulosa;RONELAX;jbe.x 120 ml;Ronnet;$ 11915;40%;$ 7149
56701;lactulosa;RONELAX;jbe.x 250 ml;Ronnet;$ 21115.6;40%;$ 12669.36
30155;lidocaína+hidrocortisona;PROCTOCREM;pda.x 20 g;Ronnet;$ 9984;50%;$ 4992
40652;loperamida;NORMASEC;comp.x 10;Ronnet;$ 4864;50%;$ 2432
57305;loperamida;NORMASEC;comp.x 20;Ronnet;$ 9408.2;50%;$ 4704.1
40653;norfloxacina;NEFRONET;comp.rec.x 10;Ronnet;$ 10037.5;50%;$ 5018.75
54593;norfloxacina;NEFRONET;comp.rec.x 20;Ronnet;$ 17041.17;50%;$ 8520.59
33544;paracetamol+pseudoefedrina+asoc.;TERMOGRIP;comp.rec.x 10;Ronnet;$ 5130.2;40%;$ 3078.12
58188;sodio,picosulfato;LAXANET;sol.oral x 15 ml;Ronnet;$ 6606.69;50%;$ 3303.35
58667;sodio,picosulfato;LAXANET;sol.oral x 50 ml;Ronnet;$ 18731.25;50%;$ 9365.63
32726;alendronato;OSTEOFENE;70 mg comp.x 4;Rontag;$ 12876.65;60%;$ 5150.66
39690;amantadina;AMPAKINE;100 mg comp.x 30;Rontag;$ 25066.41;80%;$ 5013.28
39691;amantadina;AMPAKINE;100 mg comp.x 60;Rontag;$ 47989.97;80%;$ 9597.99
36676;aripiprazol;ARLEMIDE;10 mg comp.x 30;Rontag;$ 30821.15;50%;$ 15410.58
36677;aripiprazol;ARLEMIDE;15 mg comp.x 15;Rontag;$ 21645.08;50%;$ 10822.54
36678;aripiprazol;ARLEMIDE;15 mg comp.x 30;Rontag;$ 44443.19;50%;$ 22221.6
44806;aripiprazol;ARLEMIDE;5 mg comp.x 10;Rontag;$ 10598.59;50%;$ 5299.3
44021;aripiprazol;ARLEMIDE;5 mg comp.x 30;Rontag;$ 27511.1;50%;$ 13755.55
39688;betahistina;RONISTINA;16 mg comp.x 30;Rontag;$ 19537.29;40%;$ 11722.37
39689;betahistina;RONISTINA;16 mg comp.x 60;Rontag;$ 34360.78;40%;$ 20616.47
40405;betahistina;RONISTINA DUO;24 mg comp.x 15;Rontag;$ 516.44;40%;$ 309.86
36679;betahistina;RONISTINA DUO;24 mg comp.x 30;Rontag;$ 29821.47;40%;$ 17892.88
36680;betahistina;RONISTINA DUO;24 mg comp.x 60;Rontag;$ 54425.11;40%;$ 32655.07
31470;betahistina;RONISTINA;8 mg comp.x 30;Rontag;$ 17323.33;40%;$ 10394
31471;betahistina;RONISTINA;8 mg comp.x 60;Rontag;$ 27877.74;40%;$ 16726.64
6240;bromazepam;CREOSEDIN;3 mg comp.x 20;Rontag;$ 3846.22;50%;$ 1923.11
3082;bromazepam;CREOSEDIN;3 mg comp.x 50;Rontag;$ 7257.49;50%;$ 3628.75
6242;bromazepam;CREOSEDIN;6 mg comp.x 20;Rontag;$ 5853.8;50%;$ 2926.9
3196;bromazepam;CREOSEDIN;6 mg comp.x 50;Rontag;$ 19473.82;50%;$ 9736.91
37382;cabergolina;CABERPAR;1 mg comp.x 10;Rontag;$ 32070.64;80%;$ 6414.13
39687;cabergolina;CABERPAR;2 mg comp.x 30;Rontag;$ 91477.53;80%;$ 18295.51
9703;carbamazepina;CARBAMAT;200 mg comp.x 30;Rontag;$ 17193.05;80%;$ 3438.61
9704;carbamazepina;CARBAMAT;200 mg comp.x 60;Rontag;$ 30317.79;80%;$ 6063.56
18311;clonazepam;SOLFIDIN;0.5 mg comp.x 30;Rontag;$ 8834.13;50%;$ 4417.07
48367;clonazepam;SOLFIDIN FLASH;0.5 mg comp.x 30;Rontag;$ 11510.74;50%;$ 5755.37
48368;clonazepam;SOLFIDIN FLASH;0.5 mg comp.x 60;Rontag;$ 23022.04;50%;$ 11511.02
18312;clonazepam;SOLFIDIN;2 mg comp.x 30;Rontag;$ 11821.56;80%;$ 2364.31
8465;dapsona;D.A.P.S.;100 mg comp.x 100;Rontag;$ 40923.71;50%;$ 20461.86
38330;deflazacort;DEFAS;30 mg comp.x 10;Rontag;$ 1221.07;50%;$ 610.54
38331;deflazacort;DEFAS;30 mg comp.x 20;Rontag;$ 114213.47;50%;$ 57106.74
38329;deflazacort;DEFAS;6 mg comp.x 20;Rontag;$ 23872.18;50%;$ 11936.09
8526;diazepam;SAROMET;comp.x 50;Rontag;$ 11972.75;50%;$ 5986.38
8527;diazepam;SAROMET FULLTIME;cáps.x 20;Rontag;$ 11972.75;50%;$ 5986.38
26564;donepecilo;AUROBRAL;10 mg comp.x 30;Rontag;$ 51906.44;50%;$ 25953.22
26562;donepecilo;AUROBRAL;5 mg comp.x 30;Rontag;$ 41087.01;50%;$ 20543.51
42340;estroncio,ranelato;PRODINAM;sob.x 28 x 2 g;Rontag;$ 39946.42;50%;$ 19973.21
33011;hidroxicloroquina;AXOKINE;200 mg comp.x 30;Rontag;$ 23335.31;50%;$ 11667.66
16002;hidroxicloroquina;METIREL;200 mg comp.x 30;Rontag;$ 974.25;50%;$ 487.13
16222;hidroxicloroquina;METIREL;200 mg comp.x 60;Rontag;$ 1805.27;50%;$ 902.64
33012;hidroxicloroquina;AXOKINE;200 mg comp.x 60;Rontag;$ 19110.53;50%;$ 9555.27
786;hierro;YECTAFER;a.x 10;Rontag;$ 85748.22;50%;$ 42874.11
32855;hierro;YECTAFER;a.x 5;Rontag;$ 42874.12;50%;$ 21437.06
47219;hierro+fólico,ác.;YECTAFER TABS;40/0.5 mg comp.rec.x 20;Rontag;$ 19941.32;50%;$ 9970.66
47220;hierro+fólico,ác.;YECTAFER TABS;40/0.5 mg comp.rec.x 40;Rontag;$ 31246.18;50%;$ 15623.09
47221;hierro+fólico,ác.;YECTAFER TABS;80/1 mg comp.rec.x 20;Rontag;$ 29706.46;50%;$ 14853.23
47222;hierro+fólico,ác.;YECTAFER TABS;80/1 mg comp.rec.x 40;Rontag;$ 52165.86;50%;$ 26082.93
787;hierro+fólico,ác.+asoc.;YECTAFER COMPLEX;a.x 10;Rontag;$ 133819.59;50%;$ 66909.8
32856;hierro+fólico,ác.+asoc.;YECTAFER COMPLEX;a.x 5;Rontag;$ 66909.81;50%;$ 33454.91
17309;indometacina;INDOTEX;100 mg sup.x 10;Rontag;$ 23081.82;50%;$ 11540.91
17776;indometacina;INDOTEX;50 mg sup.x 10;Rontag;$ 11902.27;50%;$ 5951.14
36208;leflunomida;LEFLUAR;20 mg comp.rec.x 30;Rontag;$ 42249.59;50%;$ 21124.8
39029;levetiracetam;LEVRON;1000 mg comp.x 30;Rontag;$ 198626.06;50%;$ 99313.03
42930;levetiracetam;LEVRON;250 mg comp.x 30;Rontag;$ 41562.41;50%;$ 20781.21
39027;levetiracetam;LEVRON;500 mg comp.x 20;Rontag;$ 69204.64;50%;$ 34602.32
39028;levetiracetam;LEVRON;500 mg comp.x 60;Rontag;$ 172844.68;50%;$ 86422.34
41030;levocetirizina;ANALERG;5 mg comp.rec.x 10;Rontag;$ 9514.26;50%;$ 4757.13
41031;levocetirizina;ANALERG;5 mg comp.rec.x 30;Rontag;$ 24032.55;50%;$ 12016.28
28945;metronidazol+asoc.;NAXO TV;ov.x 12;Rontag;$ 1004.71;50%;$ 502.36
42884;mirtazapina;BILANZ;30 mg comp.rec.x 10;Rontag;$ 13338.54;50%;$ 6669.27
42885;mirtazapina;BILANZ;30 mg comp.rec.x 30;Rontag;$ 40015.45;50%;$ 20007.73
42592;modafinilo;INTENSIT;200 mg comp.x 10;Rontag;$ 22176.79;50%;$ 11088.4
4393;nalbufina;NUBAINA;10 mg/ml a.x 10 x 1 ml;Rontag;$ 37033.55;50%;$ 18516.78
4420;nalbufina;NUBAINA;10 mg/ml a.x 5 x 1 ml;Rontag;$ 18516.51;50%;$ 9258.26
4395;nalbufina;NUBAINA;20 mg/ml a.x 10 x 1 ml;Rontag;$ 54171.26;50%;$ 27085.63
7337;naproxeno;NAPRONTAG;250 mg comp.x 20;Rontag;$ 14007.57;40%;$ 8404.54
8734;naproxeno;NAPRONTAG;500 mg comp.x 20;Rontag;$ 28064.54;40%;$ 16838.72
8779;naproxeno;NAPRONTAG;500 mg comp.x 50;Rontag;$ 69646.22;40%;$ 41787.73
40403;naproxeno;NAPRONTAG GESIC;550 mg comp.rec.x 10;Rontag;$ 16184.91;40%;$ 9710.95
40404;naproxeno;NAPRONTAG GESIC;550 mg comp.rec.x 20;Rontag;$ 32345.71;40%;$ 19407.43
13715;naproxeno;NAPRONTAG 24;750 mg comp.x 10;Rontag;$ 24117.11;40%;$ 14470.27
13716;naproxeno;NAPRONTAG 24;750 mg comp.x 30;Rontag;$ 66178.36;40%;$ 39707.02
32717;paroxetina;DATEVAN;20 mg comp.x 10;Rontag;$ 14002.87;50%;$ 7001.44
32718;paroxetina;DATEVAN;20 mg comp.x 30;Rontag;$ 42007.72;50%;$ 21003.86
41635;rasagilina;RASAX;1 mg comp.x 30;Rontag;$ 29817.9;50%;$ 14908.95
32728;sertralina;SERLINA;100 mg comp.x 30;Rontag;$ 49828.26;50%;$ 24914.13
32727;sertralina;SERLINA;50 mg comp.x 30;Rontag;$ 29324.13;50%;$ 14662.07
8539;sodio,picosulfato;TRALI;8 mg/ml gts.x 30 ml;Rontag;$ 11776.04;50%;$ 5888.02
34156;tibolona;TOCLINE;2.5 mg comp.x 30;Rontag;$ 32101.06;50%;$ 16050.53
32873;venlafaxina;GANAVAX;37.5 mg comp.x 30;Rontag;$ 28607.19;50%;$ 14303.6
32874;venlafaxina;GANAVAX;50 mg comp.x 30;Rontag;$ 21235.69;50%;$ 10617.85
32875;venlafaxina;GANAVAX;75 mg comp.x 30;Rontag;$ 29045.99;50%;$ 14523
40384;acenocumarol;ACENOCOUMAROL ROSPAW;4 mg comp.x 20;Rospaw;$ 12842.73;80%;$ 2568.55
45721;alprazolam;ROSPAZ;0.50 mg comp.x 30;Rospaw;$ 4413;50%;$ 2206.5
45722;alprazolam;ROSPAZ;0.50 mg comp.x 60;Rospaw;$ 7936.68;50%;$ 3968.34
45723;alprazolam;ROSPAZ;1 mg comp.x 30;Rospaw;$ 6582.54;50%;$ 3291.27
45724;alprazolam;ROSPAZ;1 mg comp.x 60;Rospaw;$ 12686.28;50%;$ 6343.14
45725;alprazolam;ROSPAZ;2 mg comp.x 30;Rospaw;$ 10009.32;50%;$ 5004.66
45726;alprazolam;ROSPAZ;2 mg comp.x 60;Rospaw;$ 19705.75;50%;$ 9852.88
48280;amitriptilina;AMIPTRIL;25 mg comp.x 30;Rospaw;$ 14624.79;50%;$ 7312.4
48281;amitriptilina;AMIPTRIL;75 mg comp.x 30;Rospaw;$ 21731.48;50%;$ 10865.74
47429;amlodipina;AMLOPAW;10 mg comp.x 10;Rospaw;$ 8488.96;60%;$ 3395.58
47430;amlodipina;AMLOPAW;10 mg comp.x 30;Rospaw;$ 25357.55;60%;$ 10143.02
47431;amlodipina;AMLOPAW;10 mg comp.x 50;Rospaw;$ 35274.2;60%;$ 14109.68
47426;amlodipina;AMLOPAW;5 mg comp.x 10;Rospaw;$ 4492.81;60%;$ 1797.12
47427;amlodipina;AMLOPAW;5 mg comp.x 30;Rospaw;$ 13814.66;60%;$ 5525.86
47428;amlodipina;AMLOPAW;5 mg comp.x 60;Rospaw;$ 25241.66;60%;$ 10096.66
60769;aripiprazol;APECUR;10 mg comp.x 30;Rospaw;$ 27097.3;50%;$ 13548.65
60770;aripiprazol;APECUR;15 mg comp.x 30;Rospaw;$ 39458.34;50%;$ 19729.17
60771;aripiprazol;APECUR;20 mg comp.x 15;Rospaw;$ 25130.62;50%;$ 12565.31
60768;aripiprazol;APECUR;5 mg comp.x 30;Rospaw;$ 24696.93;50%;$ 12348.47
42289;biperideno;BIPERIDENO ROSPAW;2 mg comp.x 20;Rospaw;$ 7990.55;80%;$ 1598.11
35824;biperideno;BIPERIDENO ROSPAW;2 mg comp.x 60;Rospaw;$ 20685.98;80%;$ 4137.2
52861;carvedilol;CARVIPAW;12.5 mg comp.x 30;Rospaw;$ 13001.64;60%;$ 5200.66
52862;carvedilol;CARVIPAW;25 mg comp.x 30;Rospaw;$ 16013.46;60%;$ 6405.38
52859;carvedilol;CARVIPAW;3.125 mg comp.x 30;Rospaw;$ 93.4;60%;$ 37.36
52863;carvedilol;CARVIPAW;50 mg comp.x 30;Rospaw;$ 217;60%;$ 86.8
52860;carvedilol;CARVIPAW;6.25 mg comp.x 30;Rospaw;$ 10403.19;60%;$ 4161.28
55680;cilostazol;CILOSPAW;100 mg comp.x 30;Rospaw;$ 29588.3;60%;$ 11835.32
55681;cilostazol;CILOSPAW;100 mg comp.x 60;Rospaw;$ 59246.42;60%;$ 23698.57
55678;cilostazol;CILOSPAW;50 mg comp.x 30;Rospaw;$ 15519.16;60%;$ 6207.66
55679;cilostazol;CILOSPAW;50 mg comp.x 60;Rospaw;$ 30418.22;60%;$ 12167.29
45717;clonazepam;CLONAZEPAM ROSPAW;0.5 mg comp.birran.x30;Rospaw;$ 8752.69;50%;$ 4376.35
45718;clonazepam;CLONAZEPAM ROSPAW;0.5 mg comp.birran.x60;Rospaw;$ 13465.05;50%;$ 6732.53
47720;clonazepam;CLONAZEPAM ROSPAW;1 mg comp.birran.x 30;Rospaw;$ 8666.47;50%;$ 4333.24
47721;clonazepam;CLONAZEPAM ROSPAW;1 mg comp.birran.x 60;Rospaw;$ 11507.31;50%;$ 5753.66
45719;clonazepam;CLONAZEPAM ROSPAW;2 mg comp.birran.x 30;Rospaw;$ 9110.43;80%;$ 1822.09
45720;clonazepam;CLONAZEPAM ROSPAW;2 mg comp.birran.x 60;Rospaw;$ 12097.62;80%;$ 2419.52
43183;clopidogrel;CLOPIDOGREL ROSPAW;75 mg comp.x 10;Rospaw;$ 21909.87;50%;$ 10954.94
41961;clopidogrel;CLOPIDOGREL ROSPAW;75 mg comp.x 30;Rospaw;$ 57337.79;50%;$ 28668.9
35828;clozapina;CLOZAPINA ROSPAW;100 mg comp.x 100;Rospaw;$ 210592.44;100%;$ 0
35827;clozapina;CLOZAPINA ROSPAW;100 mg comp.x 30;Rospaw;$ 80279.56;100%;$ 0
52148;clozapina;CLOZAPINA ROSPAW;100 mg comp.x 90;Rospaw;$ 167121.71;100%;$ 0
28644;codeína+paracetamol;G.N.O. CP;comp.x 10;Rospaw;$ 1088.5;40%;$ 653.1
28645;codeína+paracetamol;G.N.O. CP;comp.x 20;Rospaw;$ 1545.33;40%;$ 927.2
54877;donepecilo;LUPRACIL;10 mg comp.rec.x 30;Rospaw;$ 38551.41;50%;$ 19275.71
54878;donepecilo;LUPRACIL;10 mg comp.rec.x 60;Rospaw;$ 74824.28;50%;$ 37412.14
54875;donepecilo;LUPRACIL;5 mg comp.rec.x 30;Rospaw;$ 33496.35;50%;$ 16748.18
54876;donepecilo;LUPRACIL;5 mg comp.rec.x 60;Rospaw;$ 63456.11;50%;$ 31728.06
54583;escitalopram;ROSTALOPRAM;10 mg comp.rec.x 15;Rospaw;$ 19061.55;50%;$ 9530.78
54584;escitalopram;ROSTALOPRAM;10 mg comp.rec.x 30;Rospaw;$ 35801.96;50%;$ 17900.98
54585;escitalopram;ROSTALOPRAM;20 mg comp.rec.x 15;Rospaw;$ 35034.04;50%;$ 17517.02
54586;escitalopram;ROSTALOPRAM;20 mg comp.rec.x 30;Rospaw;$ 59427.17;50%;$ 29713.59
48441;fenobarbital;FENROS;100 mg comp.x 20;Rospaw;$ 10464.89;80%;$ 2092.98
48442;fenobarbital;FENROS;100 mg comp.x 60;Rospaw;$ 23039.32;80%;$ 4607.86
48440;fenobarbital;FENROS;15 mg comp.x 30;Rospaw;$ 9040.65;80%;$ 1808.13
49248;flunitrazepam;MIRPAW;1 mg comp.x 30;Rospaw;$ 11500.09;50%;$ 5750.05
55207;ketorolac trometamina;KETIAL RAPID;10 mg comp.subl.x 10;Rospaw;$ 8321.75;50%;$ 4160.88
55203;ketorolac trometamina;KETIAL;10 mg comp.x 10;Rospaw;$ 6588.27;50%;$ 3294.14
55204;ketorolac trometamina;KETIAL;10 mg comp.x 20;Rospaw;$ 9959.1;50%;$ 4979.55
55205;ketorolac trometamina;KETIAL;20 mg comp.x 10;Rospaw;$ 8642.57;50%;$ 4321.29
55206;ketorolac trometamina;KETIAL;20 mg comp.x 20;Rospaw;$ 14517.39;50%;$ 7258.7
49860;levomepromazina;MEPROZIN;100 mg comp.x 30;Rospaw;$ 28649.39;50%;$ 14324.7
49858;levomepromazina;MEPROZIN;2 mg comp.x 30;Rospaw;$ 8203.81;50%;$ 4101.91
49859;levomepromazina;MEPROZIN;25 mg comp.x 30;Rospaw;$ 17175.96;50%;$ 8587.98
48438;loperamida;LOPERIX;2 mg comp.x 10;Rospaw;$ 5730.1;50%;$ 2865.05
48439;loperamida;LOPERIX;2 mg comp.x 20;Rospaw;$ 8556.67;50%;$ 4278.34
45416;losartán;VINTEX;100 mg comp.rec.x 30;Rospaw;$ 28649.92;60%;$ 11459.97
45415;losartán;VINTEX;50 mg comp.rec.x 30;Rospaw;$ 21570.47;60%;$ 8628.19
46018;metformina;METFORMINA ROSPAW 850 AP;850 mg comp.rec.AP x 30;Rospaw;$ 10404.28;100%;$ 0
46019;metformina;METFORMINA ROSPAW 850 AP;850 mg comp.rec.AP x 60;Rospaw;$ 20470.73;100%;$ 0
46016;metformina;METFORMINA ROSPAW 500;comp.rec.x 30;Rospaw;$ 5086.9;100%;$ 0
46017;metformina;METFORMINA ROSPAW 500;comp.rec.x 60;Rospaw;$ 10136.48;100%;$ 0
26921;morfina,clorhidrato;G.N.O. 30 MG;comp.x 10;Rospaw;$ 20076.74;50%;$ 10038.37
26922;morfina,clorhidrato;G.N.O. 30 MG;comp.x 20;Rospaw;$ 30468.31;50%;$ 15234.16
22425;morfina,clorhidrato;G.N.O. 60 MG;comp.x 30;Rospaw;$ 53319.75;50%;$ 26659.88
15729;morfina,clorhidrato;G.N.O. 30 MG;comp.x 50;Rospaw;$ 73856.87;50%;$ 36928.44
15730;morfina,clorhidrato;G.N.O. 60 MG;comp.x 50;Rospaw;$ 84610.37;50%;$ 42305.19
48278;olanzapina;OLANZAPINA  ROSPAW;10 mg comp.x 14;Rospaw;$ 90726.37;50%;$ 45363.19
48279;olanzapina;OLANZAPINA  ROSPAW;10 mg comp.x 28;Rospaw;$ 172283.04;50%;$ 86141.52
48276;olanzapina;OLANZAPINA  ROSPAW;5 mg comp.x 14;Rospaw;$ 46150.57;50%;$ 23075.29
48277;olanzapina;OLANZAPINA  ROSPAW;5 mg comp.x 28;Rospaw;$ 86551.27;50%;$ 43275.64
52187;paroxetina;PAROXIN;10 mg comp.rec.x 30;Rospaw;$ 18597.9;50%;$ 9298.95
52188;paroxetina;PAROXIN;20 mg comp.rec.x 30;Rospaw;$ 39028.45;50%;$ 19514.23
52189;paroxetina;PAROXIN;30 mg comp.rec.x 30;Rospaw;$ 492.55;50%;$ 246.28
52190;paroxetina;PAROXIN;40 mg comp.rec.x 30;Rospaw;$ 645.17;50%;$ 322.59
54892;pregabalina;SERIPRAN;150 mg cáps.x 30;Rospaw;$ 53597.88;50%;$ 26798.94
54893;pregabalina;SERIPRAN;150 mg cáps.x 60;Rospaw;$ 3421.34;50%;$ 1710.67
54886;pregabalina;SERIPRAN;25 mg cáps.x 30;Rospaw;$ 11177.64;50%;$ 5588.82
54887;pregabalina;SERIPRAN;25 mg cáps.x 60;Rospaw;$ 656.59;50%;$ 328.3
54894;pregabalina;SERIPRAN;300 mg cáps.x 30;Rospaw;$ 75400.87;50%;$ 37700.44
54895;pregabalina;SERIPRAN;300 mg cáps.x 60;Rospaw;$ 4478.5;50%;$ 2239.25
54888;pregabalina;SERIPRAN;50 mg cáps.x 30;Rospaw;$ 20679.79;50%;$ 10339.9
54889;pregabalina;SERIPRAN;50 mg cáps.x 60;Rospaw;$ 1412;50%;$ 706
54897;pregabalina;SERIPRAN;75 mg comp.ran.dividsx60;Rospaw;$ 1197.5;50%;$ 598.75
54890;pregabalina;SERIPRAN;75 mg cáps.x 30;Rospaw;$ 35391.18;50%;$ 17695.59
54891;pregabalina;SERIPRAN;75 mg cáps.x 60;Rospaw;$ 1975.45;50%;$ 987.73
54896;pregabalina;SERIPRAN;75mg comp.ran.divids.x30;Rospaw;$ 32199.15;50%;$ 16099.58
54550;prometazina;ROSTAZINA;25 mg comp.rec.x 30;Rospaw;$ 5435.75;50%;$ 2717.88
45756;quetiapina;QUETIAROS;100 mg comp.x 30;Rospaw;$ 86283.29;50%;$ 43141.65
45757;quetiapina;QUETIAROS;200 mg comp.x 30;Rospaw;$ 112918.91;50%;$ 56459.46
45755;quetiapina;QUETIAROS;25 mg comp.x 30;Rospaw;$ 51430.49;50%;$ 25715.25
43219;sertralina;SERTRALINA ROSPAW;100 mg comp.x 30;Rospaw;$ 46088.06;50%;$ 23044.03
43218;sertralina;SERTRALINA ROSPAW;50 mg comp.x 30;Rospaw;$ 27849.79;50%;$ 13924.9
57306;venlafaxina;FAXIPAW;25 mg comp.x 30;Rospaw;$ 9540.14;50%;$ 4770.07
57307;venlafaxina;FAXIPAW;50 mg comp.x 30;Rospaw;$ 12955.32;50%;$ 6477.66
57308;venlafaxina;FAXIPAW;75 mg comp.x 30;Rospaw;$ 18311.06;50%;$ 9155.53
48437;zolpidem;DORMI-ROS;10 mg comp.x 30;Rospaw;$ 13292.91;50%;$ 6646.46
46284;fosfato disódico+fosfato monosód;ESIEN;sol.oral x 45 ml;Rossmore Pharma;$ 34672.1;50%;$ 17336.05
50456;itopride;DOMEKA;50 mg comp.x 10;Rossmore Pharma;$ 25263.45;50%;$ 12631.73
50124;itopride;DOMEKA;50 mg comp.x 30;Rossmore Pharma;$ 30326.3;50%;$ 15163.15
50125;itopride;DOMEKA;50 mg comp.x 60;Rossmore Pharma;$ 47841.43;50%;$ 23920.72
48414;otilonio,bromuro;DRIMAVIN;comp.x 20;Rossmore Pharma;$ 14909.46;50%;$ 7454.73
48415;otilonio,bromuro;DRIMAVIN;comp.x 60;Rossmore Pharma;$ 31806.99;50%;$ 15903.5
47954;peg 3350+asoc.;SINASTAL;sobres x 4;Rossmore Pharma;$ 69345.12;50%;$ 34672.56
46351;trimebutina;NEOTINA;comp.x 30;Rossmore Pharma;$ 12638.88;50%;$ 6319.44
47575;trimebutina;NEOTINA;comp.x 60;Rossmore Pharma;$ 26553.46;50%;$ 13276.73
49382;ursodesoxicólico,ác.;URSOTOP;300 mg comp.x 30;Rossmore Pharma;$ 37500.77;50%;$ 18750.39
49383;ursodesoxicólico,ác.;URSOTOP;300 mg comp.x 50;Rossmore Pharma;$ 58120.63;50%;$ 29060.32
35835;alprazolam+domperidona+asoc.;SIDOMAL;comp.x 30;Sanitas;$ 16650;40%;$ 9990
49527;budesonide;BUDECORT ENEMA;2 mg enema x 7;Sanitas;$ 95583.16;80%;$ 19116.63
21669;claritromicina;MACROMICINA;500 mg comp.x 16;Sanitas;$ 27877.28;60%;$ 11150.91
46264;domperidona+enzimas digest.+asoc;DOM POLIENZIM 200;grag.x 30;Sanitas;$ 1195.52;40%;$ 717.31
46265;domperidona+simeticona;DOM SIMECON;comp.x 30;Sanitas;$ 19218;40%;$ 11530.8
46266;enzimas digestivas+asoc.;POLIENZIM;200 mg grag.x 30;Sanitas;$ 15656.81;50%;$ 7828.41
42057;mosapride;GASTROKIN;5 mg comp.rec.x 30;Sanitas;$ 14360.9;50%;$ 7180.45
60227;peg 3350;LUMENCOL 2F;fr. x 2 x 70 g;Sanitas;$ 55525.44;50%;$ 27762.72
51012;peg 3350+asoc.;LUMENCOL;bidón x 4 l;Sanitas;$ 43899.68;50%;$ 21949.84
46267;simeticona;SIMECON 250;grag.x 30;Sanitas;$ 11831.48;50%;$ 5915.74
51011;sodio,fosfato+asoc.;FOSFACOL 1F;fco.x 1 x 45 ml;Sanitas;$ 16087.12;50%;$ 8043.56
44455;sodio,fosfato+asoc.;FOSFACOL 2F;fco.x 2 x 45 ml;Sanitas;$ 29248.62;50%;$ 14624.31
44924;sucralfato;GASTROMED;susp.x 200 ml;Sanitas;$ 17411.66;50%;$ 8705.83
33431;trimebutina;COLIXANE 200;comp.x 30;Sanitas;$ 13762;50%;$ 6881
46263;trimebutina+bromazepam;COLIXANE B;comp.x 30;Sanitas;$ 17592;40%;$ 10555.2
45677;trimebutina+domperidona+simetic.;COLIXANE DISTEN;comp.x 60 (30+30);Sanitas;$ 32892;40%;$ 19735.2
46269;ursodesoxicólico,ác.;UTRAL 300;300 mg comp.x 30;Sanitas;$ 45975.27;50%;$ 22987.64
46270;ursodesoxicólico,ác.;UTRAL 300;300 mg comp.x 60;Sanitas;$ 90633.97;50%;$ 45316.99
20518;antígeno hepatitis a;AVAXIM;jga.prell.x 0.5 ml;Sanofi Health A;$ 81654.86;50%;$ 40827.43
33939;antígeno hepatitis a;AVAXIM 80 U PEDIATRICO;jga.prell.x 0.5 ml;Sanofi Health A;$ 66849.99;50%;$ 33425
24117;antígeno hepatitis b;HEPATIVAX JUNIOR;f.a.x 1 ds.x 0.5 ml;Sanofi Health A;$ 2913.64;50%;$ 1456.82
23846;antígeno hepatitis b;HEPATIVAX;f.a.x 1 ds.x 1 ml;Sanofi Health A;$ 3596.66;50%;$ 1798.33
23207;antígenos virus influenza;ISTIVAC JUNIOR;Ped.jga.prell.x 0.25 ml;Sanofi Health A;$ 960.94;50%;$ 480.47
55218;antígenos virus influenza;ISTIVAC 4;jga.prell.x 1 x 0.5 ml;Sanofi Health A;$ 30874.64;50%;$ 15437.32
14295;toxoide tetánico;TETAVAX;jga.prell.x 0.5 ml;Sanofi Health A;$ 2091.36;50%;$ 1045.68
26161;toxoide tetánico+diftérico;IMOVAX DT ADULTOS;jga.prell.x 0.5 ml;Sanofi Health A;$ 915.84;50%;$ 457.92
45803;accesorio;CLIKSTAR;Disposit.iny.insulina x1;Sanofi-Aventis;$ 6090.26;100%;$ 0
28377;alfuzosina,clorh.;UROXATRAL OD;10 mg comp.lib.prol.x 30;Sanofi-Aventis;$ 5390.96;50%;$ 2695.48
49355;betametasona (acet.y fosf.disod);DELTISONA RETARD;fco.a.x 1 x 2 ml+jeringa;Sanofi-Aventis;$ 609.82;50%;$ 304.91
11459;ciclopirox;LOPROX;laca x 3 ml;Sanofi-Aventis;$ 469.2;50%;$ 234.6
9522;ciprofibrato;ESTAPROL;100 mg caps.x 30;Sanofi-Aventis;$ 3471.3;60%;$ 1388.52
14555;ciprofibrato;ESTAPROL;100 mg caps.x 60;Sanofi-Aventis;$ 3747.03;60%;$ 1498.81
44514;clopidogrel;PLAVIX;300 mg comp.rec.x 4;Sanofi-Aventis;$ 1138.26;50%;$ 569.13
22961;clopidogrel;PLAVIX;75 mg comp.rec.x 14;Sanofi-Aventis;$ 2490.52;50%;$ 1245.26
22962;clopidogrel;PLAVIX;75 mg comp.rec.x 28;Sanofi-Aventis;$ 12931.4;50%;$ 6465.7
46204;clopidogrel+acetilsalicílico,ác.;COPLAVIX;comp.rec.x 28;Sanofi-Aventis;$ 3330.32;50%;$ 1665.16
7082;cloroquina;NIVAQUINE;comp.x 30;Sanofi-Aventis;$ 1372.81;50%;$ 686.41
11188;deflazacort;AZACORTID;30 mg comp.x 20;Sanofi-Aventis;$ 9282.64;50%;$ 4641.32
13845;deflazacort;FLAMIREX 30;30 mg comp.x 20;Sanofi-Aventis;$ 537.58;50%;$ 268.79
3232;deflazacort;AZACORTID;6 mg comp.x 20;Sanofi-Aventis;$ 1349.98;50%;$ 674.99
18695;enoxaparina sódica;CLEXANE;100 mg jga.prell.x 10;Sanofi-Aventis;$ 623914.38;60%;$ 249565.75
13528;enoxaparina sódica;CLEXANE;20 mg jga.prell.x 10;Sanofi-Aventis;$ 144648.52;60%;$ 57859.41
21319;enoxaparina sódica;CLEXANE;20 mg jga.prell.x 2;Sanofi-Aventis;$ 1015.07;60%;$ 406.03
13530;enoxaparina sódica;CLEXANE;40 mg jga.prell.x 10;Sanofi-Aventis;$ 281609.31;60%;$ 112643.72
21320;enoxaparina sódica;CLEXANE;40 mg jga.prell.x 2;Sanofi-Aventis;$ 56319.74;60%;$ 22527.9
18693;enoxaparina sódica;CLEXANE;60 mg jga.prell.x 10;Sanofi-Aventis;$ 397028.12;60%;$ 158811.25
18694;enoxaparina sódica;CLEXANE;80 mg jga.prell.x 10;Sanofi-Aventis;$ 524420.23;60%;$ 209768.09
16419;espiramicina;ROVAMYCINE;3 MUI comp.x 20;Sanofi-Aventis;$ 52916.81;50%;$ 26458.41
40005;espironolactona+furosemida;LASILACTON;25 mg caps.x 30;Sanofi-Aventis;$ 431.89;50%;$ 215.95
13431;espironolactona+furosemida;LASILACTON;50 mg caps.x 30;Sanofi-Aventis;$ 597.3;50%;$ 298.65
49436;furosemida;LASIX;40 mg comp.x 30;Sanofi-Aventis;$ 18437.42;80%;$ 3687.48
4315;furosemida;LASIX;40 mg comp.x 50;Sanofi-Aventis;$ 30730.43;80%;$ 6146.09
50137;furosemida;LASIX;40 mg comp.x 60;Sanofi-Aventis;$ 36877.53;80%;$ 7375.51
4314;furosemida;LASIX;a.x 10 x 2 ml;Sanofi-Aventis;$ 1496.17;80%;$ 299.23
4289;glibenclamida;DAONIL;comp.x 30;Sanofi-Aventis;$ 397.38;100%;$ 0
4290;glibenclamida;DAONIL;comp.x 60;Sanofi-Aventis;$ 645.88;100%;$ 0
17743;glimepiride;AMARYL;2 mg comp.x 30;Sanofi-Aventis;$ 19821.86;100%;$ 0
17744;glimepiride;AMARYL;2 mg comp.x 60;Sanofi-Aventis;$ 1337.77;100%;$ 0
17745;glimepiride;AMARYL;4 mg comp.x 15;Sanofi-Aventis;$ 1265.03;100%;$ 0
17746;glimepiride;AMARYL;4 mg comp.x 30;Sanofi-Aventis;$ 34964.4;100%;$ 0
42579;glimepiride+metformina;AMARYL M;2 mg/1 g comp.rec.x 30;Sanofi-Aventis;$ 722.29;50%;$ 361.15
42581;glimepiride+metformina;AMARYL M;4 mg/1 g comp.rec.x 30;Sanofi-Aventis;$ 1337.77;50%;$ 668.89
41517;insulina glargina;INSULINA LANTUS SOLOSTAR;100UI/ml lap.prellx5x3ml;Sanofi-Aventis;$ 235603.7;100%;$ 0
53290;insulina glargina;TOUJEO;300U/ml lapicerax3x1.5ml;Sanofi-Aventis;$ 205680.67;100%;$ 0
32734;insulina glargina;INSULINA LANTUS;cart.x 5 x 3 ml;Sanofi-Aventis;$ 235603.7;100%;$ 0
41518;insulina glulisina;INSULINA APIDRA SOLOSTAR;100UI/ml lap.prellx5x3ml;Sanofi-Aventis;$ 232337.8;100%;$ 0
47620;insulina humana;INSULINA INSUMAN N SOLOSTAR;100UI lap.prell.x 5 x3ml;Sanofi-Aventis;$ 33047.1;100%;$ 0
26450;insulina humana;INSULINA INSUMAN;N 100 UI cart.x 5 x 3 ml;Sanofi-Aventis;$ 4520.99;100%;$ 0
26449;insulina humana;INSULINA INSUMAN;N 100 UI vial x 1 x 5 ml;Sanofi-Aventis;$ 1480.22;100%;$ 0
26448;insulina humana;INSULINA INSUMAN;R 100 UI cart.x 5 x 3 ml;Sanofi-Aventis;$ 3980.87;100%;$ 0
26447;insulina humana;INSULINA INSUMAN;R 100 UI vial x 1 x 5 ml;Sanofi-Aventis;$ 1368.55;100%;$ 0
21104;irbesartán;APROVEL 150;150 mg comp.x 28;Sanofi-Aventis;$ 53628.34;60%;$ 21451.34
21106;irbesartán;APROVEL 300;300 mg comp.x 28;Sanofi-Aventis;$ 70501.76;60%;$ 28200.7
48990;irbesartán+amlodipino;APROVASC;150/5mg comp.rec.x 28;Sanofi-Aventis;$ 44255.12;50%;$ 22127.56
48991;irbesartán+amlodipino;APROVASC;300/10mg comp.rec.x 28;Sanofi-Aventis;$ 44255.12;50%;$ 22127.56
48992;irbesartán+amlodipino;APROVASC;300/5mg comp.rec.x 28;Sanofi-Aventis;$ 44255.12;50%;$ 22127.56
25076;irbesartán+hidroclorotiazida;CO APROVEL 150/12.5MG;150/12.5 mg comp.x 28;Sanofi-Aventis;$ 53628.34;50%;$ 26814.17
25077;irbesartán+hidroclorotiazida;CO APROVEL 300/12.5MG;300/12.5 mg comp.x 28;Sanofi-Aventis;$ 70501.76;50%;$ 35250.88
41715;irbesartán+hidroclorotiazida;CO APROVEL 300/25 MG;300/25 mg comp.x 28;Sanofi-Aventis;$ 3259.87;50%;$ 1629.94
5080;isoniacida;NICOTIBINA;300 mg comp.x 30;Sanofi-Aventis;$ 275.23;50%;$ 137.62
23537;leflunomida;ARAVA;20 mg comp.x 30;Sanofi-Aventis;$ 5925.24;50%;$ 2962.62
10992;levomepromazina;NOZINAN;2 mg comp.x 30;Sanofi-Aventis;$ 501.95;50%;$ 250.98
10993;levomepromazina;NOZINAN;2.5% iny.x 5 x 1 ml;Sanofi-Aventis;$ 1094.69;50%;$ 547.35
49583;metformina;QUEXEL SR 1000;1000 mg comp.rec.AP x 30;Sanofi-Aventis;$ 1174.9;100%;$ 0
49581;metformina;QUEXEL SR 500;500 mg comp.rec.AP x 30;Sanofi-Aventis;$ 302.65;100%;$ 0
49582;metformina;QUEXEL SR 850;850 mg comp.rec.AP x 30;Sanofi-Aventis;$ 881.43;100%;$ 0
7064;metronidazol+asoc.;FLAGYSTATIN;ov.x 10;Sanofi-Aventis;$ 1098;50%;$ 549
49358;montelukast;AMISPED;10 mg comp.rec.x 30;Sanofi-Aventis;$ 3932.83;50%;$ 1966.42
49356;montelukast;AMISPED PEDIATRICO;4 mg comp.mast.x 30;Sanofi-Aventis;$ 1996.3;50%;$ 998.15
49357;montelukast;AMISPED PEDIATRICO;5 mg comp.mast.x 30;Sanofi-Aventis;$ 3711.5;50%;$ 1855.75
23103;pentoxifilina;TRENTAL 600;600 mg comp.rec.x 40;Sanofi-Aventis;$ 1907.56;50%;$ 953.78
48787;pentoxifilina;TRENTAL 400;comp.rec.lib.modif.x 30;Sanofi-Aventis;$ 433.18;50%;$ 216.59
48813;pentoxifilina;TRENTAL 400;comp.rec.lib.modif.x 60;Sanofi-Aventis;$ 1907.56;50%;$ 953.78
7056;prometazina;FENERGAN;comp.rec.x 30;Sanofi-Aventis;$ 866.69;50%;$ 433.35
10991;prometazina;FENERGAN;iny.a.x 5;Sanofi-Aventis;$ 597.78;50%;$ 298.89
7077;propericiazina;NEULEPTIL;gts.x 30 ml;Sanofi-Aventis;$ 205.57;50%;$ 102.79
5100;rifamicina;RIFOCINA;pda.derm.x 20 g;Sanofi-Aventis;$ 672.45;60%;$ 268.98
5101;rifamicina;RIFOCINA;spray x 30 ml;Sanofi-Aventis;$ 7981.47;60%;$ 3192.59
43052;rifamicina;RIFOCINA;spray x 30 ml pack x 3;Sanofi-Aventis;$ 448.67;60%;$ 179.47
5094;rifampicina;RIFADIN;300 mg caps.x 8;Sanofi-Aventis;$ 1026.76;60%;$ 410.7
5099;rifampicina+isoniacida;RIFINAH;caps.x 30;Sanofi-Aventis;$ 732.91;50%;$ 366.46
11778;vigabatrin;SABRIL;500 mg comp.x 60;Sanofi-Aventis;$ 97870.6;80%;$ 19574.12
42613;zolpidem;AMBIEN CR;12.5 mg comp.x 28;Sanofi-Aventis;$ 794.07;50%;$ 397.04
42614;zolpidem;AMBIEN CR;6.25 mg comp.x 28;Sanofi-Aventis;$ 610.69;50%;$ 305.35
49016;ambroxol+butetamato;AXIV TOSTOP COMPLEX;jbe.x 120 ml;Savant Consumer;$ 9557.83;50%;$ 4778.92
40193;atorvastatín;FABOXIM;20 mg comp.rec.x 30;Savant Consumer;$ 442.4;60%;$ 176.96
33719;cilostazol;CIBROGAN;100 mg comp.x 30;Savant Consumer;$ 598.42;60%;$ 239.37
27579;cistina+asoc.;CISTINA B6;comp.rec.x 30;Savant Consumer;$ 12064.5;40%;$ 7238.7
31574;cistina+asoc.;CISTINA B6;shamp.x 150 ml;Savant Consumer;$ 26001.1;40%;$ 15600.66
53247;clopidogrel;CLODINAREL;75 mg comp.x 30;Savant Consumer;$ 1476.63;50%;$ 738.32
47797;diosmina+hesperidina micronizada;VARINON;comp.rec.x 60;Savant Consumer;$ 777;40%;$ 466.2
50256;ibuprofeno;FABOGESIC 600 RAPIDA ACCION;cáps.gelat.blanda x 10;Savant Consumer;$ 9849;40%;$ 5909.4
47036;paracetamol+pseudoefedrina+asoc.;GRIPABEN SOLUCION ORAL;env.x 100 ml;Savant Consumer;$ 9399;40%;$ 5639.4
18225;psyllium;MOTIONAL;pvo.x 400 g;Savant Consumer;$ 47642.73;50%;$ 23821.37
8755;siliconas;SILICOL;cr.x 100 g;Savant Consumer;$ 23777.12;50%;$ 11888.56
21723;vit.b6+asoc.;LAURINOL;shamp.x 150 ml;Savant Consumer;$ 470.92;40%;$ 282.55
7132;vit.b6+asoc.;LAURINOL PLUS;shamp.x 240 ml;Savant Consumer;$ 14610.59;40%;$ 8766.35
58348;acetilsalicílico,ác.;NUEVAPINA CARDIO;100 mg comp.x 50;Savant Generic;$ 7094.89;60%;$ 2837.96
55969;amlodipina;OTERAMINA;10 mg comp.x 30;Savant Generic;$ 10048.14;60%;$ 4019.26
33808;amoxicilina;FABAMOX;500 mg comp.rec.x 16;Savant Generic;$ 878.9;60%;$ 351.56
53246;amoxicilina;FABAMOX;500 mg comp.rec.x 21;Savant Generic;$ 508.4;60%;$ 203.36
33807;amoxicilina;FABAMOX;500 mg comp.rec.x 8;Savant Generic;$ 3229.52;60%;$ 1291.81
33810;amoxicilina;FABAMOX;500 mg/5 ml susp.x 90 ml;Savant Generic;$ 10909.05;60%;$ 4363.62
41561;amoxicilina;FABAMOX PLUS;875 mg comp.rec.x 14;Savant Generic;$ 10491.9;60%;$ 4196.76
47558;amoxicilina+ambroxol;FABAMOX BRONQUIAL;500/30 mg comp.rec.x 16;Savant Generic;$ 1053.18;50%;$ 526.59
47559;amoxicilina+ambroxol;FABAMOX BRONQUIAL;875/60 mg comp.rec.x 14;Savant Generic;$ 1170.33;50%;$ 585.17
46653;amoxicilina+clavulánico,ác.;FABAMOX DUO SUSPENSION;400/57 mg susp.x 70 ml;Savant Generic;$ 13851.74;60%;$ 5540.7
40197;amoxicilina+clavulánico,ác.;FABAMOX DUO;500/125 mg comp.rec.x 16;Savant Generic;$ 22401.92;60%;$ 8960.77
41784;amoxicilina+clavulánico,ác.;FABAMOX DUO 1 GR;875/125 mg comp.rec.x 14;Savant Generic;$ 22527.96;60%;$ 9011.18
50012;atorvastatín;LIPEND;10 mg comp.x 30;Savant Generic;$ 28050.19;60%;$ 11220.08
50013;atorvastatín;LIPEND;20 mg comp.x 30;Savant Generic;$ 47489.01;60%;$ 18995.6
50810;atorvastatín;LIPEND;40 mg comp.x 30;Savant Generic;$ 53697.81;60%;$ 21479.12
49434;azitromicina;IZOTROP;500 mg comp.x 3;Savant Generic;$ 733.29;60%;$ 293.32
53242;azitromicina;IZOTROP;500 mg comp.x 6;Savant Generic;$ 796.82;60%;$ 318.73
50400;carvedilol;CARTIATO;12.5 mg comp.x 30;Savant Generic;$ 6192.2;60%;$ 2476.88
50516;carvedilol;CARTIATO;25 mg comp.x 30;Savant Generic;$ 7649.59;60%;$ 3059.84
50401;carvedilol;CARTIATO;6.25 mg comp.x 30;Savant Generic;$ 5053.42;60%;$ 2021.37
58632;cefalexina;BUTEFINA DUO;1000 mg comp.rec.x 14;Savant Generic;$ 21373.31;60%;$ 8549.32
58626;cefalexina;BUTEFINA;500 mg comp.rec.x 16;Savant Generic;$ 1129;60%;$ 451.6
37683;cefalexina;FABOTOP;500 mg susp.x 90 ml;Savant Generic;$ 759.04;60%;$ 303.62
40205;ciprofloxacina;ATIBAX;500 mg comp.rec.x 10;Savant Generic;$ 1093.89;60%;$ 437.56
40199;claritromicina;SOFERAX;500 mg comp.rec.x 16;Savant Generic;$ 6037.96;60%;$ 2415.18
47271;diclofenac potásico+paracetamol;FLEXIPLEN COMPLEX;50/400 mg comp.rec.x 10;Savant Generic;$ 6040.36;40%;$ 3624.22
53248;diclofenac sódico;FLEXIPLEN CAPSULA BLANDA;50 mg cáps.bl.x 10;Savant Generic;$ 1825.58;40%;$ 1095.35
46099;diclofenac+pridinol;FABOGESIC PLEN;50/4 mg cáps.x 10;Savant Generic;$ 10813.97;40%;$ 6488.38
48219;diclofenac+vit.b12+betametasona;FLEXIPLEN B12;comp.rec.x 15;Savant Generic;$ 18606.71;40%;$ 11164.03
47796;diosmina+hesperidina micronizada;VARINON;comp.rec.x 30;Savant Generic;$ 1049.87;40%;$ 629.92
41497;enalapril;FABOTENSIL;10 mg comp.x 30;Savant Generic;$ 696.63;80%;$ 139.33
46222;enalapril;FABOTENSIL;10 mg comp.x 60;Savant Generic;$ 895.21;80%;$ 179.04
47131;fluconazol;CANSIS;150 mg comp.x 4;Savant Generic;$ 1458.53;50%;$ 729.27
10160;ginkgo biloba;CLARVIX;comp.rec.x 30;Savant Generic;$ 4427.82;40%;$ 2656.69
621;ginkgo biloba;CLARVIX;comp.rec.x 50;Savant Generic;$ 5891.49;40%;$ 3534.89
48452;ketorolac;DUPRAC SL;10 mg comp.subl.x 10;Savant Generic;$ 485.91;50%;$ 242.96
48453;ketorolac;DUPRAC;20 mg comp.x 10;Savant Generic;$ 591.56;50%;$ 295.78
14631;loratadina+betametasona;CIPROCORT L;comp.x 10;Savant Generic;$ 725.37;40%;$ 435.22
41050;lorazepam;CALMATRON;2.5 mg comp.x 50;Savant Generic;$ 299.83;50%;$ 149.92
42038;losartán;JESAN;50 mg comp.x 30;Savant Generic;$ 17402.03;60%;$ 6960.81
50161;metformina;DAZOMET;AP 1000 mg comp.x 60;Savant Generic;$ 20372.8;100%;$ 0
50159;metformina;DAZOMET;AP 500 mg comp.x 60;Savant Generic;$ 1399;100%;$ 0
50160;metformina;DAZOMET;AP 850 mg comp.x 60;Savant Generic;$ 1663;100%;$ 0
47270;norfloxacina;ACTOBIAN;400 mg comp.rec.x 20;Savant Generic;$ 1054.99;60%;$ 422
46792;pregabalina;DOLGENAL;150 mg cáps.x 30;Savant Generic;$ 3424.4;50%;$ 1712.2
46791;pregabalina;DOLGENAL;75 mg cáps.x 30;Savant Generic;$ 2091.92;50%;$ 1045.96
50354;rosuvastatina;COLESTRAX;10 mg comp.x 28;Savant Generic;$ 16650.39;60%;$ 6660.16
50355;rosuvastatina;COLESTRAX;20 mg comp.x 28;Savant Generic;$ 28813.18;60%;$ 11525.27
50515;tióctico,ác.;GABSIK;600 mg comp.rec.x 30;Savant Generic;$ 50678.87;50%;$ 25339.44
16999;antígenos virus influenza;AGRIPPAL S1;jga.prell.x 1;Seqirus;$ 27848.27;50%;$ 13924.14
43068;agomelatina;VALDOXAN;25 mg comp.x 14;Servier;$ 2494.35;50%;$ 1247.18
43069;agomelatina;VALDOXAN;25 mg comp.x 28;Servier;$ 90291.11;50%;$ 45145.56
13576;diosmina+hesperidina micronizada;DAFLON 500;500 mg comp.x 30;Servier;$ 55756.05;40%;$ 33453.63
31293;diosmina+hesperidina micronizada;DAFLON 500;500 mg comp.x 60;Servier;$ 108826.98;40%;$ 65296.19
47316;diosmina+hesperidina micronizada;DAFLON 500;500 mg comp.x 90;Servier;$ 148286.62;40%;$ 88971.97
53244;diosmina+hesperidina micronizada;DAFLON 1000;comp.rec.x 30;Servier;$ 105924.56;40%;$ 63554.74
53245;diosmina+hesperidina micronizada;DAFLON 1000;comp.rec.x 60;Servier;$ 205495.41;40%;$ 123297.25
50329;diosmina+hesperidina micronizada;DAFLON 1000;sachets x 30;Servier;$ 128959.59;40%;$ 77375.75
44843;gliclazida;DIAMICRON MR 60;60 mg comp.lib.mod.x 30;Servier;$ 28340.49;100%;$ 0
49058;gliclazida;DIAMICRON MR 60;60 mg comp.lib.mod.x 60;Servier;$ 55427.88;100%;$ 0
23278;indapamida;NATRILIX SR;1.5 mg comp.rec.x 30;Servier;$ 14893.49;50%;$ 7446.75
43554;ivabradina;PROCORALAN;5 mg comp.rec.x 28;Servier;$ 51480.54;50%;$ 25740.27
39717;ivabradina;PROCORALAN;5 mg comp.rec.x 56;Servier;$ 101465.52;50%;$ 50732.76
43555;ivabradina;PROCORALAN;7.5 mg comp.rec.x 28;Servier;$ 56715.06;50%;$ 28357.53
39718;ivabradina;PROCORALAN;7.5 mg comp.rec.x 56;Servier;$ 111621.33;50%;$ 55810.67
42977;perindopril;COVERENE 10;10 mg comp.x 30;Servier;$ 35007.6;80%;$ 7001.52
42976;perindopril;COVERENE;5 mg comp.x 30;Servier;$ 25429.28;80%;$ 5085.86
46415;perindopril+amlodipina;COVERAM 10/10;10/10 comp.x 30;Servier;$ 40166.42;50%;$ 20083.21
46414;perindopril+amlodipina;COVERAM 10/5;10/5 comp.x 30;Servier;$ 40166.42;50%;$ 20083.21
46413;perindopril+amlodipina;COVERAM 5/10;5/10 comp.x 30;Servier;$ 31990.75;50%;$ 15995.38
46412;perindopril+amlodipina;COVERAM 5/5;5/5 comp.x 30;Servier;$ 31990.75;50%;$ 15995.38
46418;perindopril+indapamida;PRETERAX 10;10/2.5mg comp.rec.x 30;Servier;$ 37622.92;50%;$ 18811.46
43975;perindopril+indapamida;PRETERAX;2.5/0.625mg comp.rec.x30;Servier;$ 28780.2;50%;$ 14390.1
43976;perindopril+indapamida;PRETERAX 5;5/1.25mg comp.rec.x30;Servier;$ 37026.79;50%;$ 18513.4
51861;perindopril+indapamida+amlodipin;TRIPLIXAM;10/2.5/10mg comp.rec.x30;Servier;$ 44544.28;50%;$ 22272.14
51860;perindopril+indapamida+amlodipin;TRIPLIXAM;10/2.5/5mg comp.rec.x30;Servier;$ 44544.28;50%;$ 22272.14
51859;perindopril+indapamida+amlodipin;TRIPLIXAM;5/1.25/10mg comp.rec.x30;Servier;$ 5634.24;50%;$ 2817.12
51858;perindopril+indapamida+amlodipin;TRIPLIXAM;5/1.25/5mg comp.rec.x 30;Servier;$ 35466.71;50%;$ 17733.36
23279;piribedil;TRIVASTAL RETARD 50;comp.rec.x 30;Servier;$ 36904.15;50%;$ 18452.08
26027;piribedil;TRIVASTAL RETARD 50;comp.rec.x 60;Servier;$ 72216.25;50%;$ 36108.13
22616;rilmenidina;HYPERIUM;comp.x 30;Servier;$ 3192.94;50%;$ 1596.47
60172;rosuvastatina+ezetimibe;COMBICOL;10/10 mg cáps. x 30;Servier;$ 33205.37;50%;$ 16602.69
60173;rosuvastatina+ezetimibe;COMBICOL;20/10 mg cáps. x 30;Servier;$ 57068.17;50%;$ 28534.09
10306;sulbutiamina;MEGASTENE;200 mg grag.x 20;Servier;$ 1679.95;50%;$ 839.98
15764;sulbutiamina;MEGASTENE;200 mg grag.x 60;Servier;$ 3836.25;50%;$ 1918.13
24086;tianeptina;STABLON;comp.x 60;Servier;$ 774.53;50%;$ 387.27
33416;trimetazidina;VASTAREL LP;comp.x 60;Servier;$ 21280.41;50%;$ 10640.21
18724;alprazolam;PTA;0.5 mg comp.x 30;Sidus;$ 363.1;50%;$ 181.55
18725;alprazolam;PTA;0.5 mg comp.x 60;Sidus;$ 631.59;50%;$ 315.8
18726;alprazolam;PTA;1 mg comp.x 30;Sidus;$ 582.51;50%;$ 291.26
18727;alprazolam;PTA;1 mg comp.x 60;Sidus;$ 1070.89;50%;$ 535.45
26695;alprazolam;PTA;2 mg comp.x 30;Sidus;$ 804.98;50%;$ 402.49
26696;alprazolam;PTA;2 mg comp.x 60;Sidus;$ 1373.48;50%;$ 686.74
32532;amlodipina;CARDIVAS;10 mg comp.ran.x 30;Sidus;$ 19355.16;60%;$ 7742.06
32531;amlodipina;CARDIVAS;5 mg comp.ran.x 30;Sidus;$ 12414.98;60%;$ 4965.99
44654;amlodipina+atorvastatín;TEMAX;10/10 mg comp.x 30;Sidus;$ 34455.71;50%;$ 17227.86
42318;amlodipina+atorvastatín;TEMAX;10/20 mg comp.x 30;Sidus;$ 46450.27;50%;$ 23225.14
42316;amlodipina+atorvastatín;TEMAX;5/10 mg comp.x 30;Sidus;$ 27946.52;50%;$ 13973.26
42317;amlodipina+atorvastatín;TEMAX;5/20 mg comp.x 30;Sidus;$ 41334.92;50%;$ 20667.46
486;amoxicilina;GRINSIL;500 mg comp.x 16;Sidus;$ 7084.28;60%;$ 2833.71
36184;amoxicilina;GRINSIL;500 mg comp.x 21;Sidus;$ 7440.97;60%;$ 2976.39
2999;amoxicilina;GRINSIL;500 mg susp.x 120 ml;Sidus;$ 11841.51;60%;$ 4736.6
40060;amoxicilina;GRINSIL DUO;875 mg comp.x 14;Sidus;$ 10591.29;60%;$ 4236.52
41652;amoxicilina+ambroxol;GRINSIL RESPIRATORIO DUO;875/60 mg comp.x 14;Sidus;$ 17408.27;50%;$ 8704.14
54965;amoxicilina+clavulánico,ác.;ELGYMOX CLAV;1 g comp.rec.x 14;Sidus;$ 20082.96;60%;$ 8033.18
38607;amoxicilina+clavulánico,ác.;GRINSIL CLAV DUO 875;875 mg comp.x 14;Sidus;$ 24108.66;60%;$ 9643.46
55808;carbomer 974 p;LUBROL GEL;gel oft.x 10 g;Sidus;$ 14718;50%;$ 7359
50085;carboximetilcelulosa sód.+asoc.;LUBROL;sol.oft.x 15 ml;Sidus;$ 24320.76;50%;$ 12160.38
35232;carvedilol;DUOBLOC;12.5 mg comp.x 28;Sidus;$ 5284.86;60%;$ 2113.94
35233;carvedilol;DUOBLOC;25 mg comp.x 28;Sidus;$ 6328.29;60%;$ 2531.32
35231;carvedilol;DUOBLOC;6.25 mg comp.x 28;Sidus;$ 4259.58;60%;$ 1703.83
35313;ciprofloxacina+dexametasona;DECADRON CON CIPROFLOXACINA;susp.oft.x 5 ml;Sidus;$ 16043.24;60%;$ 6417.3
50394;claritromicina;CLASID;125 mg pvo.p/prep.x 60ml;Sidus;$ 1018.45;50%;$ 509.23
50395;claritromicina;CLASID;250 mg pvo.p/prep.x 60ml;Sidus;$ 2049.61;50%;$ 1024.81
50392;claritromicina;CLASID;500 mg comp.rec.x 16;Sidus;$ 2297.92;50%;$ 1148.96
50393;claritromicina;CLASID;500 mg comp.rec.x 8;Sidus;$ 1366.47;50%;$ 683.24
46248;clopidogrel;PLATACA;75 mg comp.rec.x 30;Sidus;$ 1027.81;50%;$ 513.91
173;dexametasona+neomicina;DECADRON CON NEOMICINA;0.1% fco.got.x 5 ml;Sidus;$ 13264.41;50%;$ 6632.21
8417;dihidroestreptomicina+asoc.;VAGISAN;óv.x 12;Sidus;$ 14611.89;50%;$ 7305.95
8418;dihidroestreptomicina+asoc.;VAGISAN COMPUESTO;óv.x 7;Sidus;$ 19252.69;50%;$ 9626.35
45654;dorzolamida+timolol;DORZOFLAX;gts.oft.x 5 ml;Sidus;$ 37875.23;60%;$ 15150.09
54402;etoricoxib;FOLDOX;120 mg comp.x 7;Sidus;$ 16476.2;50%;$ 8238.1
54399;etoricoxib;FOLDOX;60 mg comp.x 28;Sidus;$ 3067.8;50%;$ 1533.9
26697;fluoxetina;NERVOSAL;10 mg cáps.x 30;Sidus;$ 1285.74;50%;$ 642.87
26698;fluoxetina;NERVOSAL;10 mg cáps.x 60;Sidus;$ 2174.69;50%;$ 1087.35
23416;fluoxetina;NERVOSAL;20 mg cáps.x 30;Sidus;$ 1349.27;50%;$ 674.64
23417;fluoxetina;NERVOSAL;20 mg cáps.x 60;Sidus;$ 2396.97;50%;$ 1198.49
48457;gatifloxacina;GATIFLAX;sol.oftálmica x 5 ml;Sidus;$ 29350.97;80%;$ 5870.19
52534;gatifloxacina+dexametasona;GATIFLAX D;susp.oftálmica x 5 ml;Sidus;$ 34240.91;50%;$ 17120.46
26686;haloperidol;NEUPRAM;1 mg comp.x 30;Sidus;$ 522.62;60%;$ 209.05
26687;haloperidol;NEUPRAM;1 mg comp.x 60;Sidus;$ 777.27;60%;$ 310.91
26690;haloperidol;NEUPRAM;10 mg comp.x 30;Sidus;$ 1206.08;60%;$ 482.43
26691;haloperidol;NEUPRAM;10 mg comp.x 60;Sidus;$ 2144.48;60%;$ 857.79
26688;haloperidol;NEUPRAM;5 mg comp.x 30;Sidus;$ 871.08;60%;$ 348.43
26689;haloperidol;NEUPRAM;5 mg comp.x 60;Sidus;$ 1675.28;60%;$ 670.11
50903;hidrosmina;VENOSMIL;cáps.x 36;Sidus;$ 2899.34;50%;$ 1449.67
18036;hidrosmina;VENOSMIL;cáps.x 60;Sidus;$ 4117.49;50%;$ 2058.75
17568;hierro+fólico,ác.;RUBIRON;comp.rec.x 30;Sidus;$ 13332.33;50%;$ 6666.17
40007;hierro,sulfato;TARDYFERON;comp.rec.x 30;Sidus;$ 9043.28;50%;$ 4521.64
54963;ketorolac;ELGYDOL;10 mg comp.subl.x 10;Sidus;$ 10372.51;50%;$ 5186.26
37736;latanoprost;LATANOFLAX;50mcg/ml gts.oft.x 2.5ml;Sidus;$ 27446.22;60%;$ 10978.49
60744;latanoprost+timolol;LATANOFLAX T;gts.oft.x 2.5 ml;Sidus;$ 30564.21;50%;$ 15282.11
53117;levofloxacina;SEPTIBIOTIC;500 mg comp.rec.ran.x 14;Sidus;$ 35085.47;60%;$ 14034.19
38673;levofloxacina;SEPTIBIOTIC;500 mg comp.rec.ran.x 7;Sidus;$ 22480.18;60%;$ 8992.07
41035;levofloxacina;SEPTIBIOTIC;750 mg comp.rec.x 5;Sidus;$ 25873.5;60%;$ 10349.4
51430;lidocaína;INDICAN GEL;5% pote x 20 g;Sidus;$ 23577.56;50%;$ 11788.78
15341;lidocaína;INDICAN;spray x 60 ml;Sidus;$ 16526.68;50%;$ 8263.34
50251;metilfenidato;MFD;10 mg comp.x 30;Sidus;$ 2138.92;50%;$ 1069.46
50252;metilfenidato;MFD;10 mg comp.x 60;Sidus;$ 3945.51;50%;$ 1972.76
50253;metilfenidato;MFD;20 mg comp.x 30;Sidus;$ 3969.37;50%;$ 1984.69
8363;metoclopramida+simeticona+asoc.;FARADIL 200;200 mg grag.x 50;Sidus;$ 10795.94;50%;$ 5397.97
8361;metoclopramida+simeticona+asoc.;FARADIL;comp.x 50;Sidus;$ 10795.94;50%;$ 5397.97
31829;mosapride;VAGANTYL;5 mg comp.rec.x 30;Sidus;$ 12816.48;50%;$ 6408.24
31830;mosapride;VAGANTYL;5 mg comp.rec.x 60;Sidus;$ 23053.61;50%;$ 11526.81
34785;mosapride;VAGANTYL;5 mg/ml gts.x 20 ml;Sidus;$ 12586.74;50%;$ 6293.37
52910;olopatadine;OLORATAN;0.2% sol.oft.x 2.5 ml;Sidus;$ 26705.42;50%;$ 13352.71
36638;prednisolona+fenilefrina;EFECORYL FORTE;susp.oft.x 10 ml;Sidus;$ 15659.98;80%;$ 3132
44839;rosuvastatina;PARASUL;10 mg comp.x 28;Sidus;$ 38317.84;60%;$ 15327.14
50619;rosuvastatina;PARASUL;20 mg comp.x 28;Sidus;$ 68988.39;60%;$ 27595.36
50618;rosuvastatina;PARASUL;5 mg comp.x 28;Sidus;$ 27236.04;60%;$ 10894.42
54490;ruscogenina+hesperidina+asoc.;CYCLO 3;cáps.x 28;Sidus;$ 42687.95;40%;$ 25612.77
54491;ruscogenina+hesperidina+asoc.;CYCLO 3;cáps.x 56;Sidus;$ 78148.36;40%;$ 46889.02
39630;ruscogenina+meliloto,ext.fluido;CYCLO 3;cr.x 100;Sidus;$ 32919.08;40%;$ 19751.45
26784;serenoa repens;PERMIXON;160 mg cáps.x 30;Sidus;$ 2528.74;50%;$ 1264.37
26786;serenoa repens;PERMIXON;160 mg cáps.x 60;Sidus;$ 4379.42;50%;$ 2189.71
30511;serenoa repens;PERMIXON;320 mg cáps.x 30;Sidus;$ 63506.02;50%;$ 31753.01
45848;sildenafil;MAGNUS;50 mg caps.blandas x 10;Sidus;$ 2140.11;50%;$ 1070.06
45847;sildenafil;MAGNUS;50 mg caps.blandas x 2;Sidus;$ 440.61;50%;$ 220.31
5397;timolol,maleato;PROFLAX;0.25% sol.oft.x 5 ml;Sidus;$ 7272.99;80%;$ 1454.6
5398;timolol,maleato;PROFLAX;0.50% sol.oft.x 5 ml;Sidus;$ 17551.76;80%;$ 3510.35
49988;tirotricina+asoc.;SULFANORAL T;sol.x 20 ml;Sidus;$ 7748.6;50%;$ 3874.3
36291;tobramicina+dexametasona;DECADRON CON TOBRAMICINA;susp.oft.x 5 ml;Sidus;$ 13553.64;50%;$ 6776.82
8414;triac;TRIACANA;0.35 mg comp.x 100;Sidus;$ 16751.95;50%;$ 8375.98
8416;triac;TRIACANA AP;cáps.x 30;Sidus;$ 53812.38;50%;$ 26906.19
49931;vacuna oral polivalente;MEGABRON;cáps.x 12;Sidus;$ 32544.46;50%;$ 16272.23
57930;accesorio;ONE TOUCH DELICA PLUS;lancetas x 100;Sidus-Lifescan;$ 14363.11;100%;$ 0
56931;accesorio;ONE TOUCH DELICA;lancetas x 100;Sidus-Lifescan;$ 1357.93;100%;$ 0
42661;accesorio;LANCETAS ULTRA SOFT;lancetas x 100;Sidus-Lifescan;$ 15203.1;100%;$ 0
42662;accesorio;LANCETAS GENTLE;lancetas x 200;Sidus-Lifescan;$ 31801.46;100%;$ 0
32226;accesorio;LANCETAS ULTRA SOFT;lancetas x 25;Sidus-Lifescan;$ 6109.59;100%;$ 0
56514;accesorio;ONE TOUCH DELICA;lancetas x 25;Sidus-Lifescan;$ 545.71;100%;$ 0
57929;accesorio;ONE TOUCH DELICA PLUS;lancetas x 25;Sidus-Lifescan;$ 6470.84;100%;$ 0
56512;tiras reactivas;ONE TOUCH SELECT PLUS;tiras reactivas x 25;Sidus-Lifescan;$ 39602.18;100%;$ 0
37390;tiras reactivas;ONE TOUCH ULTRA;tiras reactivas x 25;Sidus-Lifescan;$ 39602.18;100%;$ 0
32224;tiras reactivas;ONE TOUCH ULTRA;tiras reactivas x 50;Sidus-Lifescan;$ 71435.24;100%;$ 0
56513;tiras reactivas;ONE TOUCH SELECT PLUS;tiras reactivas x 50;Sidus-Lifescan;$ 71435.24;100%;$ 0
53398;acenocumarol;SINTROM;1 mg comp.x 20;Siegfried;$ 4299.39;80%;$ 859.88
2232;acenocumarol;SINTROM;4 mg comp.x 20;Siegfried;$ 14812.42;80%;$ 2962.48
21646;acetilcisteína;ACEMUK;600 mg tab.eferv.x 10;Siegfried;$ 16474.8;40%;$ 9884.88
21647;acetilcisteína;ACEMUK;600 mg tab.eferv.x 20;Siegfried;$ 26775.22;40%;$ 16065.13
43208;acetilcisteína;ACEMUK;600 mg tab.eferv.x 5;Siegfried;$ 12681.29;40%;$ 7608.77
45711;acetilcisteína;ACEMUK;600 mg tab.eferv.x 60;Siegfried;$ 70947.97;40%;$ 42568.78
45712;acetilcisteína;ACEMUK;600 mg tab.eferv.x 90;Siegfried;$ 32301.58;40%;$ 19380.95
44683;acetilcisteína+paracet.+asoc.;ACEMUK DIA Y NOCHE;comp.eferv.x 16;Siegfried;$ 14862.42;50%;$ 7431.21
41877;acetilcisteína+tirotricina+asoc.;ACEMUK L;comp.x 20;Siegfried;$ 12551.25;50%;$ 6275.63
28987;aciclovir;ACERPES;400 mg comp.x 20;Siegfried;$ 17822.41;60%;$ 7128.96
28983;aciclovir;ACERPES;800 mg comp.x 20;Siegfried;$ 32699.83;60%;$ 13079.93
31894;alendronato;ALENATO;70 mg comp.x 4;Siegfried;$ 13848.11;60%;$ 5539.24
29561;alendronato;ALENATO;70 mg comp.x 8;Siegfried;$ 24990.03;60%;$ 9996.01
44167;allopurinol;COLPURIL A RETARD;cáps.c/microgranulosx 50;Siegfried;$ 17640.64;60%;$ 7056.26
6445;allopurinol+colchicina;COLPURIL;100 mg comp.rec.x 20;Siegfried;$ 5802.31;60%;$ 2320.92
6449;allopurinol+colchicina;COLPURIL 300 RETARD;cáps.lib.prol.x 20;Siegfried;$ 18060.72;60%;$ 7224.29
6450;allopurinol+colchicina;COLPURIL 300 RETARD;cáps.lib.prol.x 50;Siegfried;$ 26009.28;60%;$ 10403.71
36792;alprazolam;EMERAL;0.5 mg comp.x 30;Siegfried;$ 5187.28;50%;$ 2593.64
32880;alprazolam;EMERAL;0.5 mg comp.x 50;Siegfried;$ 7495.26;50%;$ 3747.63
36793;alprazolam;EMERAL;1 mg comp.x 30;Siegfried;$ 7991.33;50%;$ 3995.67
32882;alprazolam;EMERAL;1 mg comp.x 50;Siegfried;$ 12206.59;50%;$ 6103.3
36794;alprazolam;EMERAL;2 mg comp.x 30;Siegfried;$ 12009.44;50%;$ 6004.72
32884;alprazolam;EMERAL;2 mg comp.x 50;Siegfried;$ 18582.62;50%;$ 9291.31
40996;aluminio,hidr.+magn.hidr.+simet.;ACI-TIP;comp.mast.x 10;Siegfried;$ 1384.47;40%;$ 830.68
40997;aluminio,hidr.+magn.hidr.+simet.;ACI-TIP;comp.mast.x 50;Siegfried;$ 6230.1;40%;$ 3738.06
13688;amlodipina;TERLOC;10 mg comp.x 30;Siegfried;$ 33166.94;60%;$ 13266.78
46982;amlodipina;TERLOC;10 mg comp.x 60;Siegfried;$ 60347.72;60%;$ 24139.09
13687;amlodipina;TERLOC;5 mg comp.x 30;Siegfried;$ 18392.28;60%;$ 7356.91
46981;amlodipina;TERLOC;5 mg comp.x 60;Siegfried;$ 36035.49;60%;$ 14414.2
24049;amlodipina+benazepril;TERLOC DUO;2.5/10 mg cáps.x 30;Siegfried;$ 21572.51;50%;$ 10786.26
24050;amlodipina+benazepril;TERLOC DUO;5/10 mg cáps.x 30;Siegfried;$ 28923.04;50%;$ 14461.52
24051;amlodipina+benazepril;TERLOC DUO;5/20 mg cáps.x 30;Siegfried;$ 40559.27;50%;$ 20279.64
40035;amoxicilina+acetilcisteína;ACEMUK BIOTIC DUO;comp.rec.x 14;Siegfried;$ 18603.11;50%;$ 9301.56
34027;antipirina+sodio,carbonato+asoc.;CEROSPORIN;gts.óticas x 10 ml;Siegfried;$ 7938.42;50%;$ 3969.21
34275;aripiprazol;GROVEN;10 mg comp.x 30;Siegfried;$ 8325.61;50%;$ 4162.81
34276;aripiprazol;GROVEN;15 mg comp.x 15;Siegfried;$ 6407.19;50%;$ 3203.6
34277;aripiprazol;GROVEN;15 mg comp.x 30;Siegfried;$ 12145.34;50%;$ 6072.67
34278;aripiprazol;GROVEN;20 mg comp.x 15;Siegfried;$ 8325.61;50%;$ 4162.81
24743;atenolol;ATEL;50 mg comp.x 30;Siegfried;$ 994.94;80%;$ 198.99
43818;azitromicina;MACROMAX PEDIATRICO;200 mg/5 ml susp.x 30 ml;Siegfried;$ 18154.78;60%;$ 7261.91
17244;azitromicina;MACROMAX;500 mg comp.x 3;Siegfried;$ 11740.26;60%;$ 4696.1
26140;azitromicina;MACROMAX;500 mg comp.x 6;Siegfried;$ 15879.61;60%;$ 6351.84
12091;betametasona+salicílico,ác.;MAXISALIC;ung.x 30 g;Siegfried;$ 18219.48;40%;$ 10931.69
29046;bezafibrato;BEZACUR;rtd.400 mg comp.x 30;Siegfried;$ 30859.75;60%;$ 12343.9
62273;bromfenac;ZEBESTEN;sol.oft. x 5 ml;Siegfried;$ 21754.74;50%;$ 10877.37
37069;calcio;CALCIO BASE DUPOMAR FORTE;1 g comp.mast.x 60;Siegfried;$ 5413.33;40%;$ 3248
36214;calcio,carbonato;CALCIO BASE DUPOMAR;comp.x 30;Siegfried;$ 12441.21;60%;$ 4976.48
7847;calcio,carbonato;CALCIO BASE DUPOMAR;comp.x 60;Siegfried;$ 21481.98;60%;$ 8592.79
36217;calcio,carbonato+vit.d3;CALCIO BASE DUPOMAR D3 400;comp.x 30;Siegfried;$ 13812.82;40%;$ 8287.69
36216;calcio,carbonato+vit.d3;CALCIO BASE DUPOMAR D3 200;comp.x 30;Siegfried;$ 11216.54;40%;$ 6729.92
36215;calcio,carbonato+vit.d3;CALCIO BASE DUPOMAR D;comp.x 30;Siegfried;$ 10941.67;40%;$ 6565
26500;calcio,carbonato+vit.d3;CALCIO BASE DUPOMAR D3 400;comp.x 60;Siegfried;$ 20599.92;40%;$ 12359.95
26499;calcio,carbonato+vit.d3;CALCIO BASE DUPOMAR D3 200;comp.x 60;Siegfried;$ 18060.65;40%;$ 10836.39
17764;calcio,carbonato+vit.d3;CALCIO BASE DUPOMAR D;comp.x 60;Siegfried;$ 18453.12;40%;$ 11071.87
35846;calcio,citrato+vit.d3;CALCIO CITRATO DUPOMAR D3 200;comp.mast.x 30;Siegfried;$ 10194.27;40%;$ 6116.56
35847;calcio,citrato+vit.d3;CALCIO CITRATO DUPOMAR D3 400;comp.mast.x 30;Siegfried;$ 12114.58;40%;$ 7268.75
25681;calcio,citrato+vit.d3;CALCIO CITRATO DUPOMAR D3 400;comp.mast.x 60;Siegfried;$ 20650.5;40%;$ 12390.3
24005;calcio,citrato+vit.d3;CALCIO CITRATO DUPOMAR D3 200;comp.mast.x 60;Siegfried;$ 18996.93;40%;$ 11398.16
54009;calcio,lactogluconato+calcio,car;CALCIO BASE EFERVESCENTE;comp.eferv.x 30;Siegfried;$ 12610.3;40%;$ 7566.18
7483;calcitriol;CALCITRIOL;0.25 mcg cáps.x 30;Siegfried;$ 22763.32;60%;$ 9105.33
44591;carvedilol;DILATREND AP;10 mg cáps.x 30;Siegfried;$ 13285.3;60%;$ 5314.12
18289;carvedilol;DILATREND;12.5 mg comp.ran.x 28;Siegfried;$ 14464.57;60%;$ 5785.83
53951;carvedilol;DILATREND;12.5 mg comp.ran.x 30;Siegfried;$ 15109.89;60%;$ 6043.96
45851;carvedilol;DILATREND;12.5 mg comp.ran.x 56;Siegfried;$ 20139.03;60%;$ 8055.61
44592;carvedilol;DILATREND AP;20 mg cáps.x 30;Siegfried;$ 20249.58;60%;$ 8099.83
10556;carvedilol;DILATREND;25 mg comp.ran.x 28;Siegfried;$ 17027.9;60%;$ 6811.16
53952;carvedilol;DILATREND;25 mg comp.ran.x 30;Siegfried;$ 17636.29;60%;$ 7054.52
45852;carvedilol;DILATREND;25 mg comp.ran.x 56;Siegfried;$ 25596.34;60%;$ 10238.54
45075;carvedilol;DILATREND;3.125 mg comp.ran.x 28;Siegfried;$ 6203.91;60%;$ 2481.56
53949;carvedilol;DILATREND;3.125 mg comp.ran.x 30;Siegfried;$ 6417.45;60%;$ 2566.98
44593;carvedilol;DILATREND AP;40 mg cáps.x 30;Siegfried;$ 26245.54;60%;$ 10498.22
43438;carvedilol;DILATREND;50 mg comp.ran.x 28;Siegfried;$ 22250.98;60%;$ 8900.39
18961;carvedilol;DILATREND;6.25 mg comp.ran.x 28;Siegfried;$ 11291.92;60%;$ 4516.77
53950;carvedilol;DILATREND;6.25 mg comp.ran.x 30;Siegfried;$ 11719.34;60%;$ 4687.74
45850;carvedilol;DILATREND;6.25 mg comp.ran.x 56;Siegfried;$ 14808.64;60%;$ 5923.46
44594;carvedilol;DILATREND AP;80 mg cáps.x 30;Siegfried;$ 31198.7;60%;$ 12479.48
45076;carvedilol+hidroclorotiazida;DILATREND D;25/12.5 mg comp.ran.x 28;Siegfried;$ 18367.07;50%;$ 9183.54
5535;cefadroxilo;CEFACAR;1000 mg comp.x 16;Siegfried;$ 37674.96;60%;$ 15069.98
429;cefadroxilo;CEFACAR;1000 mg comp.x 8;Siegfried;$ 19373.21;60%;$ 7749.28
428;cefadroxilo;CEFACAR;500 mg comp.x 16;Siegfried;$ 21555.6;60%;$ 8622.24
427;cefadroxilo;CEFACAR;500 mg comp.x 8;Siegfried;$ 11197.75;60%;$ 4479.1
41603;cefalexina;CEFALEXINA ARGENTIA DUO;1 g comp. x 14;Siegfried;$ 24637.12;60%;$ 9854.85
437;cefalexina;CEFALEXINA ARGENTIA DUO;1 g comp. x 16;Siegfried;$ 24138.96;60%;$ 9655.58
435;cefalexina;CEFALEXINA ARGENTIA;500 mg comp.x 16;Siegfried;$ 12714.88;60%;$ 5085.95
13167;cefalexina;CEFALEXINA ARGENTIA;500 mg comp.x 24;Siegfried;$ 16944.53;60%;$ 6777.81
32068;cefalexina;CEFALEXINA ARGENTIA;500 mg comp.x 8;Siegfried;$ 7323.03;60%;$ 2929.21
5605;cefalexina;CEFALEXINA ARGENTIA;500 mg susp.x 120 ml;Siegfried;$ 16201.63;60%;$ 6480.65
5601;cefalexina;CEFALEXINA ARGENTIA;500 mg susp.x 90 ml;Siegfried;$ 12768.63;60%;$ 5107.45
41604;cefalexina;CEFALEXINA ARGENTIA DUO;750 mg susp.x 90 ml;Siegfried;$ 14717.99;60%;$ 5887.2
48516;ceftriaxona;ACANTEX;1 g IM f.a.x 1;Siegfried;$ 25339.29;60%;$ 10135.72
48556;ceftriaxona;ACANTEX;1 g IV f.a.x 1;Siegfried;$ 17933.27;60%;$ 7173.31
48557;ceftriaxona;ACANTEX;2 g IV f.a.x 1;Siegfried;$ 35286.03;60%;$ 14114.41
48555;ceftriaxona;ACANTEX;500 mg IM f.a.x 1;Siegfried;$ 10304.58;60%;$ 4121.83
56957;cetirizina;ALIDIAL;comp.rec.x 10;Siegfried;$ 9787.35;40%;$ 5872.41
56958;cetirizina;ALIDIAL;comp.rec.x 30;Siegfried;$ 18689.47;40%;$ 11213.68
6335;ciprofloxacina;ARGEFLOX;500 mg comp.x 10;Siegfried;$ 18452.39;60%;$ 7380.96
25748;ciprofloxacina;ARGEFLOX;500 mg comp.x 20;Siegfried;$ 33499.59;60%;$ 13399.84
22402;cistina+asoc.;MEGAPLUS;sob.monodosis x 30;Siegfried;$ 35880.92;40%;$ 21528.55
39783;claritromicina;QUOTAL;125 mg/5 ml susp.x 70 ml;Siegfried;$ 14047.58;60%;$ 5619.03
39784;claritromicina;QUOTAL;250 mg/5 ml susp.x 70 ml;Siegfried;$ 28759.56;60%;$ 11503.82
39782;claritromicina;QUOTAL;500 mg comp.rec.x 16;Siegfried;$ 32161.33;60%;$ 12864.53
39976;claritromicina;QUOTAL UD;comp.rec.acc.prol.x 8;Siegfried;$ 17256.76;60%;$ 6902.7
53412;claritromicina+ambroxol;QUOTAL MUC;500/60 mg comp.rec.x 16;Siegfried;$ 34731.08;50%;$ 17365.54
1287;clindamicina;CLINTOPIC;loc.x 30 ml;Siegfried;$ 3397.1;60%;$ 1358.84
44511;clobetasol;CLOBESOL;cr.x 20 g;Siegfried;$ 16510.32;40%;$ 9906.19
12085;clobetasol;CLOBESOL;cr.x 30 g;Siegfried;$ 24039.04;40%;$ 14423.42
48213;clobetasol;CLOBESOL;espuma x 100 g;Siegfried;$ 33853.75;40%;$ 20312.25
1288;clobetasol;CLOBESOL;ung.x 15 g;Siegfried;$ 14033.11;40%;$ 8419.87
1669;clobetasona;EUMOVATE;cr.x 15 g;Siegfried;$ 1933.81;50%;$ 966.91
20139;clotrimazol;IKOLAN;1% cr.x 25 g;Siegfried;$ 3002.77;40%;$ 1801.66
2042;clotrimazol;MICOMAZOL;cr.derm.x 30 g;Siegfried;$ 13367.59;40%;$ 8020.55
45410;condroitín,sulfato+glucosamina;GLUCO ARRUMALON DUO;cáps.x 60;Siegfried;$ 68906.54;40%;$ 41343.92
38674;condroitín,sulfato+glucosamina;GLUCO ARRUMALON DUO;sob.x 30;Siegfried;$ 109577.05;40%;$ 65746.23
61877;dapagliflozina;DAURAN;10 mg comp.rec.x 30;Siegfried;$ 68817.48;100%;$ 0
35740;desloratadina;HEXALER;5 mg comp.rec.x 14;Siegfried;$ 13025.64;40%;$ 7815.38
35739;desloratadina;HEXALER;5 mg comp.rec.x 7;Siegfried;$ 7320.65;40%;$ 4392.39
63833;desloratadina;HEXALER;5 mg comp.x 28;Siegfried;$ 24437.16;40%;$ 14662.3
35738;desloratadina;HEXALER;jbe.x 60 ml;Siegfried;$ 12255.69;40%;$ 7353.41
42348;desloratadina+betametasona;HEXALER CORT;comp.rec.x 10;Siegfried;$ 11816.02;40%;$ 7089.61
42349;desloratadina+betametasona;HEXALER CORT;jbe.x 60 ml;Siegfried;$ 14023.46;40%;$ 8414.08
41724;desloratadina+pseudoefedrina;HEXALER PLUS;cáps.lib.prol.x 10;Siegfried;$ 11137.69;40%;$ 6682.61
49642;dexametasona;DECADRON;0.5 mg comp.x 30;Siegfried;$ 18958.2;50%;$ 9479.1
62199;dexametasona;DECADRON;4 mg comp.x 10;Siegfried;$ 7742.02;50%;$ 3871.01
62200;dexametasona;DECADRON;4 mg comp.x 20;Siegfried;$ 13167.21;50%;$ 6583.61
50467;dexametasona;DECADRON;4mg/ml f.a.x2ml+jga.desc;Siegfried;$ 17904.19;50%;$ 8952.1
62201;dexametasona;DECADRON;8 mg comp.x 10;Siegfried;$ 13194.23;50%;$ 6597.12
34007;dexametasona;DECADRON AL;8mg/ml f.a.x1 x 2ml+jga.;Siegfried;$ 9907.88;50%;$ 4953.94
50798;dexametasona;DUO DECADRON;f.a.x 1 x 2 ml+jga.desc.;Siegfried;$ 30731.97;50%;$ 15365.99
5371;dexametasona;DECADRON;shock 20 mg f.a.x 5 ml;Siegfried;$ 17537.34;50%;$ 8768.67
28402;dexketoprofeno;ENANTYUM;25 mg comp.x 20;Siegfried;$ 17385.55;50%;$ 8692.78
29099;dexketoprofeno;ENANTYUM;25 mg comp.x 40;Siegfried;$ 29163.14;50%;$ 14581.57
33647;dexketoprofeno;ENANTYUM;50 mg/2 ml iny.a.x 6;Siegfried;$ 21363.63;50%;$ 10681.82
30573;dexketoprofeno;ENANTYUM;gel x 60 g;Siegfried;$ 15222.93;50%;$ 7611.47
26975;diazepam;VALIUM;10 mg a.x 5 x 2 ml;Siegfried;$ 13396.6;50%;$ 6698.3
18322;diazepam;VALIUM;10 mg comp.x 30;Siegfried;$ 10848.85;50%;$ 5424.43
4661;diazepam;VALIUM;10 mg comp.x 50;Siegfried;$ 15939;50%;$ 7969.5
7570;diazepam;VALIUM;5 mg comp.x 20;Siegfried;$ 4630.92;50%;$ 2315.46
17548;diazepam;VALIUM;5 mg comp.x 30;Siegfried;$ 8225.69;50%;$ 4112.85
18744;diazepam;VALIUM;5 mg comp.x 60;Siegfried;$ 11924.54;50%;$ 5962.27
14269;diclofenac potásico;VESALION;75 mg iny.a.x 6 x 3 ml;Siegfried;$ 18720.42;40%;$ 11232.25
57470;diclofenac potásico+paracetamol;ARTRO RED;comp.rec.x 20;Siegfried;$ 23522.59;40%;$ 14113.55
26137;diclofenac potásico+paracetamol;VESALION GESIC;comp.x 15;Siegfried;$ 12584.45;40%;$ 7550.67
28487;diclofenac sódico;DICLAC;150 mg comp.rapirtd.x 10;Siegfried;$ 13967.52;40%;$ 8380.51
28825;diclofenac sódico;DICLAC;150 mg comp.rapirtd.x 20;Siegfried;$ 27376.73;40%;$ 16426.04
34226;diclofenac sódico;DICLAC;150 mg comp.rapirtd.x 5;Siegfried;$ 3234.68;40%;$ 1940.81
29518;diclofenac sódico;DICLAC;75 mg comp.rapirtd.x 10;Siegfried;$ 3615.21;40%;$ 2169.13
29519;diclofenac sódico;DICLAC;75 mg comp.rapirtd.x 20;Siegfried;$ 6016.22;40%;$ 3609.73
30268;diclofenac sódico;VESALION;75 mg comp.x 15;Siegfried;$ 20775.72;40%;$ 12465.43
14266;diclofenac sódico;VESALION;75 mg comp.x 30;Siegfried;$ 37326.48;40%;$ 22395.89
18539;diclofenac+pridinol;VESALION FLEX;comp.x 30;Siegfried;$ 15516.28;40%;$ 9309.77
14271;diclofenac+vit.b12+betametasona;VESALION B12;comp.x 15;Siegfried;$ 21945.38;40%;$ 13167.23
39828;diclofenac+vit.b12+betametasona;VESALION B12;iny.x 3;Siegfried;$ 18842.56;40%;$ 11305.54
48618;diosmina+hesperidina micronizada;JATAMANSIN PLUS;comp.x 30;Siegfried;$ 27391.77;40%;$ 16435.06
48619;diosmina+hesperidina micronizada;JATAMANSIN PLUS;comp.x 60;Siegfried;$ 53092.37;40%;$ 31855.42
49641;domperidona;MOPERIDONA;comp.x 20;Siegfried;$ 9888.41;50%;$ 4944.21
8396;domperidona;MOPERIDONA;gts.x 20 ml;Siegfried;$ 7392.36;50%;$ 3696.18
12102;domperidona+bromazepam+simetic.;VEGESTABIL DIGEST;comp.x 20;Siegfried;$ 17259.21;40%;$ 10355.53
13318;domperidona+bromazepam+simetic.;VEGESTABIL DIGEST;comp.x 50;Siegfried;$ 38047.12;40%;$ 22828.27
49643;domperidona+simeticona;MOPERIDONA AF;comp.x 30;Siegfried;$ 35471.42;40%;$ 21282.85
50108;domperidona+simeticona;MOPERIDONA AF;gts.x 20 ml;Siegfried;$ 15899.37;40%;$ 9539.62
60496;dorzolamida+timolol;ELIPTIC OFTENO PF;c/dosif. sol.oft.x 5 ml;Siegfried;$ 27240.84;60%;$ 10896.34
60495;dorzolamida+timolol;ELIPTIC;sol.oft.x 5 ml;Siegfried;$ 36039.73;60%;$ 14415.89
63527;dorzolamida+timolol+brimonidina;KRYTANTEK OFTENO PF;c/dosif. sol.oft.x 5 ml;Siegfried;$ 34091.05;60%;$ 13636.42
23502;doxiciclina;DOXIBIOT;100 mg comp.x 10;Siegfried;$ 2218.07;60%;$ 887.23
23503;doxiciclina;DOXIBIOT;100 mg comp.x 20;Siegfried;$ 4442.92;60%;$ 1777.17
62608;empagliflozina;EMPAX;10 mg comp.rec.x 30;Siegfried;$ 92646.73;100%;$ 0
62609;empagliflozina;EMPAX;25 mg comp.rec.x 30;Siegfried;$ 99577.72;100%;$ 0
10626;enalapril;KINFIL;10 mg comp.x 30;Siegfried;$ 9809.6;80%;$ 1961.92
10627;enalapril;KINFIL;10 mg comp.x 60;Siegfried;$ 18568.29;80%;$ 3713.66
10628;enalapril;KINFIL;20 mg comp.x 30;Siegfried;$ 12090.24;80%;$ 2418.05
10629;enalapril;KINFIL;20 mg comp.x 60;Siegfried;$ 24310.02;80%;$ 4862
10624;enalapril;KINFIL;5 mg comp.x 30;Siegfried;$ 6508.33;80%;$ 1301.67
10625;enalapril;KINFIL;5 mg comp.x 60;Siegfried;$ 12374.72;80%;$ 2474.94
10630;enalapril+hidroclorotiazida;KINFIL D;10/25 mg comp.x 30;Siegfried;$ 15053.42;80%;$ 3010.68
3386;ergotamina+cafeína+asoc.;TETRALGIN;comp.x 100;Siegfried;$ 52568.14;50%;$ 26284.07
2424;ergotamina+cafeína+asoc.;TETRALGIN NOVO;comp.x 20;Siegfried;$ 11973.13;50%;$ 5986.57
6032;ergotamina+cafeína+asoc.;TETRALGIN;comp.x 20;Siegfried;$ 11712.81;50%;$ 5856.41
2425;ergotamina+cafeína+asoc.;TETRALGIN NOVO;comp.x 40;Siegfried;$ 22359.35;50%;$ 11179.68
708;ergotamina+cafeína+asoc.;TETRALGIN;comp.x 50;Siegfried;$ 27471.67;50%;$ 13735.84
48616;espironolactona+furosemida;ERROLON E;25/20 mg comp.x 30;Siegfried;$ 26217.34;50%;$ 13108.67
48617;espironolactona+furosemida;ERROLON E;25/40 mg comp.x 30;Siegfried;$ 27311.87;50%;$ 13655.94
38676;estroncio,ranelato;OSTEOVITAL;sob.x 30 x 2 g;Siegfried;$ 22892.89;50%;$ 11446.45
54087;etoricoxib;ETIX;120 mg comp.rec.x 10;Siegfried;$ 21693.99;50%;$ 10847
54084;etoricoxib;ETIX;60 mg comp.rec.x 30;Siegfried;$ 28856.56;50%;$ 14428.28
54085;etoricoxib;ETIX;90 mg comp.rec.x 10;Siegfried;$ 20405.86;50%;$ 10202.93
54086;etoricoxib;ETIX;90 mg comp.rec.x 30;Siegfried;$ 48757.1;50%;$ 24378.55
57733;famotidina;GASTROSEDOL NF;20 mg comp.x 30;Siegfried;$ 11108.09;40%;$ 6664.85
57734;famotidina;GASTROSEDOL NF;20 mg comp.x 60;Siegfried;$ 20466.26;40%;$ 12279.76
57735;famotidina;GASTROSEDOL NF;40 mg comp.x 30;Siegfried;$ 21705.32;40%;$ 13023.19
45632;fluconazol;MICORAL FLUCO;cáps.x 1;Siegfried;$ 5790.63;50%;$ 2895.32
45633;fluconazol;MICORAL FLUCO;cáps.x 2;Siegfried;$ 12434.33;50%;$ 6217.17
45634;fluconazol;MICORAL FLUCO;cáps.x 4;Siegfried;$ 21724.29;50%;$ 10862.15
60605;fluorometolona;FLUMETOL NF OFTENO;susp.oft.x 5 ml;Siegfried;$ 26746.25;50%;$ 13373.13
12818;furosemida;ERROLON;comp.x 50;Siegfried;$ 14248.32;80%;$ 2849.66
542;furosemida+amilorida;ERROLON A;comp.x 20;Siegfried;$ 9267.14;50%;$ 4633.57
5250;furosemida+amilorida;ERROLON A;comp.x 50;Siegfried;$ 20340.25;50%;$ 10170.13
50337;gammaglobulina humana+histamina;HISTAGLOBIN TRIPLEX;liof.f.a.+a.dil.+jga.+ag;Siegfried;$ 82851.7;50%;$ 41425.85
50336;gammaglobulina humana+histamina;HISTAGLOBIN;liof.f.a.+a.dil.+jga.+ag;Siegfried;$ 37909.03;50%;$ 18954.52
1574;glibenclamida;EUGLUCON;comp.x 30;Siegfried;$ 9959.55;100%;$ 0
1575;glibenclamida;EUGLUCON;comp.x 60;Siegfried;$ 19714.86;100%;$ 0
30998;glucosamina;GLUCO ARRUMALON;400 mg iny.a.x 12+12;Siegfried;$ 36322.42;40%;$ 21793.45
30997;glucosamina;GLUCO ARRUMALON;400 mg iny.a.x 6+6;Siegfried;$ 19244.37;40%;$ 11546.62
37343;glucosamina;GLUCO ARRUMALON;500 mg comp.rec.x 60;Siegfried;$ 40973.49;40%;$ 24584.09
30996;glucosamina,potásica;GLUCO ARRUMALON;1500 mg gran.sobres x 30;Siegfried;$ 50605.47;40%;$ 30363.28
3883;griseofulvina;GRISOVIN FP;500 mg comp.x 24;Siegfried;$ 29167;50%;$ 14583.5
44887;heparina sódica;CYCLOPARIN;gel tópico x 60 g;Siegfried;$ 32440.83;60%;$ 12976.33
2047;hidrocortisona;MICROSONA;0.5% cr.x 15 g;Siegfried;$ 6343.87;50%;$ 3171.94
2048;hidrocortisona;MICROSONA;1% cr.x 15 g;Siegfried;$ 6728.46;50%;$ 3364.23
2050;hidrocortisona;MICROSONA;2% cr.x 15 g;Siegfried;$ 8125.14;50%;$ 4062.57
39973;hierro+vit.b12+fólico,ác.;SIDERBLUT COMPLEX;comp.x 30;Siegfried;$ 19042.54;50%;$ 9521.27
39974;hierro+vit.b12+fólico,ác.;SIDERBLUT COMPLEX;comp.x 60;Siegfried;$ 34384.77;50%;$ 17192.39
43810;hierro,polimaltosato;SIDERBLUT POLI;comp.x 30;Siegfried;$ 12573.22;50%;$ 6286.61
43811;hierro,polimaltosato;SIDERBLUT POLI;comp.x 60;Siegfried;$ 22633.07;50%;$ 11316.54
38965;hierro,polimaltosato;SIDERBLUT GOTAS;gts.x 20 ml;Siegfried;$ 9309.57;50%;$ 4654.79
2583;hierro,sulfato;SIDERBLUT;comp.x 30;Siegfried;$ 15588.11;50%;$ 7794.06
20149;hierro,sulfato;SIDERBLUT;comp.x 60;Siegfried;$ 28065.54;50%;$ 14032.77
13853;hierro,sulfato;FER IN SOL;jbe.x 120 ml;Siegfried;$ 3088.19;50%;$ 1544.1
10640;hierro,sulfato;FER IN SOL;sol.x 20 ml;Siegfried;$ 10529.04;50%;$ 5264.52
38922;ibandrónico,ác.;BONVIVA;150 mg comp.rec.x 1;Siegfried;$ 20784.01;50%;$ 10392.01
40641;ibandrónico,ác.;DELTROX;150 mg comp.rec.x 1;Siegfried;$ 26729.45;50%;$ 13364.73
45799;ibuprofeno+clorzoxazona;FLEXINA 600;comp.rec.x 20;Siegfried;$ 27597.15;40%;$ 16558.29
48157;indapamida;NORANAT SR;1.5 mg comp.rec.LP x 30;Siegfried;$ 12220.9;50%;$ 6110.45
4737;indapamida;NORANAT;comp.x 30;Siegfried;$ 9796.2;50%;$ 4898.1
4738;indapamida;NORANAT;comp.x 60;Siegfried;$ 13803.29;50%;$ 6901.65
26051;isotretinoína;ROACCUTAN;10 mg cáps.x 30;Siegfried;$ 62022.75;50%;$ 31011.38
26052;isotretinoína;ROACCUTAN;20 mg cáps.x 30;Siegfried;$ 114236.4;50%;$ 57118.2
2045;ketoconazol;MICORAL;comp.x 10;Siegfried;$ 8653.64;40%;$ 5192.18
2046;ketoconazol;MICORAL;comp.x 30;Siegfried;$ 15973.43;40%;$ 9584.06
12094;ketoconazol;MICORAL;cr.x 30 g;Siegfried;$ 8212.35;40%;$ 4927.41
6121;ketoconazol;MICORAL;shamp.x 100 ml;Siegfried;$ 17255.09;40%;$ 10353.05
2051;ketoconazol+hidrocort.+gentamic.;MICROSONA C;cr.x 15 g;Siegfried;$ 14992.94;40%;$ 8995.76
54011;lactogluconato,calcio+calcio,car;CALCIO BASE EFERVESCENTE D3 400;comp.eferv.x 30;Siegfried;$ 12716.55;60%;$ 5086.62
54010;lactogluconato,calcio+calcio,car;CALCIO BASE EFERVESCENTE D3 200;comp.eferv.x 30;Siegfried;$ 11318.49;60%;$ 4527.4
60874;latanoprost;GAAP OFTENO PF;gts.oft.x 3 ml;Siegfried;$ 27239.9;60%;$ 10895.96
60875;latanoprost;GAAP OFTENO;gts.oft.x 3 ml;Siegfried;$ 27240.84;60%;$ 10896.34
50455;levetiracetam;LEVITAL;1000 mg comp.rec.x 30;Siegfried;$ 165583.53;50%;$ 82791.77
50453;levetiracetam;LEVITAL;500 mg comp.rec.x 30;Siegfried;$ 81893.84;50%;$ 40946.92
50454;levetiracetam;LEVITAL;500 mg comp.rec.x 60;Siegfried;$ 159214.94;50%;$ 79607.47
52192;levetiracetam;LEVITAL;sol.oral x 200 ml;Siegfried;$ 127971.29;50%;$ 63985.65
63998;levocetirizina;ALIDIAL L;5 mg comp.x 10;Siegfried;$ 8934.91;50%;$ 4467.46
63997;levocetirizina;ALIDIAL L;5 mg comp.x 30;Siegfried;$ 22565.89;50%;$ 11282.95
61441;levodopa+benserazida;MADOPAR HBS;125 mg cáps.x 30;Siegfried;$ 11510.66;80%;$ 2302.13
478;levodopa+benserazida;MADOPAR HBS;125 mg cáps.x 50;Siegfried;$ 16857.31;80%;$ 3371.46
14144;levodopa+benserazida;MADOPAR DISPERSABLE;125 mg tab.dispers.x 100;Siegfried;$ 42066.35;80%;$ 8413.27
7516;levodopa+benserazida;MADOPAR;250 mg comp.x 30;Siegfried;$ 31571.08;80%;$ 6314.22
7515;levodopa+benserazida;MADOPAR;250 mg comp.x 50;Siegfried;$ 52353.78;80%;$ 10470.76
19636;levodopa+benserazida;MADOPAR DISPERSABLE;62.5 mg tab.dispers.x100;Siegfried;$ 34628.37;80%;$ 6925.67
41727;levofloxacina;ANUAR;500 mg comp.rec.x 7;Siegfried;$ 16122.65;60%;$ 6449.06
41728;levofloxacina;ANUAR;750 mg comp.rec.x 5;Siegfried;$ 18395.47;60%;$ 7358.19
8897;lorazepam;APLACASSE;1 mg comp.x 50;Siegfried;$ 8429.75;50%;$ 4214.88
8899;lorazepam;APLACASSE;2.5 mg comp.x 50;Siegfried;$ 10135.11;50%;$ 5067.56
18902;meloxicam;TENARON;15 mg comp.x 10;Siegfried;$ 1847.17;40%;$ 1108.3
22807;meloxicam;TENARON;15 mg comp.x 20;Siegfried;$ 3659.75;40%;$ 2195.85
18901;meloxicam;TENARON;7.5 mg comp.x 15;Siegfried;$ 2088.66;40%;$ 1253.2
54750;mesalazina;BUFEXAN AP;1200 mg comp.rec.l.p.x30;Siegfried;$ 145598.19;50%;$ 72799.1
54749;mesalazina;BUFEXAN AP;1200 mg comp.rec.l.p.x60;Siegfried;$ 287798.01;50%;$ 143899.01
43207;metformina;METGLUCON 1000 AP;1000 mg comp.rec.AP x 60;Siegfried;$ 27134.55;100%;$ 0
43206;metformina;METGLUCON 1000 AP;1000mg comp.rec. AP x 30;Siegfried;$ 14523.24;100%;$ 0
48243;metformina;METGLUCON 500 AP;500 mg comp.rec.AP x 30;Siegfried;$ 12943.73;100%;$ 0
48241;metformina;METGLUCON 500 AP;500 mg comp.rec.AP x 60;Siegfried;$ 24596.57;100%;$ 0
42286;metformina;METGLUCON 850 AP;850 mg comp.rec.AP x 30;Siegfried;$ 10453.37;100%;$ 0
42287;metformina;METGLUCON 850 AP;850 mg comp.rec.AP x 60;Siegfried;$ 20908.3;100%;$ 0
28164;metformina;GLUCAMINOL FORTE;850 mg comp.x 30;Siegfried;$ 8468.9;100%;$ 0
28165;metformina;GLUCAMINOL FORTE;850 mg comp.x 60;Siegfried;$ 16801.64;100%;$ 0
44679;metformina+glibenclamida;METGLUCON DUO;500/5 mg comp.x 30;Siegfried;$ 10874.29;80%;$ 2174.86
44680;metformina+glibenclamida;METGLUCON DUO;500/5 mg comp.x 60;Siegfried;$ 16672.59;80%;$ 3334.52
7492;midazolam;DORMICUM;15 mg comp.x 30;Siegfried;$ 13436.79;50%;$ 6718.4
44676;mometasona furoato;HEXALER BRONQUIAL;200 mcg cáps.p/inh.x 60;Siegfried;$ 27798.73;50%;$ 13899.37
44675;mometasona furoato;HEXALER BRONQUIAL;200mcg cáp.inh.c/dispx30;Siegfried;$ 30720.28;50%;$ 15360.14
44678;mometasona furoato;HEXALER BRONQUIAL;400 mcg cáps.p/inh.x 60;Siegfried;$ 30725.18;50%;$ 15362.59
44677;mometasona furoato;HEXALER BRONQUIAL;400mcg cáp.inh.c/dispx30;Siegfried;$ 31418.99;50%;$ 15709.5
44672;mometasona furoato;MOMETAX;cr.x 15 g;Siegfried;$ 10223.82;50%;$ 5111.91
44673;mometasona furoato;MOMETAX;cr.x 30 g;Siegfried;$ 18527.88;50%;$ 9263.94
44674;mometasona furoato;MOMETAX;loc.x 30 ml;Siegfried;$ 16900.14;50%;$ 8450.07
41006;mometasona furoato;HEXALER NASAL;spray nasal x 120 ds.;Siegfried;$ 13107.98;50%;$ 6553.99
47388;mometasona furoato;HEXALER NASAL;spray nasal x 60 ds.;Siegfried;$ 7661.26;50%;$ 3830.63
49181;mometasona+formoterol;HEXALER BRONQUIAL DUO;200/10mcg cáps.p/inh.x60;Siegfried;$ 69399.46;50%;$ 34699.73
49180;mometasona+formoterol;HEXALER BRONQUIAL DUO;400/10mcg cáps.p/inh.x60;Siegfried;$ 70980.78;50%;$ 35490.39
52169;montelukast;AIREAL 10;10 mg comp.rec.x 30;Siegfried;$ 40572.09;50%;$ 20286.05
53189;montelukast;AIREAL 10;10 mg comp.rec.x 60;Siegfried;$ 77699;50%;$ 38849.5
52171;montelukast;AIREAL 4;4 mg comp.mast.x 30;Siegfried;$ 36825.41;50%;$ 18412.71
53187;montelukast;AIREAL 4;4 mg comp.mast.x 60;Siegfried;$ 65022.74;50%;$ 32511.37
52170;montelukast;AIREAL 5;5 mg comp.mast.x 30;Siegfried;$ 39470.45;50%;$ 19735.23
53188;montelukast;AIREAL 5;5 mg comp.mast.x 60;Siegfried;$ 69693.09;50%;$ 34846.55
59687;montelukast+levocetirizina;AIREAL PLUS;10/5 mg comp.rec.x 30;Siegfried;$ 39599.22;50%;$ 19799.61
44671;mupirocina;PALDAR;cr.x 15 g;Siegfried;$ 15858.43;50%;$ 7929.22
29100;nebivolol;NEBILET;5 mg comp.x 28;Siegfried;$ 19977.59;50%;$ 9988.8
47059;nebivolol+hidroclorotiazida;NEBILET D;5/12.5 mg comp.x 28;Siegfried;$ 26087.76;50%;$ 13043.88
44431;orlistat;XENICAL;120 mg caps.x 21;Siegfried;$ 2805.89;50%;$ 1402.95
24711;orlistat;XENICAL;120 mg caps.x 42;Siegfried;$ 5527.54;50%;$ 2763.77
21840;orlistat;XENICAL;120 mg caps.x 84;Siegfried;$ 10646.11;50%;$ 5323.06
28406;otilonio,bromuro;SPASMOCTYL 40;comp.x 20;Siegfried;$ 17326.94;50%;$ 8663.47
29101;otilonio,bromuro;SPASMOCTYL 40;comp.x 60;Siegfried;$ 34987.95;50%;$ 17493.98
39632;otilonio,bromuro+diazepam;SPASMOCTYL SOMATICO 40;comp.rec.x 30;Siegfried;$ 29969.75;50%;$ 14984.88
23516;pentoxifilina;PREVISCAN;rtd.600 mg comp.x 30;Siegfried;$ 21381.55;50%;$ 10690.78
2824;piroxicam;PIROXICAM DUPOMAR;20 mg comp.x 10;Siegfried;$ 1981.83;50%;$ 990.92
2825;piroxicam;PIROXICAM DUPOMAR;20 mg comp.x 30;Siegfried;$ 4067.73;50%;$ 2033.87
2832;piroxicam;PIROXICAM DUPOMAR;gel x 50 g;Siegfried;$ 2720.96;50%;$ 1360.48
18699;piroxicam+asoc.;PIROXICAM RELAX;comp.x 10;Siegfried;$ 2051.27;50%;$ 1025.64
2831;piroxicam+asoc.;PIROXICAM RELAX;comp.x 30;Siegfried;$ 4927.97;50%;$ 2463.99
21658;polimixina b+neomicina+asoc.;OTOSPORIN;gts.óticas x 10 ml;Siegfried;$ 8058.31;50%;$ 4029.16
21659;polimixina b+neomicina+asoc.;OTOSPORIN L;gts.óticas x 10 ml;Siegfried;$ 9085.02;50%;$ 4542.51
49150;pregabalina;PGB;150 mg cáps.x 30;Siegfried;$ 64129.64;50%;$ 32064.82
49151;pregabalina;PGB 75 MULTIDOSIS;75 mg comp.multid.x 15;Siegfried;$ 21781.88;50%;$ 10890.94
49152;pregabalina;PGB 75 MULTIDOSIS;75 mg comp.multid.x 30;Siegfried;$ 45560.1;50%;$ 22780.05
49149;pregabalina;PGB;75 mg cáps.x 30;Siegfried;$ 42220;50%;$ 21110
54190;quetiapina;QTP 100;100 mg comp.rec.x 30;Siegfried;$ 95771.23;50%;$ 47885.62
54191;quetiapina;QTP 200;200 mg comp.rec.x 30;Siegfried;$ 123785.23;50%;$ 61892.62
54189;quetiapina;QTP 25;25 mg comp.rec.x 30;Siegfried;$ 58200.78;50%;$ 29100.39
44880;rosuvastatina;ROXOLAN;10 mg comp.rec.x 30;Siegfried;$ 24766.48;60%;$ 9906.59
44881;rosuvastatina;ROXOLAN;20 mg comp.rec.x 30;Siegfried;$ 44753.18;60%;$ 17901.27
52552;rosuvastatina;ROXOLAN;40 mg comp.rec.x 30;Siegfried;$ 79084.43;60%;$ 31633.77
45445;rosuvastatina;ROXOLAN;5 mg comp.rec.x 30;Siegfried;$ 16357.7;60%;$ 6543.08
60243;rosuvastatina+ezetimibe;ROXOLAN PLUS;10/10 cáps.x 30;Siegfried;$ 33439.75;50%;$ 16719.88
60244;rosuvastatina+ezetimibe;ROXOLAN PLUS;20/10 cáps.x 30;Siegfried;$ 57790.81;50%;$ 28895.41
60242;rosuvastatina+ezetimibe;ROXOLAN PLUS;5/10 cáps.x 30;Siegfried;$ 30101.65;50%;$ 15050.83
52092;sacubitrilo+valsartán;ENTRESTO;100 mg comp.rec.x 30;Siegfried;$ 91135.2;50%;$ 45567.6
52093;sacubitrilo+valsartán;ENTRESTO;100 mg comp.rec.x 60;Siegfried;$ 182270.49;50%;$ 91135.25
52094;sacubitrilo+valsartán;ENTRESTO;200 mg comp.rec.x 60;Siegfried;$ 182270.49;50%;$ 91135.25
52091;sacubitrilo+valsartán;ENTRESTO;50 mg comp.rec.x 30;Siegfried;$ 91135.2;50%;$ 45567.6
41034;sildenafil;MAGNUS;100 mg comp.mast.x 10;Siegfried;$ 42885.05;50%;$ 21442.53
41033;sildenafil;MAGNUS;100 mg comp.mast.x 2;Siegfried;$ 9126.17;50%;$ 4563.09
28850;sildenafil;MAGNUS;100 mg comp.rec.x 10;Siegfried;$ 42885.05;50%;$ 21442.53
28849;sildenafil;MAGNUS;100 mg comp.rec.x 2;Siegfried;$ 9126.17;50%;$ 4563.09
28846;sildenafil;MAGNUS;25 mg comp.rec.x 10;Siegfried;$ 23344.51;50%;$ 11672.26
28845;sildenafil;MAGNUS;25 mg comp.rec.x 2;Siegfried;$ 4967.83;50%;$ 2483.92
43399;sildenafil;MAGNUS;25 mg comp.rec.x 30;Siegfried;$ 69054.68;50%;$ 34527.34
37341;sildenafil;MAGNUS;50 mg comp.mast.x 10;Siegfried;$ 29739.06;50%;$ 14869.53
37340;sildenafil;MAGNUS;50 mg comp.mast.x 2;Siegfried;$ 6328.63;50%;$ 3164.32
37342;sildenafil;MAGNUS;50 mg comp.mast.x 20;Siegfried;$ 53724.11;50%;$ 26862.06
28848;sildenafil;MAGNUS;50 mg comp.rec.x 10;Siegfried;$ 29739.06;50%;$ 14869.53
28847;sildenafil;MAGNUS;50 mg comp.rec.x 2;Siegfried;$ 6328.63;50%;$ 3164.32
30993;sildenafil;MAGNUS;50 mg comp.rec.x 20;Siegfried;$ 53724.11;50%;$ 26862.06
60957;sitagliptina;SILTRAN;100 mg comp. rec.x 30;Siegfried;$ 95735.23;100%;$ 0
60956;sitagliptina;SILTRAN;50 mg comp. rec.x 30;Siegfried;$ 88941.14;100%;$ 0
60965;sitagliptina+metformina,clorh.;SILTRAN MET;50/1000 mg comp.rec.x 30;Siegfried;$ 68721.76;100%;$ 0
61066;sitagliptina+metformina,clorh.;SILTRAN MET;50/1000 mg comp.rec.x 60;Siegfried;$ 132252.14;100%;$ 0
60959;sitagliptina+metformina,clorh.;SILTRAN MET;50/500 mg comp. rec.x 30;Siegfried;$ 60912.47;100%;$ 0
60961;sitagliptina+metformina,clorh.;SILTRAN MET;50/850 mg comp. rec.x 30;Siegfried;$ 61165.54;100%;$ 0
61065;sitagliptina+metformina,clorh.;SILTRAN MET;50/850 mg comp. rec.x 60;Siegfried;$ 113993.45;100%;$ 0
2820;sodio,cloruro+asoc.;MAR-V;fco.x 45 ml;Siegfried;$ 9108.05;50%;$ 4554.03
29548;sotalol;SOTACOR;160 mg comp.x 20;Siegfried;$ 25175.82;60%;$ 10070.33
29546;sotalol;SOTACOR;80 mg comp.x 20;Siegfried;$ 17792.19;60%;$ 7116.88
10614;sulfametoxazol+trimetoprima;BACTRIM;IV a.x 5 x 5 ml;Siegfried;$ 27417.69;60%;$ 10967.08
18741;sulfametoxazol+trimetoprima;BACTRIM FORTE;comp.x 10;Siegfried;$ 16702.3;60%;$ 6680.92
18740;sulfametoxazol+trimetoprima;BACTRIM;comp.x 20;Siegfried;$ 12972.05;60%;$ 5188.82
6312;sulfametoxazol+trimetoprima;BACTRIM;jbe.x 100 ml;Siegfried;$ 12607.27;60%;$ 5042.91
11010;sulpirida+clorazep.dipotásico;VEGESTABIL;comp.x 30;Siegfried;$ 19946.02;50%;$ 9973.01
51701;tadalafilo;MAGNUS 36;20 mg comp.rec.x 1;Siegfried;$ 12206.4;50%;$ 6103.2
51300;tadalafilo;MAGNUS 36;20 mg comp.rec.x 10;Siegfried;$ 99869.13;50%;$ 49934.57
51298;tadalafilo;MAGNUS 36;20 mg comp.rec.x 2;Siegfried;$ 23820.97;50%;$ 11910.49
51299;tadalafilo;MAGNUS 36;20 mg comp.rec.x 4;Siegfried;$ 46323.07;50%;$ 23161.54
51866;tadalafilo;MAGNUS 36;5 mg comp.rec.x 30;Siegfried;$ 102601.14;50%;$ 51300.57
55537;telmisartán;TELPRES;40 mg comp.x 28;Siegfried;$ 47393.04;60%;$ 18957.22
55541;telmisartán;TELPRES;80 mg comp.x 28;Siegfried;$ 66301.77;60%;$ 26520.71
37365;tibolona;CLIMATIX 1.25;1.25 mg comp.x 30;Siegfried;$ 21915.26;50%;$ 10957.63
34128;tibolona;CLIMATIX;2.5 mg comp.x 30;Siegfried;$ 26310.65;50%;$ 13155.33
8142;tioridazina;MELERIL;10 mg comp.rec.x 25;Siegfried;$ 10185.59;50%;$ 5092.8
8144;tioridazina;MELERIL;25 mg comp.rec.x 25;Siegfried;$ 10592.13;50%;$ 5296.07
8143;tioridazina;MELERIL;Rtd.200 mg comp.x 20;Siegfried;$ 27109.38;50%;$ 13554.69
10501;tirotricina+benzocaína;FILOTRICIN A;colut.x 45 ml;Siegfried;$ 13861.11;50%;$ 6930.56
51443;tirotricina+benzocaína;FILOTRICIN A;spray x 30 ml;Siegfried;$ 13433.28;50%;$ 6716.64
13487;tirotricina+benzocaína+asoc.;FILOTRICIN A;caram.x 10;Siegfried;$ 1324.5;50%;$ 662.25
36922;tirotricina+benzocaína+asoc.;FILOTRICIN A;exp.x 6 x 10 caram.;Siegfried;$ 7944.82;50%;$ 3972.41
60861;tobramicina+dexametasona;TRAZIDEX OFTENO;colirio x 5 ml;Siegfried;$ 11863.19;50%;$ 5931.6
17883;triamcinolona+asoc.;MANTUS;pda.x 10 g;Siegfried;$ 7039.63;50%;$ 3519.82
17884;triamcinolona+asoc.;MANTUS;pda.x 30 g;Siegfried;$ 11310.41;50%;$ 5655.21
24319;ursodesoxicólico,ác.;UDCA;250 mg cáps.x 30;Siegfried;$ 48524.2;50%;$ 24262.1
38439;ursodesoxicólico,ác.;UDCA;250 mg cáps.x 60;Siegfried;$ 92429.36;50%;$ 46214.68
47677;ursodesoxicólico,ác.;UDCA 300;300 mg cáps.x 30;Siegfried;$ 48524.2;50%;$ 24262.1
47678;ursodesoxicólico,ác.;UDCA 300;300 mg cáps.x 60;Siegfried;$ 92429.36;50%;$ 46214.68
31925;valsartán;DIOVAN;160 mg comp.rec.x 14;Siegfried;$ 19933.12;60%;$ 7973.25
31926;valsartán;DIOVAN;160 mg comp.rec.x 28;Siegfried;$ 38851.35;60%;$ 15540.54
35220;valsartán;DIOVAN;320 mg comp.rec.x 28;Siegfried;$ 42878.9;60%;$ 17151.56
33111;valsartán;DIOVAN IC;40 mg comp.rec.x 14;Siegfried;$ 20793.12;60%;$ 8317.25
31924;valsartán;DIOVAN;80 mg comp.rec.x 28;Siegfried;$ 30375.74;60%;$ 12150.3
40840;valsartán+amlodipina;EXFORGE;10/160 mg comp.rec.x 28;Siegfried;$ 51550.54;50%;$ 25775.27
42087;valsartán+amlodipina;EXFORGE;10/320 mg comp.rec.x 28;Siegfried;$ 65107.1;50%;$ 32553.55
40837;valsartán+amlodipina;EXFORGE;5/160 mg comp.rec.x 14;Siegfried;$ 27850.5;50%;$ 13925.25
40838;valsartán+amlodipina;EXFORGE;5/160 mg comp.rec.x 28;Siegfried;$ 51550.54;50%;$ 25775.27
42085;valsartán+amlodipina;EXFORGE;5/320 mg comp.rec.x 28;Siegfried;$ 67001.61;50%;$ 33500.81
43511;valsartán+amlodipina;EXFORGE;5/80 mg comp.rec.x 28;Siegfried;$ 52549.2;50%;$ 26274.6
45419;valsartán+hidrocloroti.+amlodip.;EXFORGE D;160/12.5/10 mg comp.x 28;Siegfried;$ 63350.29;50%;$ 31675.15
45260;valsartán+hidrocloroti.+amlodip.;EXFORGE D;160/12.5/5 mg comp.x 28;Siegfried;$ 63958.79;50%;$ 31979.4
45420;valsartán+hidrocloroti.+amlodip.;EXFORGE D;160/25/10 mg comp.x 28;Siegfried;$ 63958.79;50%;$ 31979.4
45261;valsartán+hidrocloroti.+amlodip.;EXFORGE D;160/25/5 mg comp.x 28;Siegfried;$ 63958.79;50%;$ 31979.4
45262;valsartán+hidrocloroti.+amlodip.;EXFORGE D;320/25/10 mg comp.x 28;Siegfried;$ 67640.01;50%;$ 33820.01
26725;valsartán+hidroclorotiazida;DIOVAN D;160/12.5 mg comp.rec.x14;Siegfried;$ 23572.93;50%;$ 11786.47
26726;valsartán+hidroclorotiazida;DIOVAN D;160/12.5 mg comp.rec.x28;Siegfried;$ 42812.81;50%;$ 21406.41
33110;valsartán+hidroclorotiazida;DIOVAN D;160/25 mg comp.rec.x 28;Siegfried;$ 43397.41;50%;$ 21698.71
40093;valsartán+hidroclorotiazida;DIOVAN D;320/12.5 mg comp.rec.x28;Siegfried;$ 48225.9;50%;$ 24112.95
40149;valsartán+hidroclorotiazida;DIOVAN D;320/25 mg comp.rec.x 28;Siegfried;$ 48225.9;50%;$ 24112.95
21563;valsartán+hidroclorotiazida;DIOVAN D;80/12.5 mg comp.rec.x 28;Siegfried;$ 36341.62;50%;$ 18170.81
23137;verapamilo;VERAL;rtd.240 mg comp.x 30;Siegfried;$ 33861.37;60%;$ 13544.55
10641;vit.a+vit.c+vit.d;TRI VI SOL;sol.x 20 ml;Siegfried;$ 15311.25;40%;$ 9186.75
53127;vit.d3;TRIP D3;cáps.dura x 1;Siegfried;$ 12231.89;40%;$ 7339.13
53128;vit.d3;TRIP D3;cáps.duras x 3;Siegfried;$ 29558.33;40%;$ 17735
33901;alprazolam;AMZIAX;0.50 mg comp.x 10;Soubeiran Chobe;$ 2337.71;50%;$ 1168.86
30085;alprazolam;AMZIAX;0.50 mg comp.x 30;Soubeiran Chobe;$ 4538.1;50%;$ 2269.05
30787;alprazolam;AMZIAX;0.50 mg comp.x 60;Soubeiran Chobe;$ 8371.76;50%;$ 4185.88
33902;alprazolam;AMZIAX;1 mg comp.x 10;Soubeiran Chobe;$ 4054.99;50%;$ 2027.5
30086;alprazolam;AMZIAX;1 mg comp.x 30;Soubeiran Chobe;$ 7916.31;50%;$ 3958.16
30788;alprazolam;AMZIAX;1 mg comp.x 60;Soubeiran Chobe;$ 14989.08;50%;$ 7494.54
30087;alprazolam;AMZIAX;2 mg comp.x 30;Soubeiran Chobe;$ 12500.24;50%;$ 6250.12
17904;bismuto,hidróxido+pectina;BISMUTO CHOBET CON PECTINA;comp.mast.x 20;Soubeiran Chobe;$ 11154;40%;$ 6692.4
35206;bismuto,hidróxido+pectina;CREMA DE BISMUTO CHOBET CON PECTINA;susp.x 120 ml;Soubeiran Chobe;$ 19266;40%;$ 11559.6
8020;bismuto,hidróxido+pectina;CREMA DE BISMUTO CHOBET CON PECTINA;susp.x 240 ml;Soubeiran Chobe;$ 36849;40%;$ 22109.4
8019;bismuto,hidróxido+pectina;CREMA DE BISMUTO CHOBET CON PECTINA;susp.x 90ml c/dosif.fant;Soubeiran Chobe;$ 14250;40%;$ 8550
8018;clofibrato;CLOFIBRATE MAGNESICO CHOBET;comp.x 50;Soubeiran Chobe;$ 27913.98;60%;$ 11165.59
36113;clonazepam;LEPTIC;0.5 mg comp.x 10;Soubeiran Chobe;$ 4321.61;50%;$ 2160.81
36114;clonazepam;LEPTIC;0.5 mg comp.x 30;Soubeiran Chobe;$ 8210.26;50%;$ 4105.13
36115;clonazepam;LEPTIC;0.5 mg comp.x 50;Soubeiran Chobe;$ 13024.01;50%;$ 6512.01
36116;clonazepam;LEPTIC;2 mg comp.x 10;Soubeiran Chobe;$ 5165.5;80%;$ 1033.1
36117;clonazepam;LEPTIC;2 mg comp.x 30;Soubeiran Chobe;$ 9870.69;80%;$ 1974.14
36118;clonazepam;LEPTIC;2 mg comp.x 50;Soubeiran Chobe;$ 15095.26;80%;$ 3019.05
18791;fluoxetina;ALENTAL;20 mg comp.rec.x 20;Soubeiran Chobe;$ 11596.88;50%;$ 5798.44
56640;fluoxetina;ALENTAL;20 mg comp.rec.x 30;Soubeiran Chobe;$ 23796.66;50%;$ 11898.33
32658;fluoxetina;ALENTAL;20 mg comp.rec.x 4;Soubeiran Chobe;$ 4107.54;50%;$ 2053.77
18792;fluoxetina;ALENTAL;20 mg comp.rec.x 40;Soubeiran Chobe;$ 25785.36;50%;$ 12892.68
56641;fluoxetina;ALENTAL;20 mg comp.rec.x 60;Soubeiran Chobe;$ 44949.11;50%;$ 22474.56
56810;ibuprofeno+codeína;MENSALGIN FORTE;30/200 mg comp.x 30;Soubeiran Chobe;$ 22144;40%;$ 13286.4
33904;ibuprofeno+codeína;MENSALGIN;comp.x 2;Soubeiran Chobe;$ 1947;40%;$ 1168.2
26659;ibuprofeno+codeína;MENSALGIN;comp.x 20;Soubeiran Chobe;$ 7196;40%;$ 4317.6
8021;indapamida;INDAPAMIDA DUREMID;comp.x 50;Soubeiran Chobe;$ 13300.78;50%;$ 6650.39
17581;lorazepam;LORAZEPAN CHOBET;1 mg comp.subl.x 50;Soubeiran Chobe;$ 9028.77;50%;$ 4514.39
32661;lorazepam;LORAZEPAN CHOBET;1 mg comp.subling.x 5;Soubeiran Chobe;$ 1949.04;50%;$ 974.52
6374;lorazepam;LORAZEPAN CHOBET;1 mg comp.x 100;Soubeiran Chobe;$ 10044.14;50%;$ 5022.07
8027;lorazepam;LORAZEPAN CHOBET;1 mg comp.x 20;Soubeiran Chobe;$ 2759.1;50%;$ 1379.55
58565;lorazepam;LORAZEPAN CHOBET;1 mg comp.x 30;Soubeiran Chobe;$ 4585.51;50%;$ 2292.76
8028;lorazepam;LORAZEPAN CHOBET;1 mg comp.x 50;Soubeiran Chobe;$ 6130.48;50%;$ 3065.24
58566;lorazepam;LORAZEPAN CHOBET;1 mg comp.x 60;Soubeiran Chobe;$ 7970.93;50%;$ 3985.47
17582;lorazepam;LORAZEPAN CHOBET;2 mg comp.subl.x 50;Soubeiran Chobe;$ 13665.78;50%;$ 6832.89
32662;lorazepam;LORAZEPAN CHOBET;2 mg comp.subling.x 5;Soubeiran Chobe;$ 1815.65;50%;$ 907.83
8026;lorazepam;LORAZEPAN CHOBET;2 mg comp.x 100;Soubeiran Chobe;$ 15181.64;50%;$ 7590.82
8024;lorazepam;LORAZEPAN CHOBET;2 mg comp.x 20;Soubeiran Chobe;$ 4075.67;50%;$ 2037.84
58567;lorazepam;LORAZEPAN CHOBET;2 mg comp.x 30;Soubeiran Chobe;$ 5155.87;50%;$ 2577.94
8025;lorazepam;LORAZEPAN CHOBET;2 mg comp.x 50;Soubeiran Chobe;$ 9307.54;50%;$ 4653.77
58568;lorazepam;LORAZEPAN CHOBET;2 mg comp.x 60;Soubeiran Chobe;$ 9320.23;50%;$ 4660.12
10055;lorazepam;LORAZEPAN CHOBET;4 mg a.x 1;Soubeiran Chobe;$ 6793.63;50%;$ 3396.82
10056;meperidina;MEPERIDINA CHOBET;100 mg a.x 1;Soubeiran Chobe;$ 6083.2;50%;$ 3041.6
44929;metadona;METACALMANS;10 mg comp.x 25;Soubeiran Chobe;$ 41891.91;50%;$ 20945.96
48951;metadona;METACALMANS;10 mg comp.x 50;Soubeiran Chobe;$ 83784.15;50%;$ 41892.08
44928;metadona;METACALMANS;5 mg comp.x 25;Soubeiran Chobe;$ 23522.53;50%;$ 11761.27
48950;metadona;METACALMANS;5 mg comp.x 50;Soubeiran Chobe;$ 47058.69;50%;$ 23529.35
52499;midazolam;REM CHOBET;15 mg comp.x 10;Soubeiran Chobe;$ 6672.93;50%;$ 3336.47
52500;midazolam;REM CHOBET;15 mg comp.x 30;Soubeiran Chobe;$ 15107.02;50%;$ 7553.51
52501;midazolam;REM CHOBET;15 mg comp.x 50;Soubeiran Chobe;$ 23797.26;50%;$ 11898.63
32660;midazolam;REM CHOBET;15 mg/3 ml a.x 2;Soubeiran Chobe;$ 12575.51;50%;$ 6287.76
30321;midazolam;REM CHOBET;50 mg/10 ml a.x 25;Soubeiran Chobe;$ 360176.66;50%;$ 180088.33
15580;morfina,clorhidrato;NEOCALMANS;1% a.x 1 x 1 ml;Soubeiran Chobe;$ 7105.21;50%;$ 3552.61
44916;morfina,clorhidrato;NEOCALMANS RETARD;10 mg comp.x 20;Soubeiran Chobe;$ 31219.69;50%;$ 15609.85
44917;morfina,clorhidrato;NEOCALMANS RETARD;10 mg comp.x 50;Soubeiran Chobe;$ 68632.9;50%;$ 34316.45
15581;morfina,clorhidrato;NEOCALMANS;2% a.x 1 x 1 ml;Soubeiran Chobe;$ 12042.93;50%;$ 6021.47
18342;morfina,clorhidrato;NEOCALMANS;20 mg sup.x 10;Soubeiran Chobe;$ 776.15;50%;$ 388.08
44914;morfina,clorhidrato;NEOCALMANS RETARD;30 mg comp.x 20;Soubeiran Chobe;$ 58107.75;50%;$ 29053.88
18340;morfina,clorhidrato;NEOCALMANS;30 mg comp.x 20;Soubeiran Chobe;$ 32883.3;50%;$ 16441.65
44915;morfina,clorhidrato;NEOCALMANS RETARD;30 mg comp.x 50;Soubeiran Chobe;$ 138004.55;50%;$ 69002.28
18341;morfina,clorhidrato;NEOCALMANS;30 mg comp.x 50;Soubeiran Chobe;$ 79526.77;50%;$ 39763.39
18343;morfina,clorhidrato;NEOCALMANS;30 mg sup.x 10;Soubeiran Chobe;$ 918.72;50%;$ 459.36
54830;morfina,clorhidrato;NEOCALMANS;60 mg comp.x 50;Soubeiran Chobe;$ 75355.78;50%;$ 37677.89
44918;morfina,sulfato;NEOCALMANS IT;1 mg/ml a.x 1 x 2 ml;Soubeiran Chobe;$ 7067.25;50%;$ 3533.63
13994;nalbufina;NALBUFINA CHOBET;10 mg a.x 10;Soubeiran Chobe;$ 29608.11;50%;$ 14804.06
13993;nalbufina;NALBUFINA CHOBET;10 mg a.x 5;Soubeiran Chobe;$ 15791.91;50%;$ 7895.96
13995;nalbufina;NALBUFINA CHOBET;10 mg vial x 10 ml;Soubeiran Chobe;$ 33224.66;50%;$ 16612.33
13996;nalbufina;NALBUFINA CHOBET;20 mg a.x 10 x 1 ml;Soubeiran Chobe;$ 51755.12;50%;$ 25877.56
13997;nalbufina;NALBUFINA CHOBET;20 mg vial x 10 ml;Soubeiran Chobe;$ 55299.98;50%;$ 27649.99
29066;naltrexona;REVEZ;50 mg comp.x 10;Soubeiran Chobe;$ 76789.04;50%;$ 38394.52
20444;naltrexona;REVEZ;50 mg comp.x 25;Soubeiran Chobe;$ 179473.84;50%;$ 89736.92
20445;naltrexona;REVEZ;50 mg comp.x 50;Soubeiran Chobe;$ 348563.67;50%;$ 174281.84
36339;oxicodona;OXICALMANS;10 mg comp.lib.contr.x30;Soubeiran Chobe;$ 86139.01;50%;$ 43069.51
36340;oxicodona;OXICALMANS;20 mg comp.lib.contr.x30;Soubeiran Chobe;$ 129180.72;50%;$ 64590.36
36341;oxicodona;OXICALMANS;40 mg comp.lib.contr.x30;Soubeiran Chobe;$ 210423.34;50%;$ 105211.67
29065;sulfadiazina de plata+asoc.;PLATSUL-A GASAS;após.x 10;Soubeiran Chobe;$ 19685.24;50%;$ 9842.62
20063;sulfadiazina de plata+asoc.;PLATSUL-A;cr.x 200 g;Soubeiran Chobe;$ 35901.26;50%;$ 17950.63
11221;sulfadiazina de plata+asoc.;PLATSUL-A;cr.x 30 g;Soubeiran Chobe;$ 8002.65;50%;$ 4001.33
47598;sulfadiazina de plata+asoc.;PLATSUL-A;cr.x 350 g;Soubeiran Chobe;$ 62523.31;50%;$ 31261.66
8044;takadiastasa+pancreatina+pepsina;TRIDIGESTIVO VL;grag.x 20;Soubeiran Chobe;$ 8328.95;50%;$ 4164.48
54192;tramadol;ULTRACALMANS;50 mg comp.x 10;Soubeiran Chobe;$ 9054.18;50%;$ 4527.09
54193;tramadol;ULTRACALMANS;50 mg comp.x 20;Soubeiran Chobe;$ 16237.7;50%;$ 8118.85
54194;tramadol;ULTRACALMANS;50 mg comp.x 30;Soubeiran Chobe;$ 23782.17;50%;$ 11891.09
54195;tramadol;ULTRACALMANS;50 mg gts.x 20 ml;Soubeiran Chobe;$ 26843.31;50%;$ 13421.66
50675;troxerrutina+magn.ascorbato;VERALDID 500/150;500/150 comp.x 30;Soubeiran Chobe;$ 31133.76;50%;$ 15566.88
50676;troxerrutina+magn.ascorbato;VERALDID 500/150;500/150 comp.x 60;Soubeiran Chobe;$ 54323.74;50%;$ 27161.87
50673;troxerrutina+magn.ascorbato;VERALDID;comp.x 30;Soubeiran Chobe;$ 14591.77;50%;$ 7295.89
50674;troxerrutina+magn.ascorbato;VERALDID;comp.x 60;Soubeiran Chobe;$ 28755.46;50%;$ 14377.73
10558;zinc-piridin-3carboxilato;NICOZINC;comp.x 20;Soubeiran Chobe;$ 8122.89;50%;$ 4061.45
10559;zinc-piridin-3carboxilato;NICOZINC;comp.x 50;Soubeiran Chobe;$ 18437.42;50%;$ 9218.71
45492;zinc-piridin-3carboxilato;NICOZINC;sol.x 20 ml;Soubeiran Chobe;$ 8793.62;50%;$ 4396.81
8649;zinc-piridin-3carboxilato;NICOZINC;sol.x 40 ml;Soubeiran Chobe;$ 12045.52;50%;$ 6022.76
41481;trimebutina;ALTRIP 200;comp.x 60;Spedrog Caillon;$ 593.28;50%;$ 296.64
10490;betametasona;TRANSDERMA B;cr.x 20 g;Szama;$ 433.97;50%;$ 216.99
28649;cistina+asoc.;CISTINA-B6 SZAMA;comp.rec.x 60;Szama;$ 1152;40%;$ 691.2
10493;hidrocortisona;TRANSDERMA H;cr.x 20 g;Szama;$ 433.97;50%;$ 216.99
8742;siliconas+asoc.;NOTOXIN;ung.x 20 g;Szama;$ 567.5;50%;$ 283.75
50097;dexlansoprazol;APATRIX 30;cáps. x 15;Takeda;$ 1148.33;40%;$ 689
50099;dexlansoprazol;APATRIX 60;cáps. x 15;Takeda;$ 1626.26;40%;$ 975.76
35534;hierro+vit.b12+fólico,ác.;FERRANIN COMPLEX;iny.x 10 x 2 ml;Takeda;$ 2652.44;50%;$ 1326.22
1761;hierro+vit.b12+fólico,ác.;FERRANIN COMPLEX;iny.x 5 x 2 ml;Takeda;$ 1671.95;50%;$ 835.98
35533;hierro,polimaltosato;FERRANIN;iny.IM a.x 10 x 2 ml;Takeda;$ 2376.85;50%;$ 1188.43
17563;hierro,polimaltosato;FERRANIN;iny.IM a.x 5 x 2 ml;Takeda;$ 1317.35;50%;$ 658.68
46072;lornoxicam;XEFO RAPID;8 mg comp.rec.x 30;Takeda;$ 861.53;50%;$ 430.77
33570;mesalazina;YOLECOL;500 mg sup.x 30;Takeda;$ 1947.51;50%;$ 973.76
33567;mesalazina;YOLECOL;800 mg comp.x 30;Takeda;$ 3147.68;50%;$ 1573.84
28970;plántago ovata;PLANTABEN;sob.monodosis x 30;Takeda;$ 1624.1;50%;$ 812.05
51322;hierro+vit.b12+fólico,ác.;FERRANIN COMPLEX;comp.rec.x 30;Takeda Argentin;$ 3052.14;50%;$ 1526.07
51319;hierro+vit.b12+fólico,ác.;FERRANIN COMPLEX;comp.rec.x 60;Takeda Argentin;$ 5531.62;50%;$ 2765.81
33568;mesalazina;YOLECOL;800 mg comp.x 60;Takeda Argentin;$ 33803.96;50%;$ 16901.98
33569;mesalazina;YOLECOL;800 mg comp.x 90;Takeda Argentin;$ 45636.72;50%;$ 22818.36
35655;losartán;LOSARTAN TECHSPERE;50 mg comp.x 30;Techsphere;$ 13264.07;60%;$ 5305.63
49533;acetilcisteína;BRONCOLIUM 200;200 mg comp.eferv.x 12;Temis-Lostal¿;$ 3423.61;40%;$ 2054.17
44931;acetilcisteína;BRONCOLIUM;600 mg comp.eferv.x 12;Temis-Lostal¿;$ 19925.94;40%;$ 11955.56
48318;acetilcisteína;BRONCOLIUM;600 mg comp.eferv.x 24;Temis-Lostal¿;$ 33031.78;40%;$ 19819.07
50888;ambroxol+butamirato+clorfeniram.;ASEPTOBRON C PLUS;jbe.x 120 ml;Temis-Lostal¿;$ 30347.24;50%;$ 15173.62
32072;amlodipina;CALPRES;10 mg comp.x 30;Temis-Lostal¿;$ 26077.41;60%;$ 10430.96
32073;amlodipina;CALPRES;10 mg comp.x 60;Temis-Lostal¿;$ 55610.77;60%;$ 22244.31
32070;amlodipina;CALPRES;5 mg comp.x 30;Temis-Lostal¿;$ 18144.96;60%;$ 7257.98
32071;amlodipina;CALPRES;5 mg comp.x 60;Temis-Lostal¿;$ 36077.2;60%;$ 14430.88
32390;bisoprolol;LOSTAPROLOL;10 mg comp.rec.x 30;Temis-Lostal¿;$ 22602.93;60%;$ 9041.17
46746;bisoprolol;LOSTAPROLOL;2.5 mg comp.rec.x 30;Temis-Lostal¿;$ 9119.25;60%;$ 3647.7
32389;bisoprolol;LOSTAPROLOL;5 mg comp.rec.x 30;Temis-Lostal¿;$ 17294.7;60%;$ 6917.88
53385;bisoprolol+hidroclorotiazida;LOSTAPROLOL DIUR 5/12.5;5/12.5 mg comp.x 30;Temis-Lostal¿;$ 651.31;50%;$ 325.66
50868;clorfeniramina maleato+ibuprofen;ASEPTOBRON ANTIGRIPAL FORTE;comp.rec.x 10;Temis-Lostal¿;$ 9142.59;40%;$ 5485.55
50869;clorfeniramina maleato+ibuprofen;ASEPTOBRON ANTIGRIPAL FORTE;comp.rec.x 20;Temis-Lostal¿;$ 8988.67;40%;$ 5393.2
8766;clorfeniramina+dextrometorfano;ASEPTOBRON;jbe.x 150 ml;Temis-Lostal¿;$ 29932.37;40%;$ 17959.42
58298;colestiramina;NIVELIPOL RESINA;pvo.p/susp.oral sob.x 30;Temis-Lostal¿;$ 69571.68;60%;$ 27828.67
35709;condroitín,sulfato+glucosamina;FINDOL PLUS;sob.x 30;Temis-Lostal¿;$ 147271.03;40%;$ 88362.62
22289;diclofenac+vit.b12+betametasona;VIROBRON B12 NF;comp.rec.x 20;Temis-Lostal¿;$ 14737.38;40%;$ 8842.43
8765;dihidrocodeinona+resina-clorf.;ASEPTOBRON UNICAP;cáps.x 15;Temis-Lostal¿;$ 57721.16;50%;$ 28860.58
35864;donepecilo;CEBROCAL;10 mg comp.x 30;Temis-Lostal¿;$ 56741.17;50%;$ 28370.59
35863;donepecilo;CEBROCAL;5 mg comp.x 30;Temis-Lostal¿;$ 45628.32;50%;$ 22814.16
50364;dutasteride;UROCONT;cáps.x 30;Temis-Lostal¿;$ 41124.97;50%;$ 20562.49
53392;dutasteride+tamsulosina;UROCONT DUO;0.5/0.4 mg cáps.x 30;Temis-Lostal¿;$ 62348.34;50%;$ 31174.17
8873;enalapril;VAPRESAN;10 mg comp.x 30;Temis-Lostal¿;$ 11094.85;80%;$ 2218.97
8874;enalapril;VAPRESAN;10 mg comp.x 60;Temis-Lostal¿;$ 19603.28;80%;$ 3920.66
8875;enalapril;VAPRESAN;20 mg comp.x 30;Temis-Lostal¿;$ 11930.96;80%;$ 2386.19
8876;enalapril;VAPRESAN;20 mg comp.x 60;Temis-Lostal¿;$ 27772.89;80%;$ 5554.58
13308;enalapril;VAPRESAN;5 mg comp.x 30;Temis-Lostal¿;$ 7782.9;80%;$ 1556.58
13309;enalapril;VAPRESAN;5 mg comp.x 60;Temis-Lostal¿;$ 12081.33;80%;$ 2416.27
17331;enalapril+hidroclorotiazida;VAPRESAN DIUR;comp.x 30;Temis-Lostal¿;$ 15190.87;80%;$ 3038.17
44049;escitalopram;BEAPLEN 10;10 mg comp.rec.x 30;Temis-Lostal¿;$ 37408.63;50%;$ 18704.32
44050;escitalopram;BEAPLEN 20;20 mg comp.rec.x 30;Temis-Lostal¿;$ 64887.43;50%;$ 32443.72
32392;estriol;COLPOESTRIOL;cr.x 15 g;Temis-Lostal¿;$ 25325;50%;$ 12662.5
48647;estriol;COLPOESTRIOL;óv.x 15;Temis-Lostal¿;$ 36882.86;50%;$ 18441.43
47731;fenofibrato micronizado;LIPTUIN;200 mg cáps.x 30;Temis-Lostal¿;$ 39477.75;60%;$ 15791.1
5792;fluoxetina;EQUILIBRANE;20 mg comp.x 30;Temis-Lostal¿;$ 20115.73;50%;$ 10057.87
17441;fluoxetina;EQUILIBRANE;20 mg comp.x 60;Temis-Lostal¿;$ 40862.33;50%;$ 20431.17
45699;glucosamina;FINDOL;sob.x 30;Temis-Lostal¿;$ 57187.16;40%;$ 34312.3
37828;hierro,polimaltosato;FERRANIN;comp.rec.x 30;Temis-Lostal¿;$ 2878.71;50%;$ 1439.36
47289;ibandronato,sód.+calcio+vit.d3;DISDUAL PLUS;comp.x 1+comp.mast.x 30;Temis-Lostal¿;$ 45720.55;50%;$ 22860.28
47403;ibandrónico,ác.;DISDUAL;150 mg X 1 comp. rec.;Temis-Lostal¿;$ 42130.74;50%;$ 21065.37
44936;levetiracetam;MOLIVAL 1000;1000 mg comp.rec.x 30;Temis-Lostal¿;$ 149093.75;50%;$ 74546.88
44935;levetiracetam;MOLIVAL 500;500 mg comp.rec.x 60;Temis-Lostal¿;$ 139889.24;50%;$ 69944.62
44051;levofloxacina;ZENIC 750;750 mg comp.rec.x 5;Temis-Lostal¿;$ 539.61;60%;$ 215.84
15424;lisado bacteriano;OMMUNAL ADULTOS;cáps.x 10;Temis-Lostal¿;$ 72997.66;40%;$ 43798.6
15425;lisado bacteriano;OMMUNAL NIÑOS;cáps.x 10;Temis-Lostal¿;$ 43063.96;40%;$ 25838.38
8820;loperamida+neomicina;NEOMAS L;comp.x 16;Temis-Lostal¿;$ 21204.97;50%;$ 10602.49
41659;losartán;TEMISARTAN;100 mg comp.x 30;Temis-Lostal¿;$ 30794.75;60%;$ 12317.9
31012;losartán;TEMISARTAN;50 mg comp.x 30;Temis-Lostal¿;$ 25778.56;60%;$ 10311.42
41661;losartán+hidroclorotiazida;TEMISARTAN DIUR 100/25;comp.rec.x 30;Temis-Lostal¿;$ 32176.38;50%;$ 16088.19
41660;losartán+hidroclorotiazida;TEMISARTAN DIUR 50/12.5;comp.rec.x 30;Temis-Lostal¿;$ 29219.46;50%;$ 14609.73
46798;magnesio;TOTAL MAGNESIANO;comp.rec.x 30;Temis-Lostal¿;$ 51799.56;40%;$ 31079.74
46799;magnesio;TOTAL MAGNESIANO;comp.rec.x 60;Temis-Lostal¿;$ 99952.25;40%;$ 59971.35
8854;magnesio;TOTAL MAGNESIANO EFERVESCENTE;comp.x 24;Temis-Lostal¿;$ 41060.23;40%;$ 24636.14
8859;magnesio;TOTAL MAGNESIANO;gran.fco.x 100 g;Temis-Lostal¿;$ 37556.74;40%;$ 22534.04
8858;magnesio;TOTAL MAGNESIANO;gran.fco.x 50 g;Temis-Lostal¿;$ 20023.58;40%;$ 12014.15
21224;magnesio;TOTAL MAGNESIANO LIMON;pvo.gran.x 50 g;Temis-Lostal¿;$ 35613.67;40%;$ 21368.2
45692;magnesio;TOTAL MAGNESIANO EFERVESCENTE;pvo.sob.x 30;Temis-Lostal¿;$ 49955.51;40%;$ 29973.31
30794;magnesio+asoc.;TOTAL MAGNESIANO ENERGIZANTE;comp.eferv.x 12;Temis-Lostal¿;$ 4506.43;40%;$ 2703.86
25768;magnesio+asoc.;TOTAL MAGNESIANO ENERGIZANTE;comp.eferv.x 24;Temis-Lostal¿;$ 32635.79;40%;$ 19581.47
52495;magnesio+asoc.;TOTAL MAGNESIANO VITALIZANTE PLUS;comp.eferv.x 24;Temis-Lostal¿;$ 32810.17;40%;$ 19686.1
21984;magnesio+asoc.;TOTAL MAGNESIANO ANTIOXIDANTE;comp.rec.x 30;Temis-Lostal¿;$ 34236.44;40%;$ 20541.86
51627;magnesio+asoc.;TOTAL MAGNESIANO SPORT;comp.rec.x 30;Temis-Lostal¿;$ 29536.11;40%;$ 17721.67
42227;magnesio+asoc.;TOTAL MAGNESIANO ENERGIZANTE;comp.rec.x 30;Temis-Lostal¿;$ 26807.69;40%;$ 16084.61
48648;magnesio+asoc.;TOTAL MAGNESIANO B6;comp.rec.x 30;Temis-Lostal¿;$ 70162.82;40%;$ 42097.69
52493;magnesio+asoc.;TOTAL MAGNESIANO VITALIZANTE PLUS;comp.rec.x 30;Temis-Lostal¿;$ 26640.99;40%;$ 15984.59
48853;magnesio+asoc.;TOTAL MAGNESIANO B6;comp.rec.x 60;Temis-Lostal¿;$ 42590.4;40%;$ 25554.24
45690;magnesio+asoc.;TOTAL MAGNESIANO STRESS;pvo.eferv.sob.x 30;Temis-Lostal¿;$ 52185.95;40%;$ 31311.57
45691;magnesio+asoc.;TOTAL MAGNESIANO SPORT;sob.x 30;Temis-Lostal¿;$ 30891.57;40%;$ 18534.94
45694;magnesio+ginseng+asoc.;TOTAL MAGNESIANO GINSENG;pvo.sob.x 30;Temis-Lostal¿;$ 57953.82;40%;$ 34772.29
9453;magnesio+vit.c;TOTAL MAGNESIANO VITAMINA C;comp.eferv.x 24;Temis-Lostal¿;$ 42353.28;40%;$ 25411.97
45693;magnesio+vit.c;TOTAL MAGNESIANO VITAMINA C;pvo.eferv.sob.x 30;Temis-Lostal¿;$ 51820.16;40%;$ 31092.1
10286;meloxicam;VIROBRON;comp.x 15;Temis-Lostal¿;$ 4872.6;40%;$ 2923.56
967;meloxicam;VIROBRON;comp.x 30;Temis-Lostal¿;$ 39713.55;40%;$ 23828.13
44528;meloxicam+pridinol;MIO VIROBRON;comp.x 10;Temis-Lostal¿;$ 14572.02;40%;$ 8743.21
20335;meloxicam+pridinol;MIO VIROBRON;comp.x 20;Temis-Lostal¿;$ 28359.19;40%;$ 17015.51
49084;memantine;PRECEL 20;comp.multirran.x 30;Temis-Lostal¿;$ 19303.32;50%;$ 9651.66
8763;mentol+alcanfor+asoc.;ASEPTOBRON INHALACIONES;perlas x 10;Temis-Lostal¿;$ 9869.35;50%;$ 4934.68
36788;metformina;METFORMIN TEMIS;1 g comp.rec.x 30;Temis-Lostal¿;$ 17597.25;100%;$ 0
36789;metformina;METFORMIN TEMIS;1 g comp.rec.x 60;Temis-Lostal¿;$ 31278.29;100%;$ 0
17329;metformina;METFORMIN TEMIS;500 mg comp.x 30;Temis-Lostal¿;$ 5973.37;100%;$ 0
17330;metformina;METFORMIN TEMIS;500 mg comp.x 60;Temis-Lostal¿;$ 11450.02;100%;$ 0
21685;metformina;METFORMIN TEMIS;850 mg comp.rec.x 30;Temis-Lostal¿;$ 13474.3;100%;$ 0
21686;metformina;METFORMIN TEMIS;850 mg comp.rec.x 60;Temis-Lostal¿;$ 26023.72;100%;$ 0
40694;miconazol+metronidazol+asoc.;NEO PELVICILLIN;óv.x 6;Temis-Lostal¿;$ 20327.76;40%;$ 12196.66
8822;neomicina;NEOMAS BOWERS;250 mg comp.x 16;Temis-Lostal¿;$ 22687.47;60%;$ 9074.99
9457;norfloxacina;UROTEM;comp.x 14;Temis-Lostal¿;$ 16731.42;60%;$ 6692.57
32270;norfloxacina;UROTEM;comp.x 20;Temis-Lostal¿;$ 23246.24;60%;$ 9298.5
30587;norfloxacina+fenazopiridina;UROTEM DOL;comp.x 10 + 10;Temis-Lostal¿;$ 12067.09;50%;$ 6033.55
45689;olanzapina;SARTINA;10 mg comp.x 30;Temis-Lostal¿;$ 192165.77;50%;$ 96082.89
45687;olanzapina;SARTINA;5 mg comp.x 30;Temis-Lostal¿;$ 97657.06;50%;$ 48828.53
33093;paroxetina;AFENEXIL;20 mg comp.rec.x 30;Temis-Lostal¿;$ 40464.33;50%;$ 20232.17
14563;polen,extracto;CERNILTON PLUS;cáps.x 30;Temis-Lostal¿;$ 43413.45;50%;$ 21706.73
47875;pregabalina;KABIAN 100 MULTIDOSIS;100 mg comp.trirran.x 30;Temis-Lostal¿;$ 68258.74;50%;$ 34129.37
54757;pregabalina;KABIAN 150 MULTIDOSIS;150 mg comp.birran.x 30;Temis-Lostal¿;$ 41206.38;50%;$ 20603.19
44933;pregabalina;KABIAN 150;150 mg cáps.x 30;Temis-Lostal¿;$ 38474.17;50%;$ 19237.09
54758;pregabalina;KABIAN 75 MULTIDOSIS;75 mg comp.birran.x 30;Temis-Lostal¿;$ 43381.57;50%;$ 21690.79
44932;pregabalina;KABIAN 75;75 mg cáps.x 30;Temis-Lostal¿;$ 33369.5;50%;$ 16684.75
61307;promestriene;COLPOESTRIENE;cr. vag. x 15 g.;Temis-Lostal¿;$ 23369.7;50%;$ 11684.85
61218;promestriene;COLPOESTRIENE;óv. x 10;Temis-Lostal¿;$ 21369.39;50%;$ 10684.7
61219;promestriene;COLPOESTRIENE;óv. x 20;Temis-Lostal¿;$ 39533.23;50%;$ 19766.62
16217;pygeum africanum+serenoa rep.;NORMOPROST PLUS;cáps.x 30;Temis-Lostal¿;$ 41745.05;50%;$ 20872.53
47847;quetiapina;DENDRITEX 100;100 mg comp.trirran.x 30;Temis-Lostal¿;$ 96484.79;50%;$ 48242.4
47846;quetiapina;DENDRITEX 25;25 mg comp.rec.x 30;Temis-Lostal¿;$ 58622.76;50%;$ 29311.38
47211;ramipril;LOSTAPRES;10 mg comp.x 30;Temis-Lostal¿;$ 53765.24;60%;$ 21506.1
21981;ramipril;LOSTAPRES;2.5 mg comp.x 30;Temis-Lostal¿;$ 21983.15;60%;$ 8793.26
21983;ramipril;LOSTAPRES;5 mg comp.x 30;Temis-Lostal¿;$ 40346.29;60%;$ 16138.52
44047;rosuvastatina;NODIS 10;10 mg comp.rec.x 30;Temis-Lostal¿;$ 23328.81;60%;$ 9331.52
44048;rosuvastatina;NODIS 20;20 mg comp.rec.x 30;Temis-Lostal¿;$ 41611.26;60%;$ 16644.5
53391;rosuvastatina;NODIS 40;40 mg comp.rec.x 30;Temis-Lostal¿;$ 71715.89;60%;$ 28686.36
44937;rosuvastatina;NODIS 5;5 mg comp.rec.x 30;Temis-Lostal¿;$ 15480.57;60%;$ 6192.23
49611;saccharomyces boulardii;FLORATIL 250;250 mg cáps.x 12;Temis-Lostal¿;$ 22458.68;50%;$ 11229.34
50145;saccharomyces boulardii;FLORATIL 250;250 mg cáps.x 50;Temis-Lostal¿;$ 76314.09;50%;$ 38157.05
49612;saccharomyces boulardii;FLORATIL 250;250 mg pvo.sob.x 10;Temis-Lostal¿;$ 22710.85;50%;$ 11355.43
21223;simvastatin;NIVELIPOL;20 mg comp.x 30;Temis-Lostal¿;$ 16644.01;60%;$ 6657.6
56984;solifenacina;CISTIL;10 mg comp.rec.x 30;Temis-Lostal¿;$ 50057.76;50%;$ 25028.88
56983;solifenacina;CISTIL;5 mg comp.rec.x 30;Temis-Lostal¿;$ 44297.56;50%;$ 22148.78
51690;tadalafilo;VIRILON MAX;20 mg comp.rec.x 1;Temis-Lostal¿;$ 445.89;50%;$ 222.95
51691;tadalafilo;VIRILON MAX;20 mg comp.rec.x 2;Temis-Lostal¿;$ 11362.63;50%;$ 5681.32
51692;tadalafilo;VIRILON MAX;20 mg comp.rec.x 4;Temis-Lostal¿;$ 48410.36;50%;$ 24205.18
36782;tamsulosina;LOSTAM;0.4mg cáps.lib.prol.x 30;Temis-Lostal¿;$ 42740.68;50%;$ 21370.34
50146;tirotricina+benzocaína+asoc.;ASEPTOBRON CARAMELOS;env.x 9;Temis-Lostal¿;$ 3142.52;50%;$ 1571.26
39873;tióctico,ác.;TIOCTIC TEMIS;comp.x 30;Temis-Lostal¿;$ 50731.85;50%;$ 25365.93
25767;tolterodina;TOLTEM;comp.rec.x 30;Temis-Lostal¿;$ 41747.08;50%;$ 20873.54
48735;triiodotironina+flumetasona;TRESITE F;pomo x 40 g;Temis-Lostal¿;$ 54151.86;50%;$ 27075.93
51179;valsartán;NICORVAS;160 mg comp.rec.x 30;Temis-Lostal¿;$ 38234.51;60%;$ 15293.8
51178;valsartán;NICORVAS;80 mg comp.rec.x 30;Temis-Lostal¿;$ 30466.71;60%;$ 12186.68
51177;valsartán+amlodipina;NICORVAS A;160/5 mg comp.rec.x 30;Temis-Lostal¿;$ 45108.2;50%;$ 22554.1
51180;valsartán+hidroclorotiazida;NICORVAS DIUR;160/25 mg comp.rec.x30;Temis-Lostal¿;$ 41413.87;50%;$ 20706.94
51181;valsartán+hidroclorotiazida;NICORVAS DIUR;80/12.5 mg comp.rec.x30;Temis-Lostal¿;$ 33152.48;50%;$ 16576.24
21841;yohimbina+asoc.;OPTIMINA PLUS;blíst.comp.rec.x 30;Temis-Lostal¿;$ 39387.05;50%;$ 19693.53
54594;acetilcisteína;ACETILCISTEINA TEVA;600 mg comp.eferv.x 10;Teva Argentina;$ 12347.54;40%;$ 7408.52
27610;acitretina;NEOTIGASON;10 mg cáps.x 30;Teva Argentina;$ 51172.11;50%;$ 25586.06
26974;acitretina;NEOTIGASON;25 mg cáps.x 30;Teva Argentina;$ 107778.48;50%;$ 53889.24
28381;alendronato;ARENDAL;70 mg comp.x 4;Teva Argentina;$ 25266.94;60%;$ 10106.78
39569;amlodipina+losartán,potásico;TERLOC MAX;100/5 mg comp.(30 + 30);Teva Argentina;$ 43695.4;50%;$ 21847.7
52123;amlodipina+losartán,potásico;NITEN MAX 5/100;5/100 mg comp.x 30;Teva Argentina;$ 39398.88;50%;$ 19699.44
52122;amlodipina+losartán,potásico;NITEN MAX 5/50;5/50 mg comp.x 30;Teva Argentina;$ 35322;50%;$ 17661
39568;amlodipina+losartán,potásico;TERLOC MAX;50/5 mg comp.(30 + 30);Teva Argentina;$ 40443.29;50%;$ 20221.65
22523;atorvastatín;LIPIBEC;10 mg comp.rec.x 30;Teva Argentina;$ 40438.86;60%;$ 16175.54
28382;atorvastatín;LIPIBEC;10 mg comp.rec.x 60;Teva Argentina;$ 67899.18;60%;$ 27159.67
22524;atorvastatín;LIPIBEC;20 mg comp.rec.x 30;Teva Argentina;$ 67489.95;60%;$ 26995.98
28383;atorvastatín;LIPIBEC;20 mg comp.rec.x 60;Teva Argentina;$ 115363;60%;$ 46145.2
31292;atorvastatín;LIPIBEC;40 mg comp.rec.x 30;Teva Argentina;$ 73428.19;60%;$ 29371.28
44896;atorvastatín+ezetimibe;LIPIBEC PLUS;10/10 mg comp.x 30;Teva Argentina;$ 43845.32;50%;$ 21922.66
44897;atorvastatín+ezetimibe;LIPIBEC PLUS;20/10 mg comp.x 30;Teva Argentina;$ 59398.05;50%;$ 29699.03
47868;betametasona+gentamicina;DEXALERGIN NF;cr.x 20 g;Teva Argentina;$ 7919.71;40%;$ 4751.83
1567;bezafibrato;BEZALIP RETARD;comp.rec.x 30;Teva Argentina;$ 54722.56;60%;$ 21889.02
55926;bisoprolol;BISOPROLOL TEVA;10 mg comp.x 30;Teva Argentina;$ 19971.52;60%;$ 7988.61
55925;bisoprolol;BISOPROLOL TEVA;5 mg comp.x 30;Teva Argentina;$ 15617.12;60%;$ 6246.85
11721;bromazepam;ATEMPERATOR;3 mg comp.x 30;Teva Argentina;$ 6170.89;50%;$ 3085.45
11722;bromazepam;ATEMPERATOR;3 mg comp.x 60;Teva Argentina;$ 8652.72;50%;$ 4326.36
11723;bromazepam;ATEMPERATOR;6 mg comp.x 30;Teva Argentina;$ 11059.74;50%;$ 5529.87
11724;bromazepam;ATEMPERATOR;6 mg comp.x 60;Teva Argentina;$ 20775.86;50%;$ 10387.93
3329;carbamazepina;CONFORMAL;200 mg comp.x 30;Teva Argentina;$ 16663.94;80%;$ 3332.79
10411;carbamazepina;CONFORMAL;200 mg comp.x 60;Teva Argentina;$ 36228.59;80%;$ 7245.72
930;carbamazepina;CONFORMAL AP;400 mg comp.x 30;Teva Argentina;$ 1007.11;80%;$ 201.42
34743;cefalexina;KEFORAL;1000 mg comp.rec.x 16;Teva Argentina;$ 25403.3;60%;$ 10161.32
5073;cefalexina;KEFORAL;1000 mg comp.rec.x 8;Teva Argentina;$ 13942.71;60%;$ 5577.08
5071;cefalexina;KEFORAL;500 mg comp.rec.x 16;Teva Argentina;$ 13109.79;60%;$ 5243.92
34742;cefalexina;KEFORAL;500 mg comp.rec.x 24;Teva Argentina;$ 16490.42;60%;$ 6596.17
5070;cefalexina;KEFORAL;500 mg comp.rec.x 8;Teva Argentina;$ 7436.58;60%;$ 2974.63
10040;cefalexina;KEFORAL;500 mg jbe.extr.x 100 ml;Teva Argentina;$ 19285.22;60%;$ 7714.09
10039;cefalexina;KEFORAL;500 mg jbe.extr.x 60 ml;Teva Argentina;$ 11639.04;60%;$ 4655.62
51838;cetirizina;DEXALERGIN NOVO CB;10 mg cáps.bl.x 30;Teva Argentina;$ 789.91;40%;$ 473.95
30386;citalopram;PSICONOR;20 mg comp.x 15;Teva Argentina;$ 1418.84;50%;$ 709.42
30387;citalopram;PSICONOR;20 mg comp.x 30;Teva Argentina;$ 36077.66;50%;$ 18038.83
7610;clonixinato lisina;DOLEX;125 mg comp.rec.x 100;Teva Argentina;$ 440.87;50%;$ 220.44
61490;dapagliflozina;JALORESE;10 mg comp.x 28;Teva Argentina;$ 72161.95;100%;$ 0
8666;dexametasona+clorfeniramina;DEXALERGIN;comp.rec.x 20;Teva Argentina;$ 11315.9;50%;$ 5657.95
8667;dexametasona+clorfeniramina;DEXALERGIN;comp.rec.x 40;Teva Argentina;$ 17107.95;50%;$ 8553.98
8670;dexametasona+clorfeniramina;DEXALERGIN;jbe.x 100 ml;Teva Argentina;$ 9126.7;50%;$ 4563.35
8668;dexametasona+neomicina+asoc.;DEXALERGIN;gts.x 30 ml;Teva Argentina;$ 10125.61;50%;$ 5062.81
8669;dexametasona+neomicina+asoc.;DEXALERGIN;gts.x 60 ml;Teva Argentina;$ 17928.72;50%;$ 8964.36
23659;dexametasona+neomicina+asoc.;DEXALERGIN N;sol.atomiz.x10 ml c/valv;Teva Argentina;$ 11312.57;50%;$ 5656.29
42772;diacereína;NULARTRIN;50 mg cáps.x 30;Teva Argentina;$ 35110.44;50%;$ 17555.22
47405;diacereína;NULARTRIN;50 mg cáps.x 60;Teva Argentina;$ 54221.33;50%;$ 27110.67
52432;diacereína+sulf.glucosamina pot.;NULARTRIN GLUCO;caps.x 60;Teva Argentina;$ 1643.26;50%;$ 821.63
40726;diclofenac sódico;KINALGIN;1.5% sol.tópica x 60 ml;Teva Argentina;$ 21786.91;40%;$ 13072.15
54515;diclofenac sódico;DICLOFENAC TEVA;75 mg comp.x 10;Teva Argentina;$ 550.92;40%;$ 330.55
54516;diclofenac sódico;DICLOFENAC TEVA;75 mg comp.x 30;Teva Argentina;$ 1015.44;40%;$ 609.26
53923;diclofenac+pridinol;DICLOFENAC PRIDINOL TEVA;4 mg comp.x 10;Teva Argentina;$ 731.77;40%;$ 439.06
53924;diclofenac+pridinol;DICLOFENAC PRIDINOL TEVA;4 mg comp.x 30;Teva Argentina;$ 744.45;40%;$ 446.67
10790;diflorasona+econazol+gentamicina;FILODERMA PLUS;cr.x 20 g;Teva Argentina;$ 11776.03;50%;$ 5888.02
14091;diflorasona+econazol+gentamicina;GRISEOCREM NF;pomo x 20 g;Teva Argentina;$ 12100.23;50%;$ 6050.12
7258;diflorasona+gentamicina;FILODERMA;cr.x 20 g;Teva Argentina;$ 11634.25;50%;$ 5817.13
8691;diltiazem;HART;60 mg comp.x 50;Teva Argentina;$ 11407.57;60%;$ 4563.03
14737;diosmina;FLEBON 500;500 mg comp.x 30;Teva Argentina;$ 28380.44;50%;$ 14190.22
46979;diosmina;FLEBON 500;500 mg comp.x 60;Teva Argentina;$ 54745.65;50%;$ 27372.83
25867;donepecilo;VALPEX;10 mg comp.rec.x 30;Teva Argentina;$ 53860.95;50%;$ 26930.48
51194;donepecilo;VALPEX;10 mg comp.rec.x 60;Teva Argentina;$ 101130.79;50%;$ 50565.4
25866;donepecilo;VALPEX;5 mg comp.rec.x 30;Teva Argentina;$ 43065.87;50%;$ 21532.94
51193;donepecilo;VALPEX;5 mg comp.rec.x 60;Teva Argentina;$ 82706.53;50%;$ 41353.27
44427;duloxetina;NITIDEX;30 mg cáps.x 14;Teva Argentina;$ 33009.45;50%;$ 16504.73
53892;duloxetina;NITIDEX;30 mg cáps.x 28;Teva Argentina;$ 61352.27;50%;$ 30676.14
44429;duloxetina;NITIDEX;60 mg cáps.x 28;Teva Argentina;$ 62323.39;50%;$ 31161.7
44228;eplerenona;SUFICARD;25 mg comp.rec.x 30;Teva Argentina;$ 28173.64;50%;$ 14086.82
44229;eplerenona;SUFICARD;50 mg comp.rec.x 30;Teva Argentina;$ 41009.23;50%;$ 20504.62
10794;escina(extr.cast.de Indias);NADEM FORTE;grag.x 30;Teva Argentina;$ 13829.28;50%;$ 6914.64
10795;escina(extr.cast.de Indias);NADEM FORTE;grag.x 60;Teva Argentina;$ 24963.15;50%;$ 12481.58
60929;escitalopram;EPSICONOR;10 mg comp. rec.x 30;Teva Argentina;$ 33967.61;50%;$ 16983.81
54329;escitalopram;ESCITALOPRAM TEVA;10 mg tab.x 30;Teva Argentina;$ 8928.76;50%;$ 4464.38
60930;escitalopram;EPSICONOR;20 mg comp. rec.x 30;Teva Argentina;$ 60341.32;50%;$ 30170.66
54330;escitalopram;ESCITALOPRAM TEVA;20 mg tab.x 30;Teva Argentina;$ 15276.5;50%;$ 7638.25
54152;etoricoxib;KEMPO;60 mg comp.rec.x 30;Teva Argentina;$ 883.38;50%;$ 441.69
54153;etoricoxib;KEMPO;90 mg comp.rec.x 15;Teva Argentina;$ 718.18;50%;$ 359.09
54154;etoricoxib;KEMPO;90 mg comp.rec.x 30;Teva Argentina;$ 1083.55;50%;$ 541.78
35799;ezetimibe;VADEL;10 mg comp.x 30;Teva Argentina;$ 21256.51;50%;$ 10628.26
47762;febuxostat;DUTRINOL;80 mg comp.x 30;Teva Argentina;$ 4800.02;50%;$ 2400.01
8710;fenofibrato;SCLEROFIN U.D.;350 mg comp.rec.x 30;Teva Argentina;$ 29047.44;60%;$ 11618.98
28384;fenofibrato micronizado;MINUSLIP;200 mg cáps.x 30;Teva Argentina;$ 41284.96;60%;$ 16513.98
46980;fenofibrato micronizado;MINUSLIP;200 mg cáps.x 60;Teva Argentina;$ 71811.81;60%;$ 28724.72
62931;fenofíbrico,ác.;MINUSLIP XR;135 mg cáps.x 30;Teva Argentina;$ 36186.12;60%;$ 14474.45
62933;fenofíbrico,ác.;MINUSLIP XR;45 mg cáps.x 30;Teva Argentina;$ 30228.72;60%;$ 12091.49
13953;finasteride;PROSTENE;5 mg comp.x 30;Teva Argentina;$ 38619.96;50%;$ 19309.98
54248;fluconazol;FLUCONAZOL TEVA;150 mg cáps.x 4;Teva Argentina;$ 775.19;50%;$ 387.6
54336;fluoxetina;FLUOXETINA TEVA;20 mg tab.x 30;Teva Argentina;$ 20570.65;50%;$ 10285.33
5179;fluoxetina;SAURAT;comp.x 30;Teva Argentina;$ 535.75;50%;$ 267.88
54333;fluticasona;FLUTICASONA TEVA;50 mcg spray nasalx120ds;Teva Argentina;$ 1075.95;80%;$ 215.19
59828;fluticasona;DEXALERGIN CORT;50mcg spray nasalx120ds.;Teva Argentina;$ 12979.97;80%;$ 2595.99
29371;galantamina;NUMENCIAL;4 mg comp.rec.x 14;Teva Argentina;$ 22378.69;50%;$ 11189.35
29372;galantamina;NUMENCIAL;4 mg comp.rec.x 56;Teva Argentina;$ 60790.07;50%;$ 30395.04
29373;galantamina;NUMENCIAL;8 mg comp.rec.x 56;Teva Argentina;$ 85351.5;50%;$ 42675.75
50029;glimepiride+metformina;MECTIN PLUS;1000/2 mg comp.rec.x 30;Teva Argentina;$ 449.7;50%;$ 224.85
50030;glimepiride+metformina;MECTIN PLUS;1000/4 mg comp.rec.x 30;Teva Argentina;$ 536.25;50%;$ 268.13
19881;hialuronato sódico;ARTFLEX;25 mg jga.prell.x1+ag.x2;Teva Argentina;$ 85236.68;50%;$ 42618.34
1363;hidroclorotiazida+amilorida;HIDRENOX A;comp.x 50;Teva Argentina;$ 12933.39;50%;$ 6466.7
57231;hidroxicloroquina;EVOQUIN;200 mg comp.x 30;Teva Argentina;$ 16188.51;50%;$ 8094.26
15235;hidroxicloroquina;EVOQUIN;200 mg comp.x 60;Teva Argentina;$ 35268;50%;$ 17634
14970;idebenona;NEMOCEBRAL;100 mg grag.x 30;Teva Argentina;$ 80448.27;50%;$ 40224.14
11258;idebenona;NEMOCEBRAL;30 mg grag.x 30;Teva Argentina;$ 24732.94;50%;$ 12366.47
16987;idebenona;NEMOCEBRAL;45 mg grag.x 30;Teva Argentina;$ 38143.93;50%;$ 19071.97
16988;idebenona;NEMOCEBRAL;45 mg grag.x 60;Teva Argentina;$ 69848.36;50%;$ 34924.18
32707;idebenona+nimodipina;NEMOCEBRAL PLUS;comp.x 30;Teva Argentina;$ 41165.17;50%;$ 20582.59
33279;lamotrigina;EPILEPAX;100 mg comp.dispers.x 30;Teva Argentina;$ 53603.24;60%;$ 21441.3
51250;lamotrigina;EPILEPAX;100 mg comp.dispers.x 60;Teva Argentina;$ 94915.17;60%;$ 37966.07
33280;lamotrigina;EPILEPAX;200 mg comp.dispers.x 30;Teva Argentina;$ 70691.22;60%;$ 28276.49
33277;lamotrigina;EPILEPAX;25 mg comp.dispers.x 30;Teva Argentina;$ 17274.71;60%;$ 6909.88
33278;lamotrigina;EPILEPAX;50 mg comp.dispers.x 30;Teva Argentina;$ 26727.42;60%;$ 10690.97
26578;leflunomida;FILARTROS;20 mg comp.rec.x 30;Teva Argentina;$ 50297.97;50%;$ 25148.99
58477;levetiracetam;LAFONTEN;1000 mg comp.x 30;Teva Argentina;$ 138196.98;50%;$ 69098.49
58476;levetiracetam;LAFONTEN;500 mg comp.x 30;Teva Argentina;$ 70501.48;50%;$ 35250.74
7048;lisinopril;TENSOPRIL;10 mg comp.x 20;Teva Argentina;$ 15190.87;60%;$ 6076.35
564;lisinopril;TENSOPRIL;10 mg comp.x 40;Teva Argentina;$ 30380.97;60%;$ 12152.39
7050;lisinopril;TENSOPRIL;20 mg comp.x 20;Teva Argentina;$ 20098.54;60%;$ 8039.42
565;lisinopril;TENSOPRIL;20 mg comp.x 40;Teva Argentina;$ 35580.44;60%;$ 14232.18
6955;lisinopril;TENSOPRIL;5 mg comp.x 20;Teva Argentina;$ 8285.36;60%;$ 3314.14
563;lisinopril;TENSOPRIL;5 mg comp.x 40;Teva Argentina;$ 16570.99;60%;$ 6628.4
10926;lisinopril+hidroclorotiazida;TENSOPRIL D;comp.x 20;Teva Argentina;$ 20871.58;60%;$ 8348.63
668;lorazepam;EMOTIVAL;1 mg comp.x 100;Teva Argentina;$ 10607.74;50%;$ 5303.87
7259;lorazepam;SIDENAR;1 mg comp.x 100;Teva Argentina;$ 10259.24;50%;$ 5129.62
5236;lorazepam;SIDENAR;1 mg comp.x 20;Teva Argentina;$ 3490.37;50%;$ 1745.19
11731;lorazepam;EMOTIVAL;1 mg comp.x 30;Teva Argentina;$ 4586.27;50%;$ 2293.14
5345;lorazepam;SIDENAR;1 mg comp.x 50;Teva Argentina;$ 7484.42;50%;$ 3742.21
11732;lorazepam;EMOTIVAL;1 mg comp.x 60;Teva Argentina;$ 8531.49;50%;$ 4265.75
671;lorazepam;EMOTIVAL;2 mg comp.x 100;Teva Argentina;$ 15147.96;50%;$ 7573.98
11733;lorazepam;EMOTIVAL;2 mg comp.x 30;Teva Argentina;$ 5718.23;50%;$ 2859.12
11734;lorazepam;EMOTIVAL;2 mg comp.x 60;Teva Argentina;$ 10356.89;50%;$ 5178.45
7260;lorazepam;SIDENAR;2.5 mg comp.x 100;Teva Argentina;$ 14930.37;50%;$ 7465.19
5744;lorazepam;SIDENAR;2.5 mg comp.x 20;Teva Argentina;$ 4443.78;50%;$ 2221.89
5550;lorazepam;SIDENAR;2.5 mg comp.x 50;Teva Argentina;$ 10596.49;50%;$ 5298.25
31469;losartán;NITEN 100;comp.rec.x 30;Teva Argentina;$ 37226.07;60%;$ 14890.43
51252;losartán;NITEN 100;comp.rec.x 60;Teva Argentina;$ 72883.95;60%;$ 29153.58
16399;losartán;NITEN;comp.x 15;Teva Argentina;$ 407.16;60%;$ 162.86
16400;losartán;NITEN;comp.x 30;Teva Argentina;$ 30054.34;60%;$ 12021.74
51251;losartán;NITEN;comp.x 60;Teva Argentina;$ 57318.62;60%;$ 22927.45
34374;losartán+hidroclorotiazida;NITEN D 100;comp.rec.x 30;Teva Argentina;$ 37956.04;50%;$ 18978.02
18249;losartán+hidroclorotiazida;NITEN D;comp.x 30;Teva Argentina;$ 34743.25;50%;$ 17371.63
7319;magnesio,valproato;LOGICAL;200 mg comp.x 30;Teva Argentina;$ 16497.41;80%;$ 3299.48
7320;magnesio,valproato;LOGICAL;200 mg comp.x 60;Teva Argentina;$ 29127.96;80%;$ 5825.59
7321;magnesio,valproato;LOGICAL;400 mg comp.x 30;Teva Argentina;$ 34408.04;80%;$ 6881.61
7331;magnesio,valproato;LOGICAL;400 mg comp.x 60;Teva Argentina;$ 63707.57;80%;$ 12741.51
54323;meloxicam;MELOXICAM TEVA;15 mg tabl.x 10;Teva Argentina;$ 831.73;40%;$ 499.04
54324;meloxicam;MELOXICAM TEVA;15 mg tabl.x 30;Teva Argentina;$ 1762.86;40%;$ 1057.72
54325;meloxicam+pridinol;MELOXICAM + PRIDINOL TEVA;15/4 mg tab.x 10;Teva Argentina;$ 1556.96;40%;$ 934.18
54326;meloxicam+pridinol;MELOXICAM + PRIDINOL TEVA;15/4 mg tabl.x 20;Teva Argentina;$ 1247.22;40%;$ 748.33
44706;meloxicam+pridinol;ALDORON FLEX;comp.ran.x 20;Teva Argentina;$ 520.84;40%;$ 312.5
36462;memantine;PRONERVON;10 mg comp.rec.x 30;Teva Argentina;$ 803.43;50%;$ 401.72
54327;memantine;MEMANTINA TEVA;10 mg tab.x 30;Teva Argentina;$ 34815.13;50%;$ 17407.57
45007;memantine;PRONERVON 20;20 mg comp.rec.x 28;Teva Argentina;$ 1051.38;50%;$ 525.69
54328;memantine;MEMANTINA TEVA;20 mg tab.x 30;Teva Argentina;$ 46994.47;50%;$ 23497.24
46411;memantine clorh.+donepecilo clor;VALPEX DUO;10/20mg comp.x 60(30+30);Teva Argentina;$ 76798.31;50%;$ 38399.16
46410;memantine clorh.+donepecilo clor;VALPEX DUO;5/20 mg comp.x 60(30+30);Teva Argentina;$ 68413.09;50%;$ 34206.55
48565;metformina;MECTIN XR 1000;1000 mg comp.rec.AP x 30;Teva Argentina;$ 17504.01;100%;$ 0
48566;metformina;MECTIN XR 1000;1000 mg comp.rec.AP x 60;Teva Argentina;$ 32691.96;100%;$ 0
48561;metformina;MECTIN XR;500 mg comp.rec.AP x 30;Teva Argentina;$ 10628.38;100%;$ 0
48562;metformina;MECTIN XR;500 mg comp.rec.AP x 60;Teva Argentina;$ 20071.54;100%;$ 0
48563;metformina;MECTIN XR 850;850 mg comp.rec.AP x 30;Teva Argentina;$ 13573.15;100%;$ 0
48564;metformina;MECTIN XR 850;850 mg comp.rec.AP x 60;Teva Argentina;$ 25924.84;100%;$ 0
58484;metilfenidato;METICIL;18 mg comp.rec.x 30;Teva Argentina;$ 94623.08;50%;$ 47311.54
58485;metilfenidato;METICIL;36 mg comp.rec.x 30;Teva Argentina;$ 136368.66;50%;$ 68184.33
58486;metilfenidato;METICIL;54 mg comp.rec.x 30;Teva Argentina;$ 183680.23;50%;$ 91840.12
52433;metoclopramida+pancreatina+asoc.;PRAXIS NF;comp.x 30;Teva Argentina;$ 15931.2;50%;$ 7965.6
52434;metoclopramida+pancreatina+asoc.;PRAXIS NF;comp.x 60;Teva Argentina;$ 1175.9;50%;$ 587.95
29369;metotrexato;ERVEMIN;10 mg comp.x 10;Teva Argentina;$ 14757.94;50%;$ 7378.97
41757;metotrexato;ERVEMIN;15 mg comp.x 4;Teva Argentina;$ 14071.82;50%;$ 7035.91
9865;metotrexato;ERVEMIN;2.5 mg comp.x 20;Teva Argentina;$ 8048.81;50%;$ 4024.41
29258;metotrexato;ERVEMIN;7.5 mg comp.x 10;Teva Argentina;$ 14279.22;50%;$ 7139.61
54335;naproxeno;NAPROXENO TEVA;500 mg tab.x 20;Teva Argentina;$ 21363.34;40%;$ 12818
48341;nebivolol;SYNCROCOR;10 mg comp.x 28;Teva Argentina;$ 43971.58;50%;$ 21985.79
48342;nebivolol;SYNCROCOR;20 mg comp.x 28;Teva Argentina;$ 75665.67;50%;$ 37832.84
42044;nebivolol;SYNCROCOR;5 mg comp.x 28;Teva Argentina;$ 22257.22;50%;$ 11128.61
51192;nebivolol;SYNCROCOR;5 mg comp.x 56;Teva Argentina;$ 40668.2;50%;$ 20334.1
48343;nebivolol+hidroclorotiazida;SYNCROCOR D;5/12.5 mg comp.rec.x 28;Teva Argentina;$ 27664.31;50%;$ 13832.16
48344;nebivolol+hidroclorotiazida;SYNCROCOR D;5/25 mg comp.rec.x 28;Teva Argentina;$ 1574.06;50%;$ 787.03
50092;nomegestrol;LUTENYL;comp.x 10;Teva Argentina;$ 40561.2;50%;$ 20280.6
61774;olanzapina;SEREPAX;10 mg comp.dispers. x 28;Teva Argentina;$ 141620.19;50%;$ 70810.1
61773;olanzapina;SEREPAX;5 mg comp.dispers. x 28;Teva Argentina;$ 69629.92;50%;$ 34814.96
35191;olmesartán;TENSONIT;20 mg comp.rec.x 30;Teva Argentina;$ 39443.83;60%;$ 15777.53
14088;oxcarbazepina;AURENE;300 mg comp.x 30;Teva Argentina;$ 64599.37;80%;$ 12919.87
15542;oxcarbazepina;AURENE;300 mg comp.x 60;Teva Argentina;$ 114622.06;80%;$ 22924.41
15543;oxcarbazepina;AURENE;600 mg comp.x 30;Teva Argentina;$ 120976.53;80%;$ 24195.31
15544;oxcarbazepina;AURENE;600 mg comp.x 60;Teva Argentina;$ 215197.56;80%;$ 43039.51
48820;oxibutinina;GELIDINA;gel dérmico sob.x 30;Teva Argentina;$ 697.48;50%;$ 348.74
58215;paracetamol;PARACETAMOL TEVA;1000 mg comp.x 30;Teva Argentina;$ 8606.98;40%;$ 5164.19
55469;paroxetina;PAROXETINA TEVA;20 mg comp.x 30;Teva Argentina;$ 34066.76;50%;$ 17033.38
45642;prasugrel;CORILUM;10 mg comp.rec.x 30;Teva Argentina;$ 1209.08;50%;$ 604.54
45641;prasugrel;CORILUM;5 mg comp.rec.x 30;Teva Argentina;$ 537.8;50%;$ 268.9
42934;pregabalina;AXUAL;150 mg cáps.x 30;Teva Argentina;$ 63882.19;50%;$ 31941.1
47766;pregabalina;AXUAL;25 mg cáps.x 30;Teva Argentina;$ 14312.93;50%;$ 7156.47
42935;pregabalina;AXUAL;300 mg cáps.x 30;Teva Argentina;$ 6732.7;50%;$ 3366.35
50576;pregabalina;AXUAL;50 mg cáps.x 30;Teva Argentina;$ 29201.25;50%;$ 14600.63
42932;pregabalina;AXUAL;75 mg caps.x 15;Teva Argentina;$ 1483.3;50%;$ 741.65
42933;pregabalina;AXUAL;75 mg cáps.x 30;Teva Argentina;$ 37187.63;50%;$ 18593.82
51185;pregabalina;AXUAL;75 mg cáps.x 60;Teva Argentina;$ 71292.48;50%;$ 35646.24
50577;pregabalina;AXUAL;75 mg divids.x 15;Teva Argentina;$ 22048.89;50%;$ 11024.45
51249;pregabalina;AXUAL;75 mg divids.x 30;Teva Argentina;$ 39821.89;50%;$ 19910.95
17326;promestriene;COLPOTROPHINE;cr.x 15 g;Teva Argentina;$ 25967.16;50%;$ 12983.58
17325;promestriene;COLPOTROPHINE;cáps.vag.x 10;Teva Argentina;$ 24841.08;50%;$ 12420.54
27271;promestriene;COLPOTROPHINE;cáps.vag.x 20;Teva Argentina;$ 46038.5;50%;$ 23019.25
10199;propinox+clonixinato de lisina;ESPASMO DOLEX;comp.rec.x 10;Teva Argentina;$ 183.66;50%;$ 91.83
54334;rasagilina;AZILECT;1 mg comp.x 30;Teva Argentina;$ 30798.01;50%;$ 15399.01
45640;risedronato;BONECUR;150 mg comp.rec.x 1;Teva Argentina;$ 32030.57;50%;$ 16015.29
46566;risedronato;BONECUR;150 mg comp.rec.x 3;Teva Argentina;$ 72611.13;50%;$ 36305.57
46501;rosuvastatina;ARTOMEY;10 mg comp.x 30;Teva Argentina;$ 28478.92;60%;$ 11391.57
51248;rosuvastatina;ARTOMEY;10 mg comp.x 60;Teva Argentina;$ 56213.48;60%;$ 22485.39
46502;rosuvastatina;ARTOMEY;20 mg comp.x 30;Teva Argentina;$ 51660.23;60%;$ 20664.09
51918;rosuvastatina;ARTOMEY;40 mg comp.x 30;Teva Argentina;$ 81268.6;60%;$ 32507.44
46500;rosuvastatina;ARTOMEY;5 mg comp.x 30;Teva Argentina;$ 18684.06;60%;$ 7473.62
57311;rosuvastatina+ezetimibe;ARTOMEY PLUS 10/10;comp.x 30;Teva Argentina;$ 33439.78;50%;$ 16719.89
57312;rosuvastatina+ezetimibe;ARTOMEY PLUS 20/10;comp.x 30;Teva Argentina;$ 57109.75;50%;$ 28554.88
57310;rosuvastatina+ezetimibe;ARTOMEY PLUS 5/10;comp.x 30;Teva Argentina;$ 30794.64;50%;$ 15397.32
52436;rosuvastatina+ezetimibe;ARTOMEY DUO 10/10;comp.x 60 (30+30);Teva Argentina;$ 37155.2;50%;$ 18577.6
52437;rosuvastatina+ezetimibe;ARTOMEY DUO 20/10;comp.x 60 (30+30);Teva Argentina;$ 64211.95;50%;$ 32105.98
52435;rosuvastatina+ezetimibe;ARTOMEY DUO 5/10;comp.x 60 (30+30);Teva Argentina;$ 34216.42;50%;$ 17108.21
682;selegilina;JUMEX;comp.x 20;Teva Argentina;$ 6670.99;80%;$ 1334.2
11987;selegilina;JUMEX;comp.x 40;Teva Argentina;$ 11778.19;80%;$ 2355.64
60932;sertralina;IRRADIAL;100 mg comp. rec.x 30;Teva Argentina;$ 27877.11;50%;$ 13938.56
58187;sertralina;SERTRALINA TEVA;100 mg comp.rec.x 30;Teva Argentina;$ 12247.44;50%;$ 6123.72
60931;sertralina;IRRADIAL;50 mg comp. rec.x 30;Teva Argentina;$ 16917.26;50%;$ 8458.63
58186;sertralina;SERTRALINA TEVA;50 mg comp.rec.x 30;Teva Argentina;$ 6810.63;50%;$ 3405.32
22984;siliconas;KURAPEL;aer.x 170 g;Teva Argentina;$ 21693.42;50%;$ 10846.71
7403;simeticona+pancreatina+domperid.;PRAXIS;comp.x 60;Teva Argentina;$ 470.04;50%;$ 235.02
60933;sodio,divalproato;LOGICAL S;250 mg comp. rec.x 50;Teva Argentina;$ 39176.53;80%;$ 7835.31
22843;sodio,divalproato;VALNAR;250 mg comp.x 50;Teva Argentina;$ 32659.34;80%;$ 6531.87
60934;sodio,divalproato;LOGICAL S;500 mg comp. rec.x 50;Teva Argentina;$ 64906.99;80%;$ 12981.4
22844;sodio,divalproato;VALNAR;500 mg comp.x 50;Teva Argentina;$ 56216.04;80%;$ 11243.21
54549;solifenacina;SOLIFENACINA TEVA;10 mg comp.x 30;Teva Argentina;$ 44253;50%;$ 22126.5
54548;solifenacina;SOLIFENACINA TEVA;5 mg comp.x 30;Teva Argentina;$ 39181.25;50%;$ 19590.63
36460;sulfasalazina;FLOGOSTOP;500 mg comp.rec.x 60;Teva Argentina;$ 37271.48;50%;$ 18635.74
7955;sulpirida;VIPRAL;comp.x 50;Teva Argentina;$ 17971.2;50%;$ 8985.6
54339;tadalafilo;TADALAFILO TEVA;20 mg tabl.x 4;Teva Argentina;$ 2496.89;50%;$ 1248.45
54338;tadalafilo;TADALAFILO TEVA;5 mg tab.x 28;Teva Argentina;$ 100389.27;50%;$ 50194.64
54107;tamsulosina;TAMSULOSINA TEVA;0.4 mg comp.lib.prol.x30;Teva Argentina;$ 34287.96;50%;$ 17143.98
47767;tamsulosina+finasteride;PROSTENE PLUS;comp.28+28 (combi pack);Teva Argentina;$ 59027.14;50%;$ 29513.57
34232;terazosina;GERIPROST;10 mg comp.ran.x 20;Teva Argentina;$ 566.8;50%;$ 283.4
34230;terazosina;GERIPROST;2 mg comp.ran.x 20;Teva Argentina;$ 9049.36;50%;$ 4524.68
34231;terazosina;GERIPROST;5 mg comp.ran.x 20;Teva Argentina;$ 10680.91;50%;$ 5340.46
7114;trazodone;TAXAGON AD;100 mg comp.x 20;Teva Argentina;$ 29363.2;50%;$ 14681.6
59181;trazodone;TAXAGON AD;100 mg comp.x 30;Teva Argentina;$ 44044.34;50%;$ 22022.17
7116;trazodone;TAXAGON AD;50 mg comp.x 20;Teva Argentina;$ 18459.03;50%;$ 9229.52
59180;trazodone;TAXAGON AD;50 mg comp.x 30;Teva Argentina;$ 27682.94;50%;$ 13841.47
8385;valproico,ác.;LOGICAL;jbe.x 120 ml;Teva Argentina;$ 13810.09;80%;$ 2762.02
60331;valsartán;HIPREX;160 mg comp.rec.x 30;Teva Argentina;$ 36658.21;60%;$ 14663.28
60330;valsartán;HIPREX;80 mg comp.rec.x 30;Teva Argentina;$ 27231.09;60%;$ 10892.44
61197;valsartán+amlodipina;HIPREX MAX;160/10 mg comp.x 28;Teva Argentina;$ 41587.66;50%;$ 20793.83
61196;valsartán+amlodipina;HIPREX MAX;160/5 mg comp.x 28;Teva Argentina;$ 40498.73;50%;$ 20249.37
58633;vildagliptin;JOVIUS;50 mg comp.x 30;Teva Argentina;$ 37623.23;100%;$ 0
57230;vildagliptin;JOVIUS;50 mg comp.x 60;Teva Argentina;$ 70873.15;100%;$ 0
60288;vildagliptin+metformina;JOVIUS MET;50/1000 mg comp.x 60;Teva Argentina;$ 96564.82;100%;$ 0
60287;vildagliptin+metformina;JOVIUS MET;50/500 mg comp.x 60;Teva Argentina;$ 84001.64;100%;$ 0
60286;vildagliptin+metformina;JOVIUS MET;50/850 mg comp.x 60;Teva Argentina;$ 84001.64;100%;$ 0
54332;zolpidem;ZOLPIDEM TEVA;10 mg tab.x 30;Teva Argentina;$ 12194.22;50%;$ 6097.11
40729;zonisamide;KINAPLASE;100 mg cáps.x 30;Teva Argentina;$ 46036.53;50%;$ 23018.27
40728;zonisamide;KINAPLASE;50 mg cáps.x 30;Teva Argentina;$ 31452.03;50%;$ 15726.02
28769;alendronato;BREK;70 mg comp.x 4;Trb-Pharma;$ 18715.4;60%;$ 7486.16
33517;alendronato;BREK;70 mg comp.x 8;Trb-Pharma;$ 2870;60%;$ 1148
37767;calcio,citrato+vit.d3;CALCIOCIT PLUS;comp.ran.x 30;Trb-Pharma;$ 10600;40%;$ 6360
24659;calcio,citrato+vit.d3;CALCIOCIT PLUS;comp.ran.x 60;Trb-Pharma;$ 19000.01;40%;$ 11400.01
18532;calcio,citrato+vit.d3;CALCIOCIT;comp.x 30;Trb-Pharma;$ 9500;40%;$ 5700
18533;calcio,citrato+vit.d3;CALCIOCIT;comp.x 60;Trb-Pharma;$ 16500;40%;$ 9900
13898;cefalexina;CEFOSPOREN;500 mg comp.x 16;Trb-Pharma;$ 9259.89;60%;$ 3703.96
13897;cefalexina;CEFOSPOREN;500 mg comp.x 8;Trb-Pharma;$ 5150;60%;$ 2060
25850;ciprofloxacina;BIOTIC PHARMA;500 mg comp.x 10;Trb-Pharma;$ 14722.93;60%;$ 5889.17
47798;claritromicina;CLARITROM;500 mg comp.x 16;Trb-Pharma;$ 28952;60%;$ 11580.8
51314;dexketoprofeno;TACRAF;25 mg comp.rec.x 20;Trb-Pharma;$ 15716.81;50%;$ 7858.41
52060;dexketoprofeno;TACRAF GEL;gel x 60 g;Trb-Pharma;$ 12900;50%;$ 6450
14076;diacereína;ARTRODAR;50 mg cáps.x 30;Trb-Pharma;$ 35696.16;50%;$ 17848.08
18789;diacereína;ARTRODAR;50 mg cáps.x 50;Trb-Pharma;$ 46226.31;50%;$ 23113.16
46682;diacereína+sulf.glucosamina pot.;ARTRODAR GLUCO;cáps.x 60;Trb-Pharma;$ 44060.66;50%;$ 22030.33
31500;diclofenac dietilamina;DICLOGESIC GEL;pomo x 50 g;Trb-Pharma;$ 10500;40%;$ 6300
38597;diclofenac potásico+asoc.;DICLOGESIC PLUS B12;comp.x 10;Trb-Pharma;$ 11499.99;40%;$ 6899.99
38598;diclofenac potásico+asoc.;DICLOGESIC PLUS B12;comp.x 20;Trb-Pharma;$ 20500;40%;$ 12300
36579;diclofenac potásico+paracetamol;DICLOGESIC FORTE;50/500 mg comp.x 10;Trb-Pharma;$ 7999.99;40%;$ 4799.99
36580;diclofenac potásico+paracetamol;DICLOGESIC FORTE;50/500 mg comp.x 30;Trb-Pharma;$ 20500;40%;$ 12300
41605;diclofenac sódico;DICLOGESIC 100 AP;100mg comp.acc.prol.x 10;Trb-Pharma;$ 11000;40%;$ 6600
33027;diclofenac sódico;DICLOGESIC;50 mg comp.rec.x 15;Trb-Pharma;$ 6800;40%;$ 4080
33515;diclofenac sódico;DICLOGESIC;75 mg comp.rec.x 10;Trb-Pharma;$ 9400;40%;$ 5640
13798;diclofenac sódico;DICLOGESIC;75 mg comp.rec.x 15;Trb-Pharma;$ 15799.99;40%;$ 9479.99
13799;diclofenac sódico;DICLOGESIC;75 mg comp.rec.x 30;Trb-Pharma;$ 22500.01;40%;$ 13500.01
36581;diclofenac+pridinol;DICLOGESIC RELAX;comp.x 10;Trb-Pharma;$ 7999.99;40%;$ 4799.99
21710;diclofenac+pridinol;DICLOGESIC RELAX;comp.x 20;Trb-Pharma;$ 13500;40%;$ 8100
20499;diclofenac+pridinol;DICLOGESIC RELAX;comp.x 40;Trb-Pharma;$ 17000;40%;$ 10200
36082;diclofenac+vit.b12+asoc.;ALGIO NERVOMAX FUERTE;a.x 3 pares I y II;Trb-Pharma;$ 504;50%;$ 252
23755;doxiciclina;VERBORIL;100 mg comp.rec.x 16;Trb-Pharma;$ 13964.61;60%;$ 5585.84
23754;doxiciclina;VERBORIL;100 mg comp.rec.x 8;Trb-Pharma;$ 7393.22;60%;$ 2957.29
50148;fluconazol;FUNGOTOTAL;150 mg comp.x 4;Trb-Pharma;$ 16000;50%;$ 8000
36080;fólico,ác.;ANFOLIC;5 mg comp.x 10;Trb-Pharma;$ 4294.75;50%;$ 2147.38
36018;fólico,ác.;ANFOLIC;5 mg comp.x 30;Trb-Pharma;$ 7616.8;50%;$ 3808.4
41573;fólico,ác.+asoc.;BLASTOP PREVENT;comp.rec.x30 + comp.x30;Trb-Pharma;$ 21806.66;50%;$ 10903.33
25771;fólico,ác.+vit.b;BLASTOP;comp.rec.x 30;Trb-Pharma;$ 20536.49;50%;$ 10268.25
33026;hialurónico,ác.;MAXIOSTENIL;20 mg jga.prell.x 2 ml;Trb-Pharma;$ 80726.45;50%;$ 40363.23
45747;hialurónico,ác.;MAXIOSTENIL PLUS;40 mg jga.prell.x 2 ml;Trb-Pharma;$ 127425.32;50%;$ 63712.66
27530;hidroxicloroquina;POLIRREUMIN;200 mg comp.rec.x 60;Trb-Pharma;$ 34127.14;50%;$ 17063.57
39833;ibandrónico,ác.;BREXELL PLUS;150 mg comp.rec.x 1;Trb-Pharma;$ 32111.52;50%;$ 16055.76
44819;ibandrónico,ác.;BREXELL PLUS;150 mg comp.rec.x 2;Trb-Pharma;$ 51304.15;50%;$ 25652.08
51313;leflunomida;FLUXAP;20 mg comp.rec.x 30;Trb-Pharma;$ 42907.9;50%;$ 21453.95
26156;metotrexato;ARTRAIT;10 mg comp.ran.x 10;Trb-Pharma;$ 15328.27;50%;$ 7664.14
38111;metotrexato;ARTRAIT;15 mg comp.ran.x 4;Trb-Pharma;$ 14856.58;50%;$ 7428.29
44943;metotrexato;ARTRAIT;15 mg comp.ran.x 8;Trb-Pharma;$ 23523.52;50%;$ 11761.76
53349;metotrexato;ARTRAIT SC;15 mg f.a.x 4;Trb-Pharma;$ 26137.62;50%;$ 13068.81
26157;metotrexato;ARTRAIT;15 mg f.a.x 5 x 2 ml;Trb-Pharma;$ 4331;50%;$ 2165.5
26154;metotrexato;ARTRAIT;2.5 mg comp.x 20;Trb-Pharma;$ 8018.53;50%;$ 4009.27
53350;metotrexato;ARTRAIT SC;20 mg f.a.x 4;Trb-Pharma;$ 28228.5;50%;$ 14114.25
36834;metotrexato;ARTRAIT;20 mg f.a.x 4;Trb-Pharma;$ 4481;50%;$ 2240.5
49995;metotrexato;ARTRAIT;25 mg f.a.x 4;Trb-Pharma;$ 34202.21;50%;$ 17101.11
26155;metotrexato;ARTRAIT;7.5 mg comp.ran.x 10;Trb-Pharma;$ 14307.41;50%;$ 7153.71
60291;paracetamol+orfenadrina;JOKER FLEX;comp. x 30;Trb-Pharma;$ 17999.99;40%;$ 10799.99
38112;prednisona;METILPRES;20 mg comp.ran.x 20;Trb-Pharma;$ 25562.81;50%;$ 12781.41
36835;prednisona;METILPRES;5 mg comp.ran.x 30;Trb-Pharma;$ 9782.56;50%;$ 4891.28
36836;prednisona;METILPRES;5 mg comp.ran.x 60;Trb-Pharma;$ 15832.12;50%;$ 7916.06
40714;prednisona;METILPRES 50;50mgcomp.rec.trirran.x20;Trb-Pharma;$ 33455.41;50%;$ 16727.71
44208;pridinol,mesilato;PRINIL;4 mg comp.ran.x 10;Trb-Pharma;$ 6772.7;50%;$ 3386.35
44945;pridinol,mesilato;PRINIL;4 mg comp.ran.x 30;Trb-Pharma;$ 16078.69;50%;$ 8039.35
55015;tadalafilo;FALIC 36;5 mg comp.rec.x 30;Trb-Pharma;$ 75482.01;50%;$ 37741.01
21205;tióctico,ác.;NEUROTIOCT;200 mg comp.x 30;Trb-Pharma;$ 29721.86;50%;$ 14860.93
21206;tióctico,ác.;NEUROTIOCT;600 mg comp.x 30;Trb-Pharma;$ 41773.59;50%;$ 20886.8
42505;tramadol;CLOQ;comp.rec.x 20;Trb-Pharma;$ 15354.9;50%;$ 7677.45
50122;tramadol;CLOQ;gts.x 20 ml;Trb-Pharma;$ 12000.01;50%;$ 6000.01
42506;tramadol+paracetamol;CLOQ PLUS;comp.rec.x 10;Trb-Pharma;$ 2508.76;40%;$ 1505.26
44944;tramadol+paracetamol;CLOQ PLUS;comp.rec.x 30;Trb-Pharma;$ 32799.99;40%;$ 19679.99
15220;vit.b1 b6 b12+ác.tióctico;NERVOMAX TB12;cáps.x 40;Trb-Pharma;$ 32325;40%;$ 19395
53265;vit.d3;ORAVIL CB;cáps.blanda x 1;Trb-Pharma;$ 11000;40%;$ 6600
52664;vit.d3;ORAVIL CB;cáps.blandas x 2;Trb-Pharma;$ 17500;40%;$ 10500
44950;vit.d3;ORAVIL;f.a.beb.x 2 ml;Trb-Pharma;$ 9700;40%;$ 5820
51122;vit.d3;ORAVIL GOTAS;fco.gotero x 6 ml;Trb-Pharma;$ 10500;40%;$ 6300
54539;betametasona;BETAVALMAX;60 mg gts.x 30 ml;Valmax;$ 5850;50%;$ 2925
52509;salbutamol;SALBUNEB;fco.x 20 ml;Valmax;$ 6273.39;80%;$ 1254.68
52354;salbutamol+ipratropio,br.;IPRASALB;sol.monods. x 20;Valmax;$ 15309.01;60%;$ 6123.6
50436;sodio,cloruro;CLORHYP;monods.x 24 x 1 ml;Valmax;$ 141;50%;$ 70.5
24421;tobramicina;RADINA;gts.oft.x 10 ml;Valmax;$ 9080;60%;$ 3632
24422;tobramicina+dexametasona;RADINA DEX;gts.oft.x 5 ml;Valmax;$ 9600;50%;$ 4800
29403;amlodipina;AMLODIPINA VANNIER;10 mg comp.x 30;Vannier;$ 24633.58;60%;$ 9853.43
58816;atorvastatín;VANATOR 40;comp.x 30;Vannier;$ 63119.59;60%;$ 25247.84
43413;atorvastatín;VANATOR 10;comp.x 30;Vannier;$ 35782.96;60%;$ 14313.18
57910;atorvastatín;VANATOR 20;comp.x 60;Vannier;$ 98217.85;60%;$ 39287.14
60008;atorvastatín;VANATOR 40;comp.x 60;Vannier;$ 93355;60%;$ 37342
57909;atorvastatín;VANATOR 10;comp.x 60;Vannier;$ 59771.31;60%;$ 23908.52
29404;biperideno;BIPERIDENO VANNIER;2 mg comp.x 20;Vannier;$ 7194.9;80%;$ 1438.98
48093;biperideno;BIPERIDENO VANNIER;2 mg comp.x 60;Vannier;$ 19786.18;80%;$ 3957.24
14107;calcio,carbonato;CALCIO BASE VANNIER;1.250 mg comp.mast.x 60;Vannier;$ 17968.85;60%;$ 7187.54
34518;clonazepam;CLONER;0.5 mg comp.x 30;Vannier;$ 9155.03;50%;$ 4577.52
34519;clonazepam;CLONER;0.5 mg comp.x 50;Vannier;$ 11699.54;50%;$ 5849.77
34520;clonazepam;CLONER;2 mg comp.x 30;Vannier;$ 10162.86;80%;$ 2032.57
60943;clonazepam;CLONER;2 mg comp.x 60;Vannier;$ 15817.43;80%;$ 3163.49
34522;clonazepam;CLONER;gts.x 20 ml;Vannier;$ 9425.41;50%;$ 4712.71
54645;escitalopram;ESCITALOPRAM VANNIER;10 mg tab.x 30;Vannier;$ 32855.8;50%;$ 16427.9
54646;escitalopram;ESCITALOPRAM VANNIER;20 mg tab.x 30;Vannier;$ 57886.24;50%;$ 28943.12
40851;fluconazol;FLUCONAZOL VANNIER;150 mg comp.x 2;Vannier;$ 12533.33;50%;$ 6266.67
44347;levomepromazina;LEVOMEPROMAZINA VANNIER;25 mg comp.x 30;Vannier;$ 18460.19;50%;$ 9230.1
17105;loratadina;LORATADINA VANNIER;10 mg comp.x 10;Vannier;$ 4700;40%;$ 2820
22981;loratadina;LORATADINA VANNIER;jbe.x 60 ml;Vannier;$ 9600;40%;$ 5760
38891;losartán;LOSARTAN VANNIER;50 mg comp.x 30;Vannier;$ 20002.52;60%;$ 8001.01
57908;losartán;LOSARTAN VANNIER;50 mg comp.x 60;Vannier;$ 39212.2;60%;$ 15684.88
14114;metronidazol;METRONIDAZOL VANNIER;500 mg comp.x 20;Vannier;$ 11144.16;50%;$ 5572.08
14115;metronidazol;METRONIDAZOL VANNIER;susp.x 120 ml;Vannier;$ 10052.92;50%;$ 5026.46
47583;olanzapina;ROLANZAX 10;10 mg comp.rec.x 28;Vannier;$ 140653.86;50%;$ 70326.93
47584;olanzapina;ROLANZAX 5;5 mg comp.rec.x 28;Vannier;$ 71167.51;50%;$ 35583.76
16852;piroxicam;PIROXICAM VANNIER;20 mg comp.x 20;Vannier;$ 7142.95;50%;$ 3571.48
53459;pregabalina;PREGANNIER;150 mg cáps.x 28;Vannier;$ 50875.09;50%;$ 25437.55
53458;pregabalina;PREGANNIER;75 mg cáps.x 28;Vannier;$ 34005.84;50%;$ 17002.92
34523;prometazina;PROMETAZINA VANNIER;25 mg comp.rec.x 30;Vannier;$ 5396.13;50%;$ 2698.07
47614;quetiapina;QUETIAPINA VANNIER 100;100 mg comp.x 30;Vannier;$ 82697.91;50%;$ 41348.96
51781;quetiapina;QUETIAPINA VANNIER 200;200 mg comp.x 30;Vannier;$ 105362.72;50%;$ 52681.36
51780;quetiapina;QUETIAPINA VANNIER 25;25 mg comp.x 30;Vannier;$ 48754.54;50%;$ 24377.27
35247;risperidona;RISPEX;1 mg comp.x 20;Vannier;$ 11465.33;50%;$ 5732.67
35248;risperidona;RISPEX;1 mg comp.x 60;Vannier;$ 26248.92;50%;$ 13124.46
34656;risperidona;RISPEX;2 mg comp.x 20;Vannier;$ 23101.73;50%;$ 11550.87
34657;risperidona;RISPEX;2 mg comp.x 60;Vannier;$ 68951.96;50%;$ 34475.98
34658;risperidona;RISPEX;3 mg comp.x 20;Vannier;$ 23579.4;50%;$ 11789.7
34659;risperidona;RISPEX;3 mg comp.x 60;Vannier;$ 88321.02;50%;$ 44160.51
39248;sertralina;SERVANTAX;50 mg comp.x 30;Vannier;$ 24913.65;50%;$ 12456.83
56782;testosterona;NEBIDO;1000 mg vial x 1 x 4 ml;Vannier;$ 158600.3;50%;$ 79300.15
46216;betahistina;MICROSER FORTE;16 mg comp.x 30;Vannier-Grunent;$ 7591.83;40%;$ 4555.1
47724;betahistina;MICROSER ULTRA;24 mg comp.x 30;Vannier-Grunent;$ 24010.11;40%;$ 14406.07
28531;betahistina;MICROSER;8 mg comp.x 30;Vannier-Grunent;$ 6989.49;40%;$ 4193.69
26145;betahistina;MICROSER;8 mg comp.x 50;Vannier-Grunent;$ 11339.61;40%;$ 6803.77
60425;buprenorfina;BIVALIS;20 mg parche x 4;Vannier-Grunent;$ 121116.26;50%;$ 60558.13
23410;tramadol;TRAMAL LONG;100 mg comp.rec.x 10;Vannier-Grunent;$ 16439.07;50%;$ 8219.54
23408;tramadol;TRAMAL;100 mg/ml gts.x 10 ml;Vannier-Grunent;$ 19737.53;50%;$ 9868.77
45865;tramadol;TRAMAL;100 mg/ml gts.x 20 ml;Vannier-Grunent;$ 29777.67;50%;$ 14888.84
26146;tramadol;TRAMAL;50 mg cáps.x 10;Vannier-Grunent;$ 9603.21;50%;$ 4801.61
45866;tramadol;TRAMAL;50 mg cáps.x 20;Vannier-Grunent;$ 16621.21;50%;$ 8310.61
44782;tramadol+paracetamol;TRAMAL PLUS;comp.x 20;Vannier-Grunent;$ 27644.51;40%;$ 16586.71
42958;gammaglobulina antitetán.+toxoid;GAMMATET T;500UI jga.prell.+toxoide;Veinfar;$ 174050.9;50%;$ 87025.45
47280;diclofenac+pridinol;DIKLOPHAR FLEX;comp.x 10;Wunder Pharm;$ 340;40%;$ 204
47281;diclofenac+pridinol;DIKLOPHAR FLEX;comp.x 20;Wunder Pharm;$ 660;40%;$ 396
48362;ketorolac trometamina;CALMOFAR SL;10 mg comp.subl.x 10;Wunder Pharm;$ 450;50%;$ 225
47068;naproxeno;NAPROXPHAR;250 mg comp.x 20;Wunder Pharm;$ 330;40%;$ 198
47069;naproxeno;NAPROXPHAR;250 mg comp.x 50;Wunder Pharm;$ 800;40%;$ 480
47071;naproxeno;NAPROXPHAR;500 mg comp.x 20;Wunder Pharm;$ 938;40%;$ 562.8
47072;naproxeno;NAPROXPHAR;500 mg comp.x 50;Wunder Pharm;$ 1684.85;40%;$ 1010.91
47587;orlistat;ORLIST;60 mg cáps.x 30;Wunder Pharm;$ 1600;50%;$ 800
47588;orlistat;ORLIST;60 mg cáps.x 60;Wunder Pharm;$ 3200;50%;$ 1600
47911;sodio,picosulfato;LAXAGAR;gts.x 15 ml;Wunder Pharm;$ 310;50%;$ 155
